QUEST_LV_0500_20190513_000001	如果必須有人去做這件事，我希望是別人。{nl}為什麼偏偏要讓我做這種事呢？	누군가는 해야 할 일이면 다른 사람이 했으면 좋겠어요.{nl}왜 저한태 이런 걸 시키는 걸까요.				케도라 상단원 이네타
QUEST_LV_0500_20190513_000002	怪物和魔族氾濫…{nl}至少不用擔心遇到強盜了。{nl}只要能活著回去的話。	몬스터와 마족들이 득실거리니..{nl}적어도 강도를 만날 걱정은 안 해도 되겠어.{nl}살아서 돌아갈 수 있다면 말이지.				케도라 상단원 타다스
QUEST_LV_0500_20190513_000003	花好幾天偵查，又要花好幾天回報！{nl}這樣事情什麼時候才會做完啊？	정찰하는 데 며칠, 보고하는 데 또 며칠!{nl}이러면 일은 언제 끝낼 생각인 거지?				바바리안 볼케
QUEST_LV_0500_20190513_000004	我是來協助塔達斯的。{nl}不是來收拾波爾凱闖的禍。	전 타다스님을 도우러 온 것이지.{nl}볼케님이 사고 치는 걸 처리하러 온 게 아닙니다.				케도라 상단원 니르기
QUEST_LV_0500_20190513_000005	我騙過了卡魯塔斯，沒有讓他搶走神樹的種子。{nl}如果解開這束縛，就可以借助種子的力量恢復力量。	카르타스의 눈을 속여 신수의 씨앗을 빼앗기지 않았어요.{nl}이 속박을 풀어낸다면 씨앗의 능력으로 힘을 다시 회복할 수 있을 거예요.				여신 메데이나
QUEST_LV_0500_20190513_000006	卡魯塔斯在這片森林設下結界追趕我的原因是什麼呢…{nl}難道他真的知道這顆種子的存在嗎？	카르타스가 이 숲에 거대한 결계를 펼치면서까지 저를 쫓는 이유가 무엇일까요..{nl}정말 이 씨앗의 존재를 알고 있는 걸까요?				여신 메데이나
QUEST_LV_0500_20190513_000007	我一調養好身體，就要馬上去找奈凌卡。{nl}奈凌卡一定知道從卡魯塔斯手中拯救梅德依那女神的方法的。	저는 몸을 추스리는대로 네링가님을 찾아가 보려 해요.{nl}네링가님이라면 분명 카르타스로부터 메데이나님을 구할 방법을 알고 계실 거에요.				큐폴 아스트라
QUEST_LV_0500_20190513_000008	啊，啟示者！這片森林被設下了邪惡的結界，進來的話很危險的！{nl}請快離開吧！	아! 계시자님! 이 숲에는 사악한 결계가 펼쳐져 있어서 들어오시면 위험해요!{nl}어서 벗어나세요!				큐폴 아스트라
QUEST_LV_0500_20190513_000009	由於卡魯塔斯在這一帶的森林設下了結界，以目前梅迪安娜的力量是無法離開這裡的。{nl}梅迪安娜女神需要快點恢復氣力才行啊…	카르타스가 숲 일대에 펼친 결계 때문에 지금 메데이나님의 힘으로는 이곳을 벗어날 수 없어요.{nl}메데이나님이 어서 기운을 차리시고 회복하셔야 할 텐데..				큐폴 일로나
QUEST_LV_0500_20190513_000010	如果卡魯塔斯發現這裡就完蛋了。{nl}啟示者，請你幫助梅德依那女神恢復過來吧。	카르타스가 이곳을 발견하면 큰일이에요.{nl}메데이나님이 회복할 수 있도록 계시자님께서 도와주세요.				큐폴 일로나
QUEST_LV_0500_20190513_000011	雖然陷入了束縛的結界裡…還好依羅娜平安無事。{nl}啟示者，請你找找有沒有解除結界的方法。	속박의 결계에 걸리긴 했지만.. 그래도 일로나가 무사해서 다행이에요.{nl}계시자님. 결계를 해제할만한 방법이 있을지 찾아봐 주세요.				큐폴 율리아
QUEST_LV_0500_20190513_000012	快和依羅娜一起去找梅德依那女神吧。	어서 일로나와 함께 메데이나님을 찾으러 가 봐요.				큐폴 율리아
QUEST_LV_0500_20190513_000013	梅德依那女神的蹤跡到這邊就斷了，去別院裡面看看怎麼樣？	메데이나님의 흔적이 이 앞에서 끊겼으니 이 안뜰 안쪽을 확인해보는 게 어떨까요?				큐폴 율리아
QUEST_LV_0500_20190513_000014	梅德依那女神平安無事，真是太好了！{nl}必須破壞對女神設下的魔界移動法陣才行…	메데이나님이 무사하셔서 다행이에요!{nl}그보다 메데이나님에게 펼쳐진 마계 이동 마법진을 파훼해야 할텐데..				큐폴 율리아
QUEST_LV_0500_20190513_000015	啟示者！請清除對梅德依那女神設下的魔界移動法陣。{nl}卡魯塔斯現在不在，是個好機會。	계시자님! 메데이나님에게 펼쳐진 마계 이동 마법진을 없애주세요.{nl}카르타스가 없는 지금이 기회에요.				큐폴 일로나
QUEST_LV_0500_20190513_000016	多虧了啟示者才能解開梅德依那女神的結界呢。{nl}現在得趕緊離開這裡…	계시자님 덕분에 메데이나님이 결계를 풀어낼 수 있었네요.{nl}어서 이곳을 벗어나야 할 텐데..				큐폴 일로나
QUEST_LV_0500_20190513_000017	在輔助魔法陣中注入魔力，讓它超載很有效呢。	보조 마법진에 마력을 과부하 되게 주입하는 게 효과가 있었네요.				큐폴 율리아
QUEST_LV_0500_20190513_000018	啊…都是因為我們，梅德依那女神她…	아.. 저희 때문에 메데이나님이..				큐폴 율리아
QUEST_LV_0500_20190513_000019	梅德依那女神…	메데이나님..				큐폴 일로나
QUEST_LV_0500_20190513_000020	我來得太晚了…	제가 너무 늦었어요..				큐폴 아스트라
QUEST_LV_0500_20190513_000021	雖然梅德依那女神被卡魯塔斯抓走了…{nl}啟示者熱心幫助我們尋找梅德依那女神的事，我們會銘記在心的。	비록 메데이나님이 카르타스에게 붙잡혀 가셨지만..{nl}저희는 계시자님께서 메데이나님을 찾는 일에 적극적으로 도와주신 것을 기억하고 있어요.{nl}				큐폴 아스트라
QUEST_LV_0500_20200128_000022	等你準備好面對吉特涅時再來找我。{nl}	당신이 길티네에게 맞설 준비가 된다면 그때 저를 다시 찾아오십시오.{nl}				여신 라이마
QUEST_LV_0500_20200128_000023	完全沒料想到會在這裡碰見魔神羅迦娜和魔王巴以卡。	마신 라가나와 마왕 바이가를 여기서 마주칠 거라고는 전혀 예상하지 못했습니다.				여신 아우스테야
QUEST_LV_0500_20200128_000024	和巴以卡談話的時候最好要小心。	바이가와 이야기할 때는 조심하시는 게 좋겠어요.				여신 아우스테야
QUEST_LV_0500_20200128_000025	在你對付啟示者時，我會一個人在這裡找神樹的樹根。	일단은 계시자님이 바이가를 상대하는 동안 저 혼자서라도 이곳에서 신수의 뿌리를 찾아볼게요.				여신 아우스테야
QUEST_LV_0500_20200128_000026	還有，你要小心巴以卡。{nl}不能完全相信他。	그리고 바이가를 조심하세요.{nl}그를 온전히 믿어서는 안 됩니다.				여신 아우스테야
QUEST_LV_0500_20200128_000027	原來你平安無事。{nl}這一帶我都看過了…找不到神樹的樹根。	무사하셨군요.{nl}이 지역을 모두 확인해 봤지만.. 신수의 뿌리는 찾을 수 없었어요.				여신 아우스테야
QUEST_LV_0500_20200128_000028	梅德依那的情況非常危急。{nl}無法想像她這段時間因為卡魯塔斯受到了多大的折磨。	메데이나님의 상태가 많이 위독해요.{nl}그동안 카르타스에게 얼마나 끔찍한 고통을 받았는지 감히 상상도 할 수 없을 것 같아요.				큐폴
QUEST_LV_0500_20200128_000029	絕對無法原諒卡魯塔斯…{nl}一定要讓他得到淒慘的下場。	카르타스를 절대 용서할 수 없어요..{nl}그는 반드시 비참한 최후를 맞이하게 될 겁니다.				큐폴
QUEST_LV_0500_20200128_000030	消滅努卡戰士、努歐暗殺者	누카 전사, 누오 암살자 처치				
QUEST_LV_0500_20200128_000031	由於柯拉佩達委託所傳達員蘭達的委託。{nl}必須在特比勒圖瑪斯要塞消滅努卡戰士、努歐暗殺者。	클라페다 의뢰소의 접수원 람다의 의뢰로{nl}트비르투마스 요새에서 누카 전사, 누오 암살자 처치를 수행해야 합니다.				
QUEST_LV_0500_20200128_000032	消滅艾可拉斯沛達爾戰士	아클라스 페탈 전사 처치				
QUEST_LV_0500_20200128_000033	由於柯拉佩達委託所傳達員蘭達的委託。{nl}必須在特比勒圖瑪斯要塞消滅艾可拉斯沛達爾戰士。	클라페다 의뢰소의 접수원 람다의 의뢰로{nl}트비르투마스 요새에서 아클라스 페탈 전사 처치를 수행해야 합니다.				
QUEST_LV_0500_20200128_000034	消滅生靈盔甲	리빙 아머 처치				
QUEST_LV_0500_20200128_000035	由於柯拉佩達委託所傳達員蘭達的委託。{nl}必須在特比勒圖瑪斯要塞消滅生靈盔甲。	클라페다 의뢰소의 접수원 람다의 의뢰로{nl}트비르투마스 요새에서 리빙 아머 처치를 수행해야 합니다.				
QUEST_LV_0500_20200128_000036	消滅伊嘉蘭卡	일가란카 처치				
QUEST_LV_0500_20200128_000037	由於柯拉佩達委託所傳達員蘭達的委託。{nl}必須在特比勒圖瑪斯要塞消滅伊嘉蘭卡。	클라페다 의뢰소의 접수원 람다의 의뢰로{nl}트비르투마스 요새에서 일가란카 처치를 수행해야 합니다.				
QUEST_LV_0500_20200128_000038	消滅普洛格斯哥布林騎士、內克	블로거즈 고블린 라이더, 넥코 처치				
QUEST_LV_0500_20200128_000039	由於柯拉佩達委託所傳達員蘭達的委託。{nl}必須在斯卡爾達外城消滅普洛格斯哥布林騎士、內克。	클라페다 의뢰소의 접수원 람다의 의뢰로{nl}스칼다 외곽에서 블로거즈 고블린 라이더, 넥코 처치를 수행해야 합니다.				
QUEST_LV_0500_20200128_000040	消滅灰狼	그레이 울프 처치				
QUEST_LV_0500_20200128_000041	由於柯拉佩達委託所傳達員蘭達的委託。{nl}必須在斯卡爾達外城消滅灰狼。	클라페다 의뢰소의 접수원 람다의 의뢰로{nl}스칼다 외곽에서 그레이 울프 처치를 수행해야 합니다.				
QUEST_LV_0500_20200128_000042	消滅普洛格斯哥布林弓箭手	블로거즈 고블린 궁수 처치				
QUEST_LV_0500_20200128_000043	由於柯拉佩達委託所傳達員蘭達的委託。{nl}必須在斯卡爾達外城消滅普洛格斯哥布林弓箭手。	클라페다 의뢰소의 접수원 람다의 의뢰로{nl}스칼다 외곽에서 블로거즈 고블린 궁수 처치를 수행해야 합니다.				
QUEST_LV_0500_20200128_000044	消滅灰狼首領	그레이 울프 치프 처치				
QUEST_LV_0500_20200128_000045	由於柯拉佩達委託所傳達員蘭達的委託。{nl}必須在斯卡爾達外城消滅灰狼首領。	클라페다 의뢰소의 접수원 람다의 의뢰로{nl}스칼다 외곽에서 그레이 울프 치프 처치를 수행해야 합니다.				
QUEST_LV_0500_20200128_000046	消滅半獸人殺手	오크 살수병 처치				
QUEST_LV_0500_20200128_000047	由於柯拉佩達委託所傳達員蘭達的委託。{nl}必須在林克斯瑪斯廢墟消滅半獸人殺手。	클라페다 의뢰소의 접수원 람다의 의뢰로{nl}링크스마스 폐허에서 오크 살수병 처치를 수행해야 합니다.				
QUEST_LV_0500_20200128_000048	消滅半獸人咒術師	오크 주술사 처치				
QUEST_LV_0500_20200128_000049	由於柯拉佩達委託所傳達員蘭達的委託。{nl}必須在林克斯瑪斯廢墟消滅半獸人咒術師。	클라페다 의뢰소의 접수원 람다의 의뢰로{nl}링크스마스 폐허에서 오크 주술사 처치를 수행해야 합니다.				
QUEST_LV_0500_20200128_000050	消滅半獸人盾兵	오크 방패병 처치				
QUEST_LV_0500_20200128_000051	由於柯拉佩達委託所傳達員蘭達的委託。{nl}必須在林克斯瑪斯廢墟消滅半獸人盾兵。	클라페다 의뢰소의 접수원 람다의 의뢰로{nl}링크스마스 폐허에서 오크 방패병 처치를 수행해야 합니다.				
QUEST_LV_0500_20200128_000052	消滅半獸人隊長	오크 리더 처치				
QUEST_LV_0500_20200128_000053	由於柯拉佩達委託所傳達員蘭達的委託。{nl}必須在林克斯瑪斯廢墟消滅半獸人隊長。	클라페다 의뢰소의 접수원 람다의 의뢰로{nl}링크스마스 폐허에서 오크 리더 처치를 수행해야 합니다.				
QUEST_LV_0500_20200128_000054	消滅林克斯瑪斯廢墟的怪物	링크스마스 폐허의 몬스터 처치				
QUEST_LV_0500_20200128_000055	由於柯拉佩達委託所傳達員蘭達的委託。{nl}必須在林克斯瑪斯廢墟消滅足夠數量的怪物。	클라페다 의뢰소의 접수원 람다의 의뢰로{nl}링크스마스 폐허에서 충분한 수의 몬스터 처치를 수행해야 합니다.				
QUEST_LV_0500_20200128_000056	消滅半獸人重炮手	오크 캐논병 처치				
QUEST_LV_0500_20200128_000057	由於柯拉佩達委託所傳達員蘭達的委託。{nl}必須在終結之路消滅 半獸人重炮手。	클라페다 의뢰소의 접수원 람다의 의뢰로{nl}종언의 길에서 오크 캐논병 처치를 수행해야 합니다.				
QUEST_LV_0500_20200128_000058	消滅半獸人旗幟兵	오크 깃발병 처치				
QUEST_LV_0500_20200128_000059	由於柯拉佩達委託所傳達員蘭達的委託。{nl}必須在終結之路消滅 半獸人旗幟兵。	클라페다 의뢰소의 접수원 람다의 의뢰로{nl}종언의 길에서 오크 깃발병 처치를 수행해야 합니다.				
QUEST_LV_0500_20200128_000060	消滅半獸人首領	오크 대장 처치				
QUEST_LV_0500_20200128_000061	由於柯拉佩達委託所傳達員蘭達的委託。{nl}必須在終結之路消滅半獸人首領。	클라페다 의뢰소의 접수원 람다의 의뢰로{nl}종언의 길에서 오크 대장 처치를 수행해야 합니다.				
QUEST_LV_0500_20200128_000062	消滅終結之路的怪物	종언의 길의 몬스터 처치				
QUEST_LV_0500_20200128_000063	由於柯拉佩達委託所傳達員蘭達的委託。{nl}必須在終結之路消滅足夠數量的怪物。	클라페다 의뢰소의 접수원 람다의 의뢰로{nl}종언의 길에서 충분한 수의 몬스터 처치를 수행해야 합니다.				
QUEST_LV_0500_20200128_000064	由於柯拉佩達委託所傳達員蘭達的委託，必須在特比勒圖瑪斯要塞消滅努卡戰士、努歐暗殺者。	클라페다 의뢰소의 접수원 람다의 의뢰로 트비르투마스 요새에서 누카 전사, 누오 암살자 처치를 수행해야 합니다.				
QUEST_LV_0500_20200128_000065	由於柯拉佩達委託所傳達員蘭達的委託，必須在特比勒圖瑪斯要塞消滅艾可拉斯沛達爾戰士。	클라페다 의뢰소의 접수원 람다의 의뢰로 트비르투마스 요새에서 아클라스 페탈 전사 처치를 수행해야 합니다.				
QUEST_LV_0500_20200128_000066	由於柯拉佩達委託所傳達員蘭達的委託，必須在特比勒圖瑪斯要塞消滅生靈盔甲。	클라페다 의뢰소의 접수원 람다의 의뢰로 트비르투마스 요새에서 리빙 아머 처치를 수행해야 합니다.				
QUEST_LV_0500_20200128_000067	由於柯拉佩達委託所傳達員蘭達的委託，必須在特比勒圖瑪斯要塞消滅伊嘉蘭卡。	클라페다 의뢰소의 접수원 람다의 의뢰로 트비르투마스 요새에서 일가란카 처치를 수행해야 합니다.				
QUEST_LV_0500_20200128_000068	由於柯拉佩達委託所傳達員蘭達的委託，必須在斯卡爾達外城消滅普洛格斯哥布林騎士、內克。	클라페다 의뢰소의 접수원 람다의 의뢰로 스칼다 외곽에서 블로거즈 고블린 라이더, 넥코 처치를 수행해야 합니다.				
QUEST_LV_0500_20200128_000069	由於柯拉佩達委託所傳達員蘭達的委託，必須在斯卡爾達外城消滅灰狼。	클라페다 의뢰소의 접수원 람다의 의뢰로 스칼다 외곽에서 그레이 울프 처치를 수행해야 합니다.				
QUEST_LV_0500_20200128_000070	由於柯拉佩達委託所傳達員蘭達的委託，必須在斯卡爾達外城消滅普洛格斯哥布林弓箭手。	클라페다 의뢰소의 접수원 람다의 의뢰로 스칼다 외곽에서 블로거즈 고블린 궁수 처치를 수행해야 합니다.				
QUEST_LV_0500_20200128_000071	由於柯拉佩達委託所傳達員蘭達的委託，必須在斯卡爾達外城消滅灰狼首領。	클라페다 의뢰소의 접수원 람다의 의뢰로 스칼다 외곽에서 그레이 울프 치프 처치를 수행해야 합니다.				
QUEST_LV_0500_20200128_000072	由於柯拉佩達委託所傳達員蘭達的委託，必須在林克斯瑪斯廢墟消滅半獸人殺手。	클라페다 의뢰소의 접수원 람다의 의뢰로 링크스마스 폐허에서 오크 살수병 처치를 수행해야 합니다.				
QUEST_LV_0500_20200128_000073	由於柯拉佩達委託所傳達員蘭達的委託，必須在林克斯瑪斯廢墟消滅半獸人咒術師。	클라페다 의뢰소의 접수원 람다의 의뢰로 링크스마스 폐허에서 오크 주술사 처치를 수행해야 합니다.				
QUEST_LV_0500_20200128_000074	由於柯拉佩達委託所傳達員蘭達的委託，必須在林克斯瑪斯廢墟消滅半獸人盾兵。	클라페다 의뢰소의 접수원 람다의 의뢰로 링크스마스 폐허에서 오크 방패병 처치를 수행해야 합니다.				
QUEST_LV_0500_20200128_000075	由於柯拉佩達委託所傳達員蘭達的委託，必須在林克斯瑪斯廢墟消滅半獸人隊長。	클라페다 의뢰소의 접수원 람다의 의뢰로 링크스마스 폐허에서 오크 리더 처치를 수행해야 합니다.				
QUEST_LV_0500_20200128_000076	由於柯拉佩達委託所傳達員蘭達的委託，必須在林克斯瑪斯廢墟消滅足夠數量的怪物。	클라페다 의뢰소의 접수원 람다의 의뢰로 링크스마스 폐허에서 충분한 수의 몬스터 처치를 수행해야 합니다.				
QUEST_LV_0500_20200128_000077	由於柯拉佩達委託所傳達員蘭達的委託，必須在終結之路消滅半獸人重炮手。	클라페다 의뢰소의 접수원 람다의 의뢰로 종언의 길에서 오크 캐논병 처치를 수행해야 합니다.				
QUEST_LV_0500_20200128_000078	由於柯拉佩達委託所傳達員蘭達的委託，必須在終結之路消滅半獸人旗幟兵。	클라페다 의뢰소의 접수원 람다의 의뢰로 종언의 길에서 오크 깃발병 처치를 수행해야 합니다.				
QUEST_LV_0500_20200128_000079	由於柯拉佩達委託所傳達員蘭達的委託，必須在終結之路消滅半獸人首領。	클라페다 의뢰소의 접수원 람다의 의뢰로 종언의 길에서 오크 대장 처치를 수행해야 합니다.				
QUEST_LV_0500_20200128_000080	由於柯拉佩達委託所傳達員蘭達的委託，必須在終結之路消滅足夠數量的怪物。	클라페다 의뢰소의 접수원 람다의 의뢰로 종언의 길에서 충분한 수의 몬스터 처치를 수행해야 합니다.				
QUEST_LV_0500_20200324_000081	等一下，你是啟示者嗎?	잠시만요, 혹시 계시자인가요?				세이지 파견원
QUEST_LV_0500_20200324_000082	大事不好了。{nl}神樹之日以後，次元經常出現破壞的現象。{nl}	큰일입니다.{nl}신수의 날 이후로 종종 차원이 붕괴하는 현상이 나타나고 있어요.{nl}				세이지 파견원
QUEST_LV_0500_20200324_000083	不僅如此，附近的怪物們正加速著崩壞。{nl}如不阻止這一切，次元崩壞會蔓延至大陸全區域的。{nl}靠我一個人要阻止這件事情實在太困難了，所以我正請求啟示者們的協助。{nl}拜託你了。	더군다나 근처의 몬스터들이 붕괴를 가속하고 있죠.{nl}막지 않으면 차원 붕괴가 대륙 전역으로 번질 거예요.{nl}저 혼자서는 벅찬일이라 계시자들에게 도움을 구하고 있습니다.{nl}이렇게 부탁드립니다.				세이지 파견원
QUEST_LV_0500_20200324_000084	請勿被捲進次元崩壞裡而喪失性命。{nl}如尚未準備妥當，請勿前往靠近。	차원 붕괴에 휘말려 아까운 목숨을 잃지 않도록 주의하세요.{nl}준비가 충분하지 않으면 가까이 가지 않는 게 좋습니다.				세이지 파견원
QUEST_LV_0500_20200324_000085	阻止次元崩壞	차원 붕괴 저지				
QUEST_LV_0500_20200324_000086	表示是啟示者	계시자가 맞다고 한다.				
QUEST_LV_0500_20200324_000087	表示非啟示者	계시자가 아니라고 한다.				
QUEST_LV_0500_20200324_000088	與賢者派遣員對話。	세이지 파견원과 대화하기.				
QUEST_LV_0500_20200324_000089	位於廢都的賢者派遣員正在分發某個東西給啟示者們，請去與賢者派遣員對話。	폐도에 위치한 세이지 파견원이 계시자들에게 무언가를 지급하고 있습니다. 세이지 파견원과 대화하세요.				
QUEST_LV_0500_20200723_000090	我們在這裡調查最近發生的寒流現象。{nl}	저희는 여기서 최근에 일어난 한파 현상에 대해 조사하고 있습니다.{nl}				크루세이더 마스터
QUEST_LV_0500_20200723_000091	經過三次的調查，終於知道絕壁下方的魔族就是造成寒流的原因。{nl}	세 차례에 걸친 조사로 이 절벽 아래에 있는 마족이 한파의 원인이라는 건 알아냈습니다.{nl}				크루세이더 마스터
QUEST_LV_0500_20200723_000092	魔族的名字是...{nl}	마족의 이름은..{nl}				크루세이더 마스터
QUEST_LV_0500_20200723_000093	格萊伊希歐。{nl}	글레이시어.{nl}				크루세이더 마스터
QUEST_LV_0500_20200723_000094	是一個叫格萊伊希歐的魔族。{nl}而且我們還發現到在特殊裝置上漂浮的黑色水晶。{nl}雖然不確定其來歷，但卻濃縮著強大的魔力。{nl}	글레이시어라고 하는 마족입니다.{nl}그리고 특별한 장치 위에 떠 있는 검은 수정도 발견했습니다.{nl}정체가 확실하지는 않지만, 강한 마력을 응축하고 있었습니다.{nl}				크루세이더 마스터
QUEST_LV_0500_20200723_000095	幾次曾試圖討伐格萊伊希歐，但都沒有突破寒流和魔族的攻勢。{nl}	몇 차례 글레이시어 토벌을 시도했지만, 한파와 마족의 공세를 뚫는 데 실패했습니다.{nl}				크루세이더 마스터
QUEST_LV_0500_20200723_000096	有聽說過啟示者們的活躍表現。{nl}請幫助我們消滅格萊伊希歐。	계시자들의 활약상은 들었습니다.{nl}글레이시어  처치를 도와주십시오.				크루세이더 마스터
QUEST_LV_0500_20200723_000097	那麼，請做好前往絕壁下方的準備後再見面吧。	그럼, 절벽 아래로 내려갈 준비를 마친 후 다시 뵙겠습니다.				크루세이더 마스터
QUEST_LV_0500_20200723_000098	前往絕壁下方後，很難再請求支援。{nl}而且要突破格萊伊希歐所掀起的寒流，應該也很困難。{nl}	절벽 아래로 내려간다면, 추가 지원을 요청하기는 힘들 겁니다.{nl}글레이시어가 일으키고 있는 한파를 버젓이 뚫고 가기도 쉽지 않을 겁니다.{nl}				크루세이더 마스터
QUEST_LV_0500_20200723_000099	我們可以助你在此搭乘鐵籠車，安全抵達絕壁下方。{nl}	저희는 여기서 계시자님이 철창을 타고 절벽 아래로 무사히 내려갈 수 있도록 돕겠습니다.{nl}				크루세이더 마스터
QUEST_LV_0500_20200723_000100	格萊伊希歐就拜託你了。	글레이시어를 잘 부탁합니다.				크루세이더 마스터
QUEST_LV_0500_20200723_000101	啟示者。{nl}能給我一點時間嗎？{nl}	계시자님.{nl}잠시 시간 좀 내주시겠습니까?{nl}				크루세이더 파견원
QUEST_LV_0500_20200723_000102	上次在調查絕壁下方時發現了幾個問題。{nl}其中，這紅色液體...{nl}在那寒冷當中竟然沒有結凍，只有結一層薄冰而已。{nl}	지난 번, 절벽 아래를 조사하는 중에 몇 가지를 발견한 게 있습니다.{nl}그중 이 붉은 액체..{nl}그 추위 속에서 얼지 않고 살얼음만 띄고 있더군요.{nl}				크루세이더 파견원
QUEST_LV_0500_20200723_000103	覺得有點可疑，所以採集了一些。{nl}如果有人可以委託分析的話，就交給啟示者你了。	아무래도 심상치 않아 채취했습니다.{nl}혹시 분석을 맡길 만한 사람이 있다면 계시자님께 맡기겠습니다.				크루세이더 파견원
QUEST_LV_0500_20200723_000104	謝謝。{nl}分析完畢後，請再來找我。	감사합니다.{nl}분석이 완료되면 다시 저를 찾아와 주세요.				크루세이더 파견원
QUEST_LV_0500_20200723_000105	你是說分析溶液嗎？{nl}雖然不是什麼難事，但有股不祥的感覺。{nl}	용액을 분석해 달라는 말씀이신가요?{nl}어려운 일은 아니지만, 불길한 짐작이 드는군요.{nl}				플레이그 닥터 마스터
QUEST_LV_0500_20200723_000106	為了準確的分析，我需要植物。{nl}附近不管什麼都可以，能幫我找一個嗎？{nl}這麼說來，正好離這裡不遠的地方有個長長的植物，就幫我找那個吧。	확실히 하기 위해서는 식물이 필요합니다.{nl}근처에서 어떤 것이든 상관없으니 하나만 구해주시겠습니까?{nl}그러고 보니 마침, 여기서 멀지 않은 쪽에 길게 자란 식물이 있으니 그게 좋겠네요.				플레이그 닥터 마스터
QUEST_LV_0500_20200723_000107	分析完畢後，請再來找我。	분석이 완료되면 다시 저를 찾아와 주세요.				크루세이더 파견원
QUEST_LV_0500_20200723_000108	這是...nl}	이건..{nl}				플레이그 닥터 마스터
QUEST_LV_0500_20200723_000109	看來這應該是克魯比那。{nl}我曾經有聽說過。{nl}雖然是液體的形態…我還是第一次實際看到克魯比那。{nl}	아무래도 크루비나인 것 같군요.{nl}소문으로 들은 적이 있습니다.{nl}액체의 형태이지만.. 실제로 보는 건 처음이군요.{nl}				플레이그 닥터 마스터
QUEST_LV_0500_20200723_000110	只是這裡混雜著更多的血液。{nl}看來…應該是本來在某個人的身體裡，然後隨著血液一起吐出來的。{nl}	다만, 여기에는 피가 더 많이 섞여 있습니다.{nl}아무래도.. 누군가의 몸에 있다가 피와 함께 토해낸 거로 생각합니다.{nl}				플레이그 닥터 마스터
QUEST_LV_0500_20200723_000111	比如說….那位叫格萊伊希歐的魔族。{nl}	이를테면.. 말씀하신 글레이시어라는 마족이겠네요.{nl}				플레이그 닥터 마스터
QUEST_LV_0500_20200723_000112	這是不吉利的徵兆啊。	안 좋은 징조입니다.				플레이그 닥터 마스터
QUEST_LV_0500_20200723_000113	希望你能抱著負責任的態度去調查這件事情。{nl}如果是這種東西，不可能只有平凡的魔族會想要擁有它。	이번 일에 대해서 책임을 갖고 조사해주시기를 부탁드립니다.{nl}이런 물건이라면 평범한 마족 정도만 탐낼 물건이 아닐 겁니다.				플레이그 닥터 마스터
QUEST_LV_0500_20200723_000114	你回來啦?{nl}	오셨습니까?{nl}				크루세이더 파견원
QUEST_LV_0500_20200723_000115	知道了。{nl}有關溶液的處理和調查就交給我們來負責。{nl}非常感謝你的幫忙。	알겠습니다.{nl}이 용액에 대한 처리와 조사는 저희가 맡겠습니다.{nl}도와주셔서 정말 감사합니다.				크루세이더 파견원
QUEST_LV_0500_20200723_000116	啟示者。{nl}聽說在史圖卡斯高原野營地駐紮的士兵當中，有目擊到可疑女人的消息。	계시자님.{nl}스토가스 고원의 야영지에 주둔한 병사 중에서 의문의 여인에 대한 목격담을 이야기했다는 소식을 들었습니다.				크루세이더 파견원
QUEST_LV_0500_20200723_000117	我收到了待在原地的命令。{nl}因為這是沒有對大師報告的調查，所以我也很難去行動。{nl}你可以代替我去看看野營地的士兵嗎？	저는 현 위치를 유지하라는 명령을 받았습니다.{nl}아무래도 마스터님에게는 보고하지 않은 조사라 제가 움직이기는 힘들 것 같습니다.{nl}저를 대신해 야영지의 병사들을 만나봐 주실 수 있으실까요?				크루세이더 파견원
QUEST_LV_0500_20200723_000118	非常感謝你的幫忙。{nl}去找位於野營地的史圖卡斯分隊長阿德斯，你做事情會比較輕鬆。	도와주셔서 정말 감사합니다.{nl}야영지에 있는 스토가스 분대장 아데스라는 사람을 찾아보시면 수고를 줄이실 수 있으실 겁니다.				크루세이더 파견원
QUEST_LV_0500_20200723_000119	你是聽到有關目擊到可疑女人而來的嗎？	의문의 여인에 대한 목격담을 듣고 오셨다고요?				스토가스 분대장 아데스
QUEST_LV_0500_20200723_000120	我記得非常清楚。{nl}奇怪的是，她哭著說希望有誰能幫助她，但卻無視了想要幫助她的我們。{nl}然後又自言自語地說都沒有人要幫助自己。{nl}感覺精神上好像有點問題。	분명히 기억하고 있어요.{nl}이상했던 게, 누구든지 자신을 도와달라며 울면서도 도와주려는 저희를 무시하는 듯했었죠.{nl}그러면서 아무도 자신을 돕지 않는다며 중얼거리기도 했습니다.{nl}제정신 같지가 않았어요.				스토가스 분대장 아데스
QUEST_LV_0500_20200723_000121	很難理解的話，你可以問看看高原士兵莫提爾。{nl}發現那個女人的就是莫提爾。	이해하기 힘드시다면, 고원병사 모티머에게 물어보시면 됩니다.{nl}그 여인을 발견했던 게 바로 모티머였습니다.				스토가스 분대장 아데스
QUEST_LV_0500_20200723_000122	去找位於野營地的史圖卡斯分隊長阿德斯，你做事情會比較容易。	야영지에 있는 스토가스 분대장 아데스라는 사람을 찾아보시면 수고를 줄이실 수 있으실 겁니다.				크루세이더 파견원
QUEST_LV_0500_20200723_000123	有什麼事情嗎？	무슨 일이시죠?				고원병사 모티머
QUEST_LV_0500_20200723_000124	有關女人的話，你可以問看看高原士兵莫提爾。{nl}發現那個女人的就是莫提爾。	여인에 대해서라면 고원병사 모티머에게 물어보시면 됩니다.{nl}그 여인을 발견했던 게 바로 모티머였습니다.				스토가스 분대장 아데스
QUEST_LV_0500_20200723_000125	你是在問那個女人阿。	여인에 대해서 여쭤보시는 거군요.				고원병사 모티머
QUEST_LV_0500_20200723_000126	啊！但是現在有點困難。{nl}因為有需要盡快處理的事情。{nl}在我解決事情的期間，你先去前往凱馬空地的路口看看。{nl}第一次發現那女人的地方就是在那附近。	아, 하지만 지금은 곤란합니다.{nl}서둘러 처리할 일이 있어서요.{nl}제가 일을 마무리하는 동안 게히마 공터로 가는 길목을 살펴보시는 게 좋을 겁니다.{nl}그 여인을 처음 발견했던 게 그 근처였습니다.				고원병사 모티머
QUEST_LV_0500_20200723_000127	那麼，我會盡快把事情處理好，請你先去調查凱馬空地的路口。	그럼, 서둘러 일을 마무리할 테니 게히마 공터의 길목을 먼저 조사해 보십시오.				고원병사 모티머
QUEST_LV_0500_20200723_000128	我會盡快把事情處理好，請你先去調查凱馬空地的路口。	저는 서둘러 일을 마무리할 테니 게히마 공터의 길목을 먼저 조사해 보십시오.				고원병사 모티머
QUEST_LV_0500_20200723_000129	我正找啟示者你呢。	마침 계시자님을 찾던 중이었습니다.				고원병사 모티머
QUEST_LV_0500_20200723_000130	那腳鐐是...{nl}是那個女人腳腕上的腳鐐吧。	그 족쇄는..{nl}그 여인의 발목에 채워져 있던 족쇄군요.				고원병사 모티머
QUEST_LV_0500_20200723_000131	那個女人好像是根本看不到我們，也聽不見我們的聲音，只是凝視著空中尋求救助。{nl}本來我想盡一切辦法地去幫助她，但卻無法做到。{nl}然後女人自言自語地說都沒有人要幫助自己，朝著阿爾莫第2勞役地的方向走去。	그 여인은 마치 저희가 전혀 보이지도 들리지도 않는 것처럼 허공을 응시하며 도와달라고만 했습니다.{nl}제가 어떻게든 도우려고 했지만, 그럴 수도 없을 지경이었죠.{nl}여인은 아무도 자신을 돕지 않는다며 중얼거리면서 알몰 제2 노역장 방향으로 갔습니다.				고원병사 모티머
QUEST_LV_0500_20200723_000132	在這樣的地形下，看起來很難生存下去。{nl}這麼說來，凝視著空中的眼睛是有點奇怪。{nl}好像是...沒有黑眼球。{nl}因為走路看起來很吃力，我能做到的只有幫助她斷開腳鐐而已。	이런 지형에서 살아남기도 힘들어 보이는 상태였죠.{nl}그러고 보니 허공을 응시하고 있던 눈동자가 이상했습니다.{nl}검은자가.. 없었던 것 같습니다.{nl}걷는 것이 힘들어 보여 족쇄를 끊어 주는 것만이 제가 할 수 있는 전부였습니다.				고원병사 모티머
QUEST_LV_0500_20200723_000133	你來了啊。{nl}在野營地發現的有關目擊到可疑女人的消息，調查結束了嗎？	오셨군요.{nl}야영지에서 발견된 여인의 목격담에 대해 조사를 마치셨습니까?				크루세이더 파견원
QUEST_LV_0500_20200723_000134	原來是這樣啊。{nl}很有可能是到了這裡之後掉落到絕壁的下方。{nl}當然不可能安然無恙吧。	그렇게 된 것이군요.{nl}이곳까지 와서 절벽 아래로 떨어졌을 가능성이 높습니다.{nl}당연히 무사하진 못 했겠군요.				크루세이더 파견원
QUEST_LV_0500_20200723_000135	掉落的物品當中有沾到克魯比那溶液，也就是說那女人就是格萊伊希歐啊。	떨어져 있던 물품에 크루비나 용액이 묻어 있었다는 말은.. 그 여인이 곧, 글레이시어겠군요.				크루세이더 파견원
QUEST_LV_0500_20200723_000136	以啟示者你調查的內容和我們之前所調查的內容為基礎推測的話，格萊伊希歐應該是被更強大的力量給陷害了。{nl}看來一定有破壞她精神，使她魔族化的幕後兇手存在。	계시자님께서 조사해주신 내용과 저희가 그동안 조사한 내용을 토대로 추측해봤을 때, 글레이시어는 더 큰 존재에게 해를 입었을 것으로 생각됩니다.{nl}아무래도 그녀의 정신을 해치고 마족화시킨 배후가 있겠군요.				크루세이더 파견원
QUEST_LV_0500_20200723_000137	啟示者。{nl}現在是該下去絕壁的時候了。{nl}如果在白魔女森林中發現到任何東西，請務必要告訴我。	계시자님.{nl}이제는 저 절벽 아래로 내려가봐야 할 때인 것 같습니다.{nl}하얀 마녀의 숲에서 무엇이든지 발견하신다면 저에게 알려주시길 부탁드립니다.				크루세이더 파견원
QUEST_LV_0500_20200723_000138	格萊伊希歐掉落絕壁後，至今應該都還在那裡。{nl}如果在白魔女森林裡發現到任何東西，請務必要告訴我。	글레이시어는 절벽 아래로 떨어진 이후 지금에 이르렀을 겁니다.{nl}하얀 마녀의 숲에서 무엇이든지 발견하신다면, 저에게 알려주시길 부탁드립니다.				크루세이더 파견원
QUEST_LV_0500_20200723_000139	啟示者，現在…	계시자님 지금은..				크루세이더 파견원
QUEST_LV_0500_20200723_000140	請停下來。	멈춰주십시오.				크루세이더 마스터
QUEST_LV_0500_20200723_000141	啟示者。{nl}我有話要跟你說。	계시자님.{nl}드릴 말씀이 있습니다.				크루세이더 마스터
QUEST_LV_0500_20200723_000142	負責這裡指揮的就是我。{nl}請不要做出沒經過許可的調查活動。{nl}就算是啟示者，如果違反了王國的法律，也會處於不利的地位。	이곳의 지휘를 담당하고 있는 것은 바로 저입니다.{nl}허가되지 않은 조사 활동은 삼가 주십시오.{nl}아무리 계시자님이라고 하셔도, 왕국의 법을 어기신다면 불리한 입장에 처하시게 될 겁니다.				크루세이더 마스터
QUEST_LV_0500_20200723_000143	關於啟示者你全力協助調查的事情我真的非常的感謝。{nl}但是無論敵人是誰，只要是對神樹構成威脅的存在，都應該要嚴格懲辦。{nl}這就是身為東征十字軍的義務。	조사에 협조해주신 계시자님의 헌신에 대해서는 분명한 감사를 표하겠습니다.{nl}다만, 적이 누구든지 신수에 위협이 될 존재라면 마땅히 처단해야 합니다.{nl}크루세이더가 가진 의무는 그것뿐입니다.				크루세이더 마스터
QUEST_LV_0500_20200723_000144	以後請不要擅自進行調查。	앞으로는 독단적인 조사는 지양해주십시오.				크루세이더 마스터
QUEST_LV_0500_20200723_000145	我正對路巴斯克絕壁發生的寒流現象進行調查。{nl}但是因為人力不足而正面臨困難。{nl}如果可以的話，你願意幫助我嗎？	누바스크 절벽에서 발생하고 있는 이상 한파 현상에 대해 조사하고 있습니다.{nl}하지만, 인력이 부족한 탓에 어려움을 겪고 있습니다.{nl}괜찮으시다면 도와주실 수 있으십니까?				크루세이더 파견원
QUEST_LV_0500_20200723_000146	謝謝你。{nl}請前往路巴斯克絕壁吧。	감사합니다.{nl}누바스크 절벽으로 가시죠.				크루세이더 파견원
QUEST_LV_0500_20200723_000147	異常寒流是在路巴斯克絕壁發生的。	이상 한파는 누바스크 절벽에서 발생하고 있습니다.				크루세이더 파견원
QUEST_LV_0500_20200723_000148	謝謝你協助調查。{nl}如果收集到充分的證據，我打算帶回王國後準備對策。{nl}常常因為人手不足而煩惱啊…	조사를 도와주셔서 감사합니다.{nl}충분한 증거가 모이면 왕국에 가져가 대책을 마련할 생각입니다.{nl}항상 인력이 부족해서 고민이군요..				크루세이더 파견원
QUEST_LV_0500_20200723_000149	我無法幫忙。	도울 수 없다고 한다.				
QUEST_LV_0500_20200723_000150	白魔女和東征十字軍(1)	하얀 마녀와 크루세이더(1)				
QUEST_LV_0500_20200723_000151	我去去就回來。	다녀오겠다고 한다.				
QUEST_LV_0500_20200723_000152	我現在因為其他事情有點忙。	지금은 다른 일 때문에 바쁘다고 한다.				
QUEST_LV_0500_20200723_000153	白魔女和東征十字軍(2)	하얀 마녀와 크루세이더(2)				
QUEST_LV_0500_20200723_000154	我會盡全力的。	이번 일에 최선을 다하겠다고 한다.				
QUEST_LV_0500_20200723_000155	我想要放棄了。	이쯤에서 그만두고 싶다고 한다.				
QUEST_LV_0500_20200723_000156	白魔女和東征十字軍(3)	하얀 마녀와 크루세이더(3)				
QUEST_LV_0500_20200723_000157	我不想再管了。	더 관여하고 싶지 않다고 말한다.				
QUEST_LV_0500_20200723_000158	白魔女和東征十字軍(4)	하얀 마녀와 크루세이더(4)				
QUEST_LV_0500_20200723_000159	我沒興趣。	관심이 없다고 한다.				
QUEST_LV_0500_20200723_000160	白魔女和東征十字軍(5)	하얀 마녀와 크루세이더(5)				
QUEST_LV_0500_20200723_000161	報告調查結果。	조사 결과를 전한다.				
QUEST_LV_0500_20200723_000162	調查還沒有結束。	아직 조사가 끝나지 않았다고 한다.				
QUEST_LV_0500_20200723_000163	白魔女和東征十字軍(6)	하얀 마녀와 크루세이더(6)				
QUEST_LV_0500_20200723_000164	我現在還有其他事情。	지금은 다른 일이 있다고 한다.				
QUEST_LV_0500_20200723_000165	白魔女和東征十字軍(7)	하얀 마녀와 크루세이더(7)				
QUEST_LV_0500_20200723_000166	給他看信件。	편지를 보여준다.				
QUEST_LV_0500_20200723_000167	裝傻。	시치미를 뗀다.				
QUEST_LV_0500_20200723_000168	史圖卡斯高原的異常寒流	스토가스 고원의 이상 한파				
QUEST_LV_0500_20200723_000169	協助調查。	조사에 도움을 준다.				
QUEST_LV_0500_20200723_000170	不協助調查。	조사를 돕지 않는다.				
QUEST_LV_0500_20200723_000171	與東征十字軍大師對話	크루세이더 마스터와 대화하기				
QUEST_LV_0500_20200723_000172	在史圖卡斯高原地帶，負責調查任務的東征十字軍大師正尋求啟示者們的幫助。{nl}請前往尋找史圖卡斯高原的東征十字軍大師約皮亞艾列諾拉，問看看有什麼事情。	스토가스 고원 지대에서 조사 임무를 맡던 크루세이더 마스터가 계시자들에게 도움을 요청하고 있습니다.{nl}스토가스 고원의 크루세이더 마스터 조피아 엘레노라를 찾아가 이야기를 들어보세요.				
QUEST_LV_0500_20200723_000173	準備就緒後，回去找東征十字軍大師	준비를 마치고 크루세이더 마스터에게 돌아가기				
QUEST_LV_0500_20200723_000174	為了消滅絕壁下方的格萊伊希歐，約皮亞向啟示者們請求了幫助。{nl}做好前往絕壁下方準備的話，就回去找約皮亞談談吧。	조피아는 절벽 아래에 있는 글레이시어를 처치하기 위해 계시자들에게 도움을 요청했다고 합니다.{nl}절벽 아래로 내려 갈 준비를 마쳤다면 조피아에게 돌아가 이야기하세요.				
QUEST_LV_0500_20200723_000175	白魔女和東征十字軍	하얀 마녀와 크루세이더				
QUEST_LV_0500_20200723_000176	與東征十字軍派遣員對話。	크루세이더 파견원과 대화하기.				
QUEST_LV_0500_20200723_000177	東征十字軍派遣員好像有話要對你說。{nl}請與東征十字軍派遣員交談吧。	크루세이더 파견원이 당신에게 할 말이 있는 듯 합니다.{nl}크루세이더 파견원과 이야기를 나눠 보세요.				
QUEST_LV_0500_20200723_000178	採集植物。	식물을 채집하기.				
QUEST_LV_0500_20200723_000179	東征十字軍派遣員交給我們調查在白魔女森林探索時所發現的東西。{nl}請去找瘟疫醫師大師委託分析結薄冰的紅色液體。	크루세이더 파견원은 하얀 마녀의 숲을 탐사 중 발견한 물건에 대해 조사를 맡겼습니다.{nl}플레이그 닥터 마스터에게 찾아가 살얼음 띈 붉은 액체의 분석을 의뢰하세요.				
QUEST_LV_0500_20200723_000180	回去找瘟疫醫師大師。	플레이그 닥터 마스터에게 돌아가기.				
QUEST_LV_0500_20200723_000181	找到瘟疫醫師大師說的植物了。{nl}請回去將植物交給瘟疫醫師大師，已順利完成分析溶液的委託。	플레이그 닥터 마스터가 말한 식물을 구했습니다.{nl}플레이그 닥터 마스터에게 돌아가 의뢰를 용액 분석을 마무리할 수 있도록 식물을 전해주세요.				
QUEST_LV_0500_20200723_000182	向瘟疫醫師大師索取調查結果	플레이그 닥터 마스터에게 조사 결과를 받기				
QUEST_LV_0500_20200723_000183	與瘟疫醫師再次交談。	플레이그 닥터와 다시 이야기 하기.				
QUEST_LV_0500_20200723_000184	得知溶液的真面目為克魯比那溶液後，瘟疫醫師大師對此表示了擔憂。{nl}他似乎有事情想要交代，請與瘟疫醫師大師對話看看吧。	플레이그 닥터 마스터는 용액의 정체가 크루비나 용액이라는 사실을 알고 우려를 표했습니다.{nl}그가 당부할 것이 있는 것 같으니 다시 플레이그 닥터 마스터와 대화하세요.				
QUEST_LV_0500_20200723_000185	回去找東征十字軍派遣員。	크루세이더 파견원에게 돌아가기.				
QUEST_LV_0500_20200723_000186	完成分析溶液的委託了。{nl}請回去將克魯比那溶液交還給東征十字軍派遣員。	용액의 분석 의뢰를 완료했습니다.{nl}크루세이더 파견원에게 돌아가 크루비나 용액을 돌려주세요.				
QUEST_LV_0500_20200723_000187	東征十字軍派遣員說，克魯比那溶液之後的相關調查就交給他們了。{nl}請與派遣員對話，看有沒有其他需要幫忙的事情。	크루세이더 파견원은 크루비나 용액에 대한 이후 조사는 자신들이 맡겠다고 했습니다.{nl}파견원과 다시 이야기해서 도울 일이 있는지 물어보세요.				
QUEST_LV_0500_20200723_000188	去找史圖卡斯分隊長阿德斯。	스토가스 분대장 아데스 찾아가기.				
QUEST_LV_0500_20200723_000189	東征十字軍派遣員說，有人在一個地方看到可能是格萊伊希歐的人。{nl}請去找史圖卡斯高原野營地地區的史圖卡斯分隊長阿德斯，聽一聽相關的故事吧。	크루세이더 파견원은 글레이시어로 추정되는 인물이 목격된 장소가 있다고 합니다.{nl}스토가스 고원의 야영지 지역에 있는 스토가스 분대장 아데스를 찾아가 관련된 이야기를 들어보세요.				
QUEST_LV_0500_20200723_000190	去找高原士兵莫提爾。	고원병사 모티머 찾아가기.				
QUEST_LV_0500_20200723_000191	從阿德斯那裡聽到了有個女人可能是格萊伊希歐的事情。{nl}為了打聽詳細的事情，請去找高原士兵莫提爾吧。{nl}	아데스로부터 글레이시어로 추정되는 여인의 이야기를 들었습니다.{nl}자세한 이야기를 듣기 위해 고원병사 모티머를 찾아세요.{nl}				
QUEST_LV_0500_20200723_000192	與高原士兵莫提爾對話。	고원병사 모티머와 대화하기.				
QUEST_LV_0500_20200723_000193	向高原士兵莫提爾打聽有個女人可能是格萊伊希歐的相關事情吧。	고원병사 모티머에게 글레이시어로 추정되는 여인에 대한 이야기를 들으세요.				
QUEST_LV_0500_20200723_000194	調查案發地點。	사건 장소 조사하기.				
QUEST_LV_0500_20200723_000195	在高原士兵莫提爾處理完自己事情的期間，去調查發現女人的場所吧。	고원병사 모티머가 자신의 일을 마무리하는 동안 여인이 발견되었던 장소를 조사해 보세요.				
QUEST_LV_0500_20200723_000196	回去找高原士兵莫提爾。	고원병사 모티머에게 돌아가기.				
QUEST_LV_0500_20200723_000197	在案發現場發現了克魯比那溶液，並從怪物的身上找到了腳鐐。{nl}請回去向高原士兵莫提爾報告調查結果，並詢問事情的原委。	사건 현장에서 크루비나 용액을 발견했고, 몬스터로 부터 족쇄를 찾을 수 있었습니다.{nl}고원병사 모티머에게 돌아가 조사 결과를 보여주고 사건의 경위에 대해 물어보세요.				
QUEST_LV_0500_20200723_000198	失物回收	유실된 물건 회수				
QUEST_LV_0500_20200723_000199	將磨損的腳鐐交給東征十字軍派遣員。	크루세이더 파견원에게 닳고 닳은 족쇄 전해주기.				
QUEST_LV_0500_20200723_000200	結束了在野營地的調查。{nl}請回去向東征十字軍派遣員報告調查結果吧。	야영지에서의 조사를 끝냈습니다.{nl}크루세이더 파견원에게 돌아가 조사 결과를 알려주세요.				
QUEST_LV_0500_20200723_000201	為了繼續調查，請與東征十字軍派遣員交談。	조사를 지속하기 위해 크루세이더 파견원과 이야기를 나누세요.				
QUEST_LV_0500_20200723_000202	在白魔女森林裡進行調查。	하얀 마녀의 숲에서 조사를 진행하기.				
QUEST_LV_0500_20200723_000203	東征十字軍派遣員猜說，這件事情一定有幕後兇手。{nl}請在白魔女森林裡調查格萊伊希歐的痕跡。	크루세이더 파견원은 이 일의 배후가 있을 것임을 짐작했습니다.{nl}하얀 마녀의 숲에서 글레이시어의 흔적을 조사하세요.				
QUEST_LV_0500_20200723_000204	將這些信件交給東征十字軍派遣員。	크루세이더 파견원에게 편지 뭉치를 전달하기.				
QUEST_LV_0500_20200723_000205	請將在白魔女森林裡發現的東西交給東征十字軍派遣員。	크루세이더 파견원에게 하얀 마녀의 숲에서 발견한 것들을 가져다주세요.				
QUEST_LV_0500_20200723_000206	與東征十字軍大師對話。	크루세이더 마스터와 대화하기.				
QUEST_LV_0500_20200723_000207	東征十字軍大師約皮亞艾列諾拉好像有話要說。{nl}請與她對話。	크루세이더 마스터 조피아 엘레노라가 할말이 있는 듯 합니다.{nl}그녀와 대화하세요.				
QUEST_LV_0500_20200723_000208	去找東征十字軍派遣員。	크루세이더 파견원을 찾아가기.				
QUEST_LV_0500_20200723_000209	請去找正在調查史圖卡斯高原異常寒流的東征十字軍派遣員。	스토가스 고원의 이상 한파를 조사하고 있는 크루세이더 파견원에게 찾아가세요.				
QUEST_LV_0500_20200723_000210	對路巴斯克絕壁發生的異常寒流進行調查。	누바스크 절벽에서 나타나는 이상 한파에 대해 조사하기.				
QUEST_LV_0500_20200723_000211	對路巴斯克絕壁發生的異常寒流現象進行調查後，並將結果告訴東征十字軍派遣員。	누바스크 절벽에서 이상 한파 현상에 대해 조사하고 결과를 크루세이더 파견원에게 들려주세요.				
QUEST_LV_0500_20200723_000212	將異常寒流的相關調查結果告訴東征十字軍派遣員。	이상 한파에 대한 조사 결과를 크루세이더 파견원에게 알려주세요.				
QUEST_LV_0500_20200902_000213	你來了啊？{nl}為了請求啟示者的協助，才叫你過來的。	오셨습니까?{nl}협조를 부탁드리려고 계시자님을 불렀습니다.				크루세이더 마스터
QUEST_LV_0500_20200902_000214	你曾對格萊伊希歐進行過調查，我想應該沒有人比你更接近這件事情的真相才對。{nl}請問你能協助調查嗎？	글레이시어에 대한 조사를 진행하신 적이 있으시니, 아무래도 계시자님만큼 이 사건의 진상에 가까이 다가간 사람은 없을 거로 생각합니다.{nl}조사에 협조해 주실 수 있으십니까?				크루세이더 마스터
QUEST_LV_0500_20200902_000215	謝謝你的協助。{nl}給你的這個東西是從格萊伊希歐的衣服中掉出來的飾品。{nl}有必要去調查一下格萊伊希歐是如何從魔族手中守住自己的性命後來到了這裡。	협조에 감사드립니다.{nl}계시자님께 드린 물건은 글레이시어의 옷에서 떨어져 나온 장신구입니다.{nl}글레이시어가 어떻게 이곳까지 마족으로부터 목숨을 지킬 수 있었는지 알아볼 필요가 있습니다.				크루세이더 마스터
QUEST_LV_0500_20200902_000216	請將這個飾品拿去給魔族看看，然後觀察魔族的反應。	그 장신구를 마족에게 보여주고 반응을 살펴봐 주십시오.				크루세이더 마스터
QUEST_LV_0500_20200902_000217	謝謝你的協助。{nl}請將閃亮的晶球拿去給魔族看看，然後觀察魔族的反應。	협조에 감사드립니다.{nl}반짝이는 구슬을 마족에게 보여주고 반응을 살펴봐 주십시오.				크루세이더 마스터
QUEST_LV_0500_20200902_000218	你回來了啊？	돌아오셨습니까?				크루세이더 마스터
QUEST_LV_0500_20200902_000219	你說魔族因為害怕而逃跑了嗎？{nl}雖然格萊伊希歐是很強大的魔族…但她經過這裡的時候，當時還只是個人類而已。	마족이 겁에 질려 도망갔다고요?{nl}글레이시어가 강력한 마족인 건 사실이지만.. 그녀가 여기를 지날 때는 아직 인간이었을 때입니다.				크루세이더 마스터
QUEST_LV_0500_20200902_000220	那麼…很有可能這件事情與格萊伊希歐以上的其他魔族有關。	그렇다면.. 글레이시어 이상의 다른 마족이 이 사건과 연관되어 있을 가능성이 크군요.				크루세이더 마스터
QUEST_LV_0500_20200902_000221	上次我們派遣員在岩壁上的樹根附近發現到沾有克魯比那溶液的可疑的碎片。{nl}為了保存現場，所以沒有去碰它。	지난번 저희 파견원이 암벽에 있는 나무뿌리 근처에서 크루비나 용액이 묻은 수상한 조각을 봤다고 하더군요.{nl}현장 보존을 위해 건들지는 않았습니다.				크루세이더 마스터
QUEST_LV_0500_20200902_000222	我會親自調查那個碎片，請你先去尋找可疑的碎片，協助準備調查。	제가 직접 그 조각을 조사할 테니 계시자님 께서는 수상한 조각을 찾아 조사를 준비해 주세요.				크루세이더 마스터
QUEST_LV_0500_20200902_000223	從左邊階梯下去，一直往前走，可以在岩壁和樹根之間發現可疑的碎片。{nl}請你先去協助準備調查。	수상한 조각은 왼쪽 계단 아래로 내려가, 그대로 가시다 보면 암벽과 나무뿌리 사이에 있습니다.{nl}계시자님께서 먼저 가서 조사를 준비해주십시오.				크루세이더 마스터
QUEST_LV_0500_20200902_000224	不知道該如何跟你說...{nl}先從結論來說的話…	어떻게 말씀을 드려야 할지..{nl}결론부터 말씀드리자면..				크루세이더 마스터
QUEST_LV_0500_20200902_000225	這塊碎片經過了很長的時間，因此蘊含著魔族的力量。{nl}這股力量比我之前所遇到的任何魔族都還要強大。{nl}格萊伊希歐有可能…	이 조각에는 오랜 시간에 걸쳐 마족의 힘이 배어있습니다.{nl}제가 마주쳤던 그 어떤 마족보다도 더욱 강한 힘이군요.{nl}어쩌면 글레이시어는..				크루세이더 마스터
QUEST_LV_0500_20200902_000226	跟這股力量的主人相比，如果說格萊伊希歐是根本不值得擔心的程度，你會相信嗎？	이 힘의 주인에 비하면 글레이시어는 큰 걱정거리가 아닌 수준이라면 믿으시겠습니까?				크루세이더 마스터
QUEST_LV_0500_20200902_000227	多虧了啟示者的協助，調查才進展的這麼快。	계시자님의 협조 덕분에 조사가 빠르게 진척되고 있습니다.				크루세이더 마스터
QUEST_LV_0500_20200902_000228	雖然有點麻煩，但為了證明格萊伊希歐的幕後凶手，需要有更確切的證據。	번거롭게도.. 글레이시어의 배후를 증명해내기 위해서는 더 확실한 증거가 필요합니다.				크루세이더 마스터
QUEST_LV_0500_20200902_000229	上次你說發現格萊伊希歐的信件的地方是在絕壁下方嗎？{nl}希望你能過去那裡，再次確認一下，看是否有錯過的證據。	지난번 글레이시어의 편지를 발견한 곳이 절벽 아래라고 하셨죠?{nl}그곳에 가서 그때 놓친 증거가 없는 지, 다시 확인해주셨으면 합니다.				크루세이더 마스터
QUEST_LV_0500_20200902_000230	請調查白魔女森林。	하얀 마녀의 숲을 조사해주시길 바랍니다.				크루세이더 마스터
QUEST_LV_0500_20200902_000231	如果是指令書的話，那就是確切的證據了。{nl}還寫著格萊伊希歐的名字呢。	지령서라면 확실한 증거입니다.{nl}글레이시어의 이름까지 적혀있군요.				크루세이더 마스터
QUEST_LV_0500_20200902_000232	但是為什麼要用人類的語言來書寫呢？{nl}從碎片中感受到的力量確實是魔族的力量。	그렇지만 어째서 인간의 언어로 적혀있을까요?{nl}조각에서 느꼈던 힘은 마족의 힘이 분명했습니다.				크루세이더 마스터
QUEST_LV_0500_20200902_000233	看來牠是想告訴我們自己的存在。	우리에게 자신의 존재를 알리고 싶어 하는군요.				크루세이더 마스터
QUEST_LV_0500_20200902_000234	已經確定有幕後凶手的存在了。{nl}在啟示者前往絕壁下方的時候，為了調查碎片，我有向王國請求協助。	배후가 있다는 증거는 확실해졌습니다.{nl}계시자님께서 절벽 아래로 내려가 있는 동안, 저는 조각을 조사하기 위해 왕국에 협조를 요청했습니다.				크루세이더 마스터
QUEST_LV_0500_20200902_000235	王國說如果是魔族的力量的話，有一個人是最了解的。{nl}請將碎片交給冉達大師烏歐里歐斯瓦西德。{nl}雖然不是很滿意，但這是王國的命令。	왕국에서는 마족의 힘이라면 가장 잘 알만한 사람이 있다고 하더군요.{nl}랑다 마스터인 우올리오스 와히드에게 조각을 전해주십시오.{nl}탐탁지는 않지만.. 왕국의 명령입니다.				크루세이더 마스터
QUEST_LV_0500_20200902_000236	那麼就拜託你了。{nl}將碎片轉交之後，就沒有需要啟示者幫助的其他事情了。	그럼 부탁드립니다.{nl}그 조각만 전해주신다면 계시자님께서 도와주실 일은 더 없습니다.				크루세이더 마스터
QUEST_LV_0500_20200902_000237	啟示者，謝謝你的幫助。	계시자님, 도와주셔서 감사했습니다.				크루세이더 마스터
QUEST_LV_0500_20200902_000238	格萊伊希歐卡希米拉。{nl}這是格萊伊希歐還是人類時的名字。	글레이시어 카시밀라.{nl}글레이시어가 인간이었을 때의 이름입니다.				크루세이더 마스터
QUEST_LV_0500_20200902_000239	你來了啊。{nl}事情我已經聽說了。	오셨군요.{nl}이야기는 미리 들었습니다.				랑다 마스터
QUEST_LV_0500_20200902_000240	很強大的氣息啊。{nl}如果沒有東征十字軍大師的處理，你在來這裡的途中暈倒也不會覺得奇怪。	강한 기운이군요.{nl}크루세이더 마스터님의 조치가 없었더라면, 이곳에 오는 중에 쓰러지셨어도 이상하지 않았을 겁니다.				랑다 마스터
QUEST_LV_0500_20200902_000241	這力量的主人，用這片土地的稱呼，是名叫觀看者的存在。{nl}後續的故事，如果以後有機會的話再告訴你。{nl}這塊碎片就由我們來管理好了。{nl}你能幫我交給旁邊的少女嗎？	이 힘의 주인은 이 땅의 명칭으로 주시자라는 이름의 존재군요.{nl}이 이상의 이야기는 나중에 기회가 된다면 말씀드리죠.{nl}이 조각은 저희가 관리하겠습니다.{nl}저 옆의 소녀에게 주시겠습니까?				랑다 마스터
QUEST_LV_0500_20200902_000242	冉達少女	랑다 소녀				
QUEST_LV_0500_20200902_000243	她年紀還小，對待她時麻煩注意一點。	어린 아이이니 조심히 대해주세요.				랑다 마스터
QUEST_LV_0500_20200902_000244	請勿被捲進次元崩壞和分裂特別傳點裡而喪失性命。{nl}尤其是在分裂特別傳點中要小心地行動，這是一個非常危險的地方。	차원 붕괴와 분열 특이점에 휘말려 아까운 목숨을 잃지 않도록 주의하세요.{nl}특히 분열 특이점에서는 행동을 주의하세요. 무척 위험한 장소입니다.	QUEST_LV_0500_20200324_000084	請勿被捲進次元崩壞裡而喪失性命。{nl}如尚未準備妥當，請勿前往靠近。	차원 붕괴에 휘말려 아까운 목숨을 잃지 않도록 주의하세요.{nl}준비가 충분하지 않으면 가까이 가지 않는 게 좋습니다.	세이지 파견원
QUEST_LV_0500_20200902_000245	沒做好足夠準備的話，最好是不要去靠近那個地方。請做好萬全準備之後再去靠近。	준비가 충분하지 않으면 가까이 가지 않는 게 좋습니다. 철저한 준비를 하시고 접근하시기 바랍니다. 				세이지 파견원
QUEST_LV_0500_20200902_000246	白魔女和東征十字軍(8)	하얀 마녀와 크루세이더(8)				
QUEST_LV_0500_20200902_000247	協助調查。	조사에 협조한다.				
QUEST_LV_0500_20200902_000248	不想協助調查。	협조하고 싶지 않다.				
QUEST_LV_0500_20200902_000249	白魔女和東征十字軍(9)	하얀 마녀와 크루세이더(9)				
QUEST_LV_0500_20200902_000250	我會做好準備的。	준비해 두겠다고 한다.				
QUEST_LV_0500_20200902_000251	我想要之後再去。	나중에 가자고 한다.				
QUEST_LV_0500_20200902_000252	白魔女和東征十字軍(10)	하얀 마녀와 크루세이더(10)				
QUEST_LV_0500_20200902_000253	現在有點困難。	지금은 어렵다고 한다.				
QUEST_LV_0500_20200902_000254	白魔女和東征十字軍(11)	하얀 마녀와 크루세이더(11)				
QUEST_LV_0500_20200902_000255	我會幫你轉達的。	전해주겠다고 말한다.				
QUEST_LV_0500_20200902_000256	我無法幫助你。	도울수 없다고 한다.				
QUEST_LV_0500_20200902_000257	白魔女和東征十字軍(12)	하얀 마녀와 크루세이더(12)				
QUEST_LV_0500_20200902_000258	我不想再參與這件事了。	더 이상 관여하고 싶지 않다고 한다.				
QUEST_LV_0500_20200902_000259	尋訪東征十字軍大師。	크루세이더 마스터를 찾아가기.				
QUEST_LV_0500_20200902_000260	東征十字軍大師好像有話要對你說。{nl}請去找她問看看是什麼事情。	크루세이더 마스터가 당신에게 할 말이 있는 듯 합니다.{nl}그녀를 찾아가 무슨 일인지 물어보세요.				
QUEST_LV_0500_20200902_000261	對怪物使用格萊伊希歐的隨身物品。	글레이시어의 소지품을 몬스터에게 사용하기.				
QUEST_LV_0500_20200902_000262	按照東征十字軍大師的要求，將格萊伊希歐的隨身物品拿去給怪物們看看。	크루세이더 마스터의 요청대로, 글레시이어의 소지품을 몬스터들에게 보여주세요.				
QUEST_LV_0500_20200902_000263	向東征十字軍大師報告調查結果。	조사 결과를 크루세이더 마스터에게 보고하기.				
QUEST_LV_0500_20200902_000264	將格萊伊希歐的隨身物品給怪物看過之後，怪物們就驚慌失措地跑掉了！{nl}請向東征十字軍大師報告調查結果。	글레시이서의 소지품을 몬스터에게 보여주니, 몬스터들은 허겁지겁 달아났습니다!{nl}조사 결과를 크루세이더 마스터에게 알려주세요.				
QUEST_LV_0500_20200902_000265	東征十字軍大師為了接下來的調查，想要尋求協助。{nl}請與東征十字軍大師對話。	크루세이더 마스터가 다음 조사를 위해 협조를 요청하려고 합니다.{nl}크루세이더 마스터와 대화하세요.				
QUEST_LV_0500_20200902_000266	準備調查可疑的碎片。	수상한 조각 조사 준비하기.				
QUEST_LV_0500_20200902_000267	東征十字軍大師從派遣員手中取得了可疑的碎片的相關報告，該碎片推測是由格萊伊西歐所掉落。{nl}請前往有可疑的碎片的地方事先做好準備，以便東征十字軍大師進行調查。	크루세이더 마스터는 파견원으로부터 글레이시어가 흘린 것으로 추정되는 수상한 조각에 대한 보고를 받았습니다.{nl}수상한 조각이 있는 곳으로 가서 크루세이더 마스터가 조사할 수 있도록 미리 준비를 해두세요.				
QUEST_LV_0500_20200902_000268	回去找東征十字軍。	크루세이더 마스터에게 돌아가기.				
QUEST_LV_0500_20200902_000269	東征十字軍大師拿走了可疑的碎片。{nl}請回去找她聽關於調查的結果。	크루세이더 마스터가 수상한 조각을 가져갔습니다.{nl}그녀에게 돌아가 조사 결과에 대해 들어보세요.				
QUEST_LV_0500_20200902_000270	請詢問東征十字軍大師為了接下來的調查所需要的是什麼。	크루세이더 마스터에게 다음 조사를 위해 필요한 건 무엇인지 물어보세요.				
QUEST_LV_0500_20200902_000271	在白魔女森林(傳說)進行調查。	하얀 마녀의 숲(레전드)에서 조사를 진행하기.	QUEST_LV_0500_20200723_000202	在白魔女森林裡進行調查。	하얀 마녀의 숲에서 조사를 진행하기.	
QUEST_LV_0500_20200902_000272	東征十字軍大師說為了確定格萊伊希歐的幕後凶手是魔族，因此需要有更確切的證據。{nl}請回到白魔女森林去查看破掉的袋子。	크루세이더 마스터는 글레이시어의 배후에 있는 마족의 존재를 특정하기 위해서는 더 확실한 증거가 필요하다고 합니다.{nl}하얀 마녀의 숲으로 돌아가 해진 주머니를 살펴보세요.				
QUEST_LV_0500_20200902_000273	請給東征十字軍大師看在破掉的袋子中發現的可疑的指令書。	크루세이더 마스터에게 해진 주머니에서 발견한 의문의 지령서를 보여주세요.				
QUEST_LV_0500_20200902_000274	請詢問東征十字軍大師是否還有需要幫助的事情。	크루세이더 마스터에게 더 도와줄 일은 없는 지 물어보세요.				
QUEST_LV_0500_20200902_000275	尋訪冉達大師。	랑다 마스터를 찾아가기.				
QUEST_LV_0500_20200902_000276	東征十字軍大師對協助調查表示感謝，最後為了對可疑的碎片進行確實的調查，拜託我們去找冉達大師。{nl}請前往莎勒斯修女院尋找冉達大師，詢問有關可疑的碎片。	크루세이더 마스터는 조사에 협력해주어서 고맙다는 말을 전하며, 마지막으로 수상한 조각에 대해서 확실한 조사를 하기 위해 랑다 마스터를 찾아가 달라고했습니다.{nl}살러스 수녀원에 있는 랑다 마스터를 찾아가 수상한 조각에 대해 물어보세요.				
QUEST_LV_0500_20200902_000277	與冉達大師對話。	랑다 마스터와 대화하기.				
QUEST_LV_0500_20200902_000278	請向冉達大師打聽有關可疑的碎片。	랑다 마스터에게 수상한 조각에 대해서 의견을 들으세요.				
QUEST_LV_0500_20200902_000279	將可疑的碎片轉交給冉達少女。	수상한 조각을 랑다 소녀에게 전해주기.				
QUEST_LV_0500_20200902_000280	從冉達大師那裡聽到了可疑的碎片的相關說明。{nl}由於是很危險的物品，因此必須將碎片交給更善於駕馭魔族力量的冉達。{nl}請將碎片轉交給冉達少女。	랑다 마스터에게 수상한 조각에 대한 설명을 들었습니다.{nl}위험한 물건이니 마족의 힘을 다루는 데 더 능숙한 랑다에게 조각을 맡겨야 합니다.{nl}조각을 랑다 소녀에게 전해주세요.				
QUEST_LV_0500_20210119_000281	雖然消除了伊薩巫古迪森林的所有莫提尼斯，但一定還殘存有注視者收集的莫提尼斯。{nl}另外巴烏巴斯和巴以卡也仍是覬覦著莫提尼斯的狀態。	비록 이사우고티 숲의 머티니스는 모두 제거했지만, 주시자가 모은 머티니스가 남아 있을 겁니다.{nl}그리고 바우바스와 바이가 역시 여전히 머티니스를 노리고 있는 상황입니다.				여신 라다
QUEST_LV_0500_20210119_000282	歐勒夏一帶的莫提尼斯並非完全消除，{nl}因此魔族們一定會再回來的。	오르샤 일대의 머티니스가 완전히 소멸한 건 아니니,{nl}마족들은 반드시 돌아올 겁니다.				여신 라다
QUEST_LV_0500_20210119_000283	因此啟示者啊！{nl}這危急的安寧在不久的將來會再次來到歐勒夏的。	그러니 계시자.{nl}이 위태로운 평화는 머지않은 미래에 다시 오르샤를 덮칠 것입니다.				여신 라다
QUEST_LV_0500_20210119_000284	為應對那威脅請做好萬全的準備。{nl}請將你所背負的命運作為教訓當做經驗。	그 위협에 대비해 만반의 준비를 하세요.{nl}그대가 짊어진 운명을 교훈 삼아.				여신 라다
QUEST_LV_0500_20210119_000285	在前面的那座森林叫做伊薩巫古迪森林。	앞에 있던 숲의 이름은 이사우고티 숲이라고 합니다.				여신 라다
QUEST_LV_0500_20210119_000286	在伊薩巫古迪森林裡能感受到比森林任何一處都還更強烈的莫提尼斯氣息。	이사우고티 숲에서는 숲의 어느 부분보다 강렬한 머티니스의 기운이 느껴집니다.				여신 라다
QUEST_LV_0500_20210119_000287	那裡一定有注視者的魔族們採集的莫提尼斯。{nl}那裡一定被許多魔族掌握了。	분명히 그곳에 주시자의 마족들이 채굴한 머티니스가 있을 겁니다.{nl}분명히 많은 마족들이 그 곳을 장악하고 있겠죠.				여신 라다
QUEST_LV_0500_20210119_000288	注視者通常都是採取有計畫的行動的。{nl}他們對莫提尼斯的保存也一定有做好應對之策。	주시자는 항상 계획적으로 움직였습니다.{nl}분명 머티니스의 보관에도 대비책을 마련해놨겠죠.				여신 라다
QUEST_LV_0500_20210119_000289	如有勇無謀地前往伊薩巫古迪森林必定會遭受不測。	생각 없이 이사우고티 숲으로 향했다간 큰 위험을 감수해야 할 겁니다.				여신 라다
QUEST_LV_0500_20210119_000290	注視者的魔族們一定已儲藏許多莫提尼斯了，{nl}光靠你一人的力量看來是很難一次清除..	주시자의 마족들은 이미 많은 머티니스를 저장해두었을 겁니다.{nl}당신의 힘만으로는 한 번에 제거하기는 버거운 일..				여신 라다
QUEST_LV_0500_20210119_000291	我擔心透過我的力量來清除莫提尼斯可能會與在莫提尼斯內我的力量產生衝突。{nl}除此，魔族剛才也察覺到我的氣息了。	제 힘으로 머티니스를 제거하는 건 머티니스에 내재된 제 힘과의 충돌이 우려됩니다.{nl}게다가 마족들이 저의 기운을 금방 알아차릴 겁니다.				여신 라다
QUEST_LV_0500_20210119_000292	為了最快速、最大量消除莫提尼斯，我認為擁有巨大威力的人類的炸彈是最適合的。	머티니스를 최대한 빨리, 최대한 많이 제거하기 위해서는 충분한 위력을 지닌 인간의 폭탄이 적당하겠군요.				여신 라다
QUEST_LV_0500_20210119_000293	你可以幫我找來炸彈嗎？	혹시 폭탄을 구하실 수 있겠습니까?				여신 라다
QUEST_LV_0500_20210119_000294	歐勒夏領主說如有需要可以向他請求協助嗎？{nl}那真是太好了。{nl}希望在歐勒夏有適合的炸彈。	오르샤의 영주가 필요한 일이 있으면 도움을 요청하라고 했다고요?{nl}마침 다행입니다.{nl}오르샤에 적당한 폭탄이 있기만 바라죠.				여신 라다
QUEST_LV_0500_20210119_000295	[歐勒夏領主]伊內沙黑蒙戴伊	[오르샤 영주]이네사 해먼데일				
QUEST_LV_0500_20210119_000296	你說他需要歐勒夏的協助嗎？{nl}既然當初是我開口說可以的，那只要我能做到的我一定會全力幫助的。	오르샤의 도움이 필요하시다고요?{nl}제가 도움을 청한 입장이니, 힘이 될 수 있다면 무엇이든 드리겠습니다.				[오르샤 영주]이네사 해먼데일
QUEST_LV_0500_20210119_000297	是需要炸彈啊！{nl}如是炸彈的話，那會在歐勒夏的軍備倉庫裡。{nl}我會命令警備兵拿來的。	폭탄이 필요하다는 말씀이시군요.{nl}폭탄이라면, 오르샤 군수 창고에 있을 겁니다.{nl}경비병에게 가져오라 지시하겠습니다.				[오르샤 영주]이네사 해먼데일
QUEST_LV_0500_20210119_000298	希望這有達到啟示者祈求的那般威力..	부디 계시자님께서 바라시는 만큼 충분한 위력이길..				[오르샤 영주]이네사 해먼데일
QUEST_LV_0500_20210119_000299	請你要小心操控。{nl}這可是擁有超強威力的魔法炸彈。	조심히 다루시길 바랍니다.{nl}매우 강한 위력을 가진 마법 폭탄입니다.				[오르샤 영주]이네사 해먼데일
QUEST_LV_0500_20210119_000300	如不小心很有可能會被捲進爆炸當中的，請你務必注意！{nl}你必須要先躲到安全的地方後才能啟動它。	자칫하면 폭발에 휘말릴 수도 있으니, 꼭 주의하셔야 합니다.{nl}반드시 안전한 곳에 몸을 피하신 후에 작동하셔야 합니다.				[오르샤 영주]이네사 해먼데일
QUEST_LV_0500_20210119_000301	務必一切小心啊，啟示者。{nl}感謝你為歐勒夏奮戰。	모쪼록 몸조심하십시오, 계시자님.{nl}오르샤를 위해 싸워주셔서 감사합니다.				[오르샤 영주]이네사 해먼데일
QUEST_LV_0500_20210119_000302	請加快速度。{nl}就算是為了你必須守護的歐勒夏。	서둘러 움직이세요.{nl}당신이 지켜야 할 오르샤를 위해서라도.				여신 라다
QUEST_LV_0500_20210119_000303	你來了啊！{nl}那個炸彈是歐勒夏領主提供的嗎？	오셨습니까?{nl}그 폭탄이 오르샤 영주가 제공한 물건인가요?				여신 라다
QUEST_LV_0500_20210119_000304	這樣啊。{nl}現在既然已找到破壞莫提尼斯的工具了，那剩下的就只有接近它的事了。	그렇군요.{nl}이제 머티니스를 파괴할 수단을 찾았으니, 접근을 하는 일만 남았습니다.				여신 라다
QUEST_LV_0500_20210119_000305	注視者、羅迦娜、巴以卡..{nl}這三個魔族各別為了不同的目的而爭鬥著。	주시자, 라가나, 바이가..{nl}세 마족은 각자 다른 목적으로 싸우고 있습니다.				여신 라다
QUEST_LV_0500_20210119_000306	因此我們就可以利用他們的慾望。{nl}羅迦娜和巴以卡的部分啟示者可以利用一個提案，向他們傳達假情報。	그러니, 우리는 그들의 욕망을 이용하죠.{nl}라가나와 바이가가 계시자님께 한 제안을 역으로 이용해, 그들에게 거짓 정보를 전해야 합니다.				여신 라다
QUEST_LV_0500_20210119_000307	那麼羅迦娜和巴以卡的勢力就會對立，注視者的勢力也不會袖手旁觀的。{nl}我們就可趁戰場混亂時接近莫提尼斯儲藏所了。{nl}雖我會與你一同前往伊薩巫古迪森林，但如我輕率行動被魔族察覺，那一切就都白費了。	그러면 라가나와 바이가의 세력이 대립할테고, 주시자의 세력도 지켜보고만 있지는 않을 겁니다.{nl}전장이 혼란한 틈을 타 머티니스 저장소로 접근하시면 됩니다.{nl}이사우고티 숲까지는 같이 이동하겠지만, 제가 섣불리 움직이면 마족들의 눈을 돌린 게 소용없어질 겁니다.				여신 라다
QUEST_LV_0500_20210119_000308	就如你所知，我們是無法一起採取行動的。	아시다시피, 우리는 같이 움직일 수 없습니다.				여신 라다
QUEST_LV_0500_20210119_000309	我就去歐勒夏附近找找看是否還有其他的莫提尼斯儲藏所吧。	저는 오르샤 근처에 또 다른 머티니스 저장소가 있는지 찾아보겠습니다.				여신 라다
QUEST_LV_0500_20210119_000310	請別忘了！{nl}比起巴以卡和羅迦娜勢力的魔族，找出莫提尼斯的位置更為重要。	잊지마십시오.{nl}바이가와 라가나 세력의 마족들보다 머티니스의 위치를 알아내는 것이 우선입니다.				여신 라다
QUEST_LV_0500_20210119_000311	盡可能別被魔族們發現，請安靜迅速地展開行動。	마족들에게 들키지 않도록, 조용하지만 신속하게 움직여 주십시오.				여신 라다
QUEST_LV_0500_20210119_000312	請小心別被捲入魔族勢力的爭鬥中。	마족들의 세력 다툼에 휘말리지 않도록 조심하십시오.				여신 라다
QUEST_LV_0500_20210119_000313	你有發現看似莫提尼斯儲藏所的地方嗎？	머티니스 저장소로 보이는 곳은 발견하셨나요?				여신 라다
QUEST_LV_0500_20210119_000314	幸好除了這裡之外，在歐勒夏附近並沒有看見其他的莫提尼斯儲藏所。	다행히 이곳을 제외한 오르샤 근처에서 다른 머티니스 저장소는 보이지 않았습니다.				여신 라다
QUEST_LV_0500_20210119_000315	果然..{nl}就如預料中的一樣，魔族們的警戒並不尋常。	역시..{nl}예상대로 마족들이 경계가 심상치 않군요.				여신 라다
QUEST_LV_0500_20210119_000316	依照計畫，去利用羅迦娜和巴以卡勢力的魔族們吧。	계획대로, 라가나와 바이가 세력의 마족들을 이용하도록 하죠.				여신 라다
QUEST_LV_0500_20210119_000317	看來得引誘魔族們到空曠的地方。{nl}如離儲藏所太遠，注視者的魔族們可能不會採取行動。{nl}請去尋找適當的場所。	충분한 공간이 있는 곳에 마족들을 유인하면 좋겠군요.{nl}저장소와 너무 멀다면 주시자의 마족들이 움직이지 않을 수 있습니다.{nl}적당한 장소를 찾아주세요.				여신 라다
QUEST_LV_0500_20210119_000318	找到了嗎？{nl}你說是普羅納斯空地嗎？	찾으셨습니까?{nl}플라나스 공터란 말씀이시군요.				여신 라다
QUEST_LV_0500_20210119_000319	如果是那裡，應該不會有問題。	그곳이라면 계획에 문제는 없을 겁니다.				여신 라다
QUEST_LV_0500_20210119_000320	先去見羅迦娜傳令吧。{nl}我在普拉蒂休憩地感受到擁有羅迦娜氣息的存在。{nl}在那裡一定有羅迦娜傳令的。{nl}請去將假情報告訴傳令吧。	먼저 라가나의 전령을 만나죠.{nl}라가나의 기운을 지닌 존재가 프레이티 쉼터에서 느껴집니다.{nl}그 곳에 라가나가 말했던 그녀의 전령이 있을 겁니다.{nl}전령에게 거짓 정보를 넘겨주세요.				여신 라다
QUEST_LV_0500_20210119_000321	假情報的內容是說在普羅納斯空地有注視者的魔族們所採集的莫提尼斯儲藏所。	거짓 정보의 내용은 플라나스 공터에 주시자의 마족들이 채굴한 머티니스 저장소가 있다고 전하면 될 겁니다.				여신 라다
QUEST_LV_0500_20210119_000322	另外也請去對在梅薩拉斯野營地的巴以卡傳令傳達相同的內容。	그리고 메살라스 야영지에 있을 바이가의 전령에게도 같은 내용을 전해주세요.				여신 라다
QUEST_LV_0500_20210119_000323	羅迦娜傳令	라가나의 전령				
QUEST_LV_0500_20210119_000324	嗯..{nl}看來是真的。	흠..{nl}보아하니 사실인 것 같군.				라가나의 전령
QUEST_LV_0500_20210119_000325	這情報我會轉達給羅迦娜的。{nl}羅迦娜對忠誠的人是無限慈悲的，{nl}你也一定會受到羅迦娜的恩寵的。	이 정보는 라가나님께 전달하겠다.{nl}라가나님은 충성을 바치는 자에게 한없이 자비로운 분이지.{nl}네 녀석도 분명히 라가나님의 은총을 받을 수 있을 거다.				라가나의 전령
QUEST_LV_0500_20210119_000326	這是非常賢明的選擇。	현명한 선택이군.				라가나의 전령
QUEST_LV_0500_20210119_000327	如對羅迦娜和巴以卡傳令傳達假情報並在普羅納斯空地引起爭鬥的話，{nl}一定能轉移莫提尼斯儲藏所魔族們的注意。{nl}請加快動作吧。	라가나와 바이가의 전령들에게 거짓 정보를 주고 플라나스 공터에서 싸움을 일으키면,{nl}분명 머티니스 저장소에 있는 마족들의 시선을 돌릴 수 있을 겁니다.{nl}서둘러 주십시오.				여신 라다
QUEST_LV_0500_20210119_000328	嗯嗯..{nl}嗯..	흐음..{nl}음..				바이가의 전령
QUEST_LV_0500_20210119_000329	好！{nl}我會向巴以卡傳達你說的情報的。{nl}但你最好不要太高傲人。	좋아요.{nl}바이가님께 당신의 말을 전하도록 하겠습니다.{nl}하지만, 기고만장하지 않는 것이 좋을 겁니다.				바이가의 전령
QUEST_LV_0500_20210119_000330	巴以卡並不喜歡傲慢的人..	바이가님은 건방진 인간을 좋아하지 않으시니..				바이가의 전령
QUEST_LV_0500_20210119_000331	辛苦了。{nl}現在我們就等這假情報在魔族之間產生效果吧。	고생하셨습니다.{nl}이제 거짓 정보에 대한 마족들의 반응을 기다리는 것만 남았군요.				여신 라다
QUEST_LV_0500_20210119_000332	只要在開始產生反應魔族被引開時接近莫提尼斯儲藏所就行了。{nl}準備好了就請出發吧。	반응을 보인 마족들이 시선을 끄는 사이에 머티니스 저장소에 접근하시면 될 겁니다.{nl}준비가 되면 출발하세요.				여신 라다
QUEST_LV_0500_20210119_000333	當炸彈爆炸時，魔族們就算在混亂中也會來找你的。{nl}如不小心，魔族們可能也會成為攻擊歐勒夏的原因。	폭탄이 터지면, 마족들은 혼란 속에서도 당신을 찾을 겁니다.{nl}자칫하면 마족들이 오르샤를 공격하는 원인이 될 수도 있을 겁니다.				여신 라다
QUEST_LV_0500_20210119_000334	魔族為了前往歐勒夏必會經過這裡，{nl}正好我需要回收魔族身上的莫提尼斯..	마족들이 오르샤로 향하기 위해서는 이곳을 지나야 할 터,{nl}마침 저는 마족들이 지니고 있을 머티니스를 회수해야 하니..				여신 라다
QUEST_LV_0500_20210119_000335	我有必須要處理那些前往歐勒夏的魔族的理由。	오르샤로 향하는 마족들을 제가 처리할 이유가 있군요.				여신 라다
QUEST_LV_0500_20210119_000336	為了你的任務！開始行動吧。	당신의 임무를 위해 움직이세요.				여신 라다
QUEST_LV_0500_20210119_000337	羅迦娜和巴以卡全都是自負心強的魔族，{nl}要是他們知道被你欺騙了一定不會放過啟示者的。{nl}請你不要輕易與他們對抗。{nl}將來一定會有機會的。	라가나와 바이가 모두 자긍심 높은 마족입니다.{nl}당신이 자신을 속였다는 것을 알면 계시자님을 내버려두지 않을 겁니다.{nl}그들과 함부로 싸우려 하지는 마세요.{nl}나중에 분명한 기회가 있을 겁니다.				여신 라다
QUEST_LV_0500_20210119_000338	魔神羅迦娜	마신 라가				
QUEST_LV_0500_20210119_000339	我正在等你。{nl}拉伊瑪的孩子啊。	기다리고 있었단다.{nl}라이마의 아이여.				마신 라가
QUEST_LV_0500_20210119_000340	很優秀嘛！{nl}說是脆弱的人類，我還在想能做到什麼程度..	훌륭한 걸?{nl}부러지기 쉬운 인간이 해봤자 얼마나 할 수 있겠나 싶었는데..				마신 라가나
QUEST_LV_0500_20210119_000341	你不是很痛快的毀了注視者的莫提尼斯嗎？{nl}了不起。	주시자의 머티니스를 아주 시원하게 날려버렸잖아?{nl}기특해.				마신 라가나
QUEST_LV_0500_20210119_000342	雖然欺騙我這件事是不被原諒的..{nl}但既然你毀了注視者收集的莫提尼斯，那這次就特別饒你一命吧。	나를 속이려 든 건 용서할 수 없는 일이지만..{nl}주시자가 모은 머티니스를 날려버렸으니 특별히 이번은 넘어가도록 하마.				마신 라가나
QUEST_LV_0500_20210119_000343	不管怎麼樣，注視者絕不會放過你的..{nl}如想活命，你最好繼續往下逃亡。{nl}快，{nl}沒我的允許，你不可以死在注視者的手上。	그건 그렇고, 주시자가 널 가만두지 않으려 할 테니..{nl}살고 싶다면 아래쪽으로 계속 도망치는 게 좋을 거야.{nl}어서,{nl}내 허락 없이 주시자 따위에게 죽지 말거라.				마신 라가나
QUEST_LV_0500_20210119_000344	終於找到了，{nl}啟示者。	드디어 찾았군.{nl}계시자.				마왕 바이가
QUEST_LV_0500_20210119_000345	你準備好交出性命了嗎？{nl}你必須為欺瞞我而付出代價。	목숨을 내놓을 준비는 되어있겠지?{nl}나를 기만한 대가는 톡톡히 치러야 할 것이다.				마왕 바이가
QUEST_LV_0500_20210119_000346	回來了啊。{nl}我清楚地聽到炸彈爆炸的聲音了。	돌아오셨군요.{nl}폭탄이 터지는 소리는 분명히 들었습니다.				여신 라다
QUEST_LV_0500_20210119_000347	你說見過巴烏巴斯？	바우바스를 만났다고요?				여신 라다
QUEST_LV_0500_20210119_000348	魔神巴烏巴斯..	마신 바우바스..				여신 라다
QUEST_LV_0500_20210119_000349	在吉特涅消失的現在，他是魔神中最強大的存在。{nl}巴烏巴斯拯救了巴以卡，看來他們倆的合作關係應該相當密切。	길티네가 사라진 지금, 마신들 중에서 가장 강한 존재입니다.{nl}바우바스가 바이가를 구했다는 건, 생각보다 둘의 협력 관계가 원만한 수준인 거군요.				여신 라다
QUEST_LV_0500_20210119_000350	雖這不是什麼好消息，但如不是巴烏巴斯，我們會受到注視者更嚴重的禍害中的..{nl}這可是不幸中的大幸啊。	반가운 소식은 아니지만, 바우바스가 아니었다면 주시자에게 큰 화를 입을 뻔했으니..{nl}불행 중 다행이겠군요.				여신 라다
QUEST_LV_0500_20210119_000351	總之，現在你的任務結束了。{nl}請回到歐勒夏去見領主吧。{nl}羅迦娜、巴以卡、注視者勢力的魔族們已明顯被削弱氣勢了。	아무튼 지금은 당신의 임무를 끝낼 때이군요.{nl}오르샤로 가서 영주를 만나세요.{nl}라가나와 바이가, 주시자 세력의 마족들은 확실히 기세가 한풀 꺾였습니다.				여신 라다
QUEST_LV_0500_20210119_000352	雖情況還未完全告一段落，{nl}但他一定正在等待這個消息的。	아직 상황이 완전히 종식된 건 아니지만,{nl}분명 이 소식을 기다리고 있을 겁니다.				여신 라다
QUEST_LV_0500_20210119_000353	回來了啊。{nl}聽到那巨大的爆炸聲，我就察覺到是啟示者了。	돌아오셨습니까.{nl}큰 폭팔음이 들려서 계시자님일 거라 짐작했습니다.				[오르샤 영주]이네사 해먼데일
QUEST_LV_0500_20210119_000354	你看起來平安無事，那真是太好了。	무사하신 것 같아 다행입니다.				[오르샤 영주]이네사 해먼데일
QUEST_LV_0500_20210119_000355	這樣啊。{nl}歐勒夏又再次受到了啟示者的幫助了。	그렇군요.{nl}오르샤는 이렇게 또 한 번 계시자님의 도움을 받게되었군요.				[오르샤 영주]이네사 해먼데일
QUEST_LV_0500_20210119_000356	我代表歐勒夏和奇雷恩地方向你表示感謝。{nl}至少替我們歐勒夏爭取了準備下次戰鬥的時間。	오르샤와 키렌 지방을 대표하여 감사드립니다.{nl}적어도 우리 오르샤는 다음 전투를 준비할 시간을 벌었습니다.				[오르샤 영주]이네사 해먼데일
QUEST_LV_0500_20210119_000357	雖不少人受傷倒下了，但我們不會就這樣潰滅的。{nl}只要我們救出尚未避難的人們後，{nl}就是我們採取反擊的時候了。	많은 이들이 다치고 쓰러졌지만, 이대로 우리는 당하고만 있지는 않을 겁니다.{nl}아직 피난하지 못한 사람들을 구하고 나면{nl}반격의 시간이 오겠지요.				[오르샤 영주]이네사 해먼데일
QUEST_LV_0500_20210119_000358	我要再次感謝啟示者。	계시자님께 다시 한 번 감사의 말씀을 드리겠습니다.				[오르샤 영주]이네사 해먼데일
QUEST_LV_0500_20210119_000359	魔族們暫時不會直接攻擊歐勒夏了。	당분간은 마족들이 오르샤를 직접 공격하는 일은 없을 겁니다.				여신 라다
QUEST_LV_0500_20210119_000360	但這短暫的和平是不會維持太久的，啟示者我想你應該很清楚。	하지만 이 위태로운 평화가 오래가지 못할 것은 계시자, 그대도 잘 알고 있겠지요.				여신 라다
QUEST_LV_0500_20210119_000361	你忠實地守護了歐勒夏，{nl}而我也充分地負起了責任。	당신은 오르샤를 지키는 임무에 충실히 임했고,{nl}저 또한 충분할 만큼 책임을 질 수 있었습니다.				여신 라다
QUEST_LV_0500_20210119_000362	消失吧！	꺼져라!				마신 길티네
QUEST_LV_0500_20210119_000363	非常感謝你趕來！{nl}歐勒夏現正處於危機當中。	부름에 달려와 주셔서 감사합니다.{nl}오르샤는 지금 위기에 처했습니다.				이네사 해먼데일
QUEST_LV_0500_20210119_000364	從未見過的強悍敵人突然侵襲了奇雷恩地方全區。{nl}我在守護歐勒夏一帶的同時，也向大陸各地正活躍展開活動的啟示者們..	일전에 본 적 없던 강력한 적들이 돌연 키렌 지방 전역을 침공했습니다.{nl}저는 오르샤와 그 일대를 지키고자, 대륙 곳곳에서 활약을 펼치던 계시자분들..				이네사 해먼데일
QUEST_LV_0500_20210119_000365	以及你發出了請求協助的要求。{nl}希望你能幫助歐勒夏一起戰鬥。	그리고 당신에게 도움을 청하게 되었습니다.{nl}부디 오르샤를 도와 함께 싸워주시길 바랍니다.				이네사 해먼데일
QUEST_LV_0500_20210119_000366	謝謝你願意伸出援手。{nl}現在就由我們一起守護這塊祖先們奉獻生命努力守護的歐勒夏吧。	도움의 손길을 잡아주셔서 감사합니다.{nl}가문의 선조들께서 목숨을 바쳐 지켰던 오르샤를 이제는 우리가 함께 지켜낼 겁니다.				이네사 해먼데일
QUEST_LV_0500_20210119_000367	但在那之前，有想找你的人。{nl}如透過村莊的女神奧施莉奈之像前往名叫拉伊瑪聖所的地方，你會找到正在等待你的人。{nl}他說那個地方只有你能前往。	그러나 그 전에, 당신을 찾는 분이 계십니다.{nl}마을의 여신 아우슈리네의 상을 통해 라이마의 성소라 불리는 곳으로 간다면 그 분께서 기다리고 계실 겁니다.{nl}당신만은 그 곳에 올수 있으리라 하시더군요.				이네사 해먼데일
QUEST_LV_0500_20210119_000368	很高興見到你，{nl}啟示者啊。	반갑습니다.{nl}계시자여.				여신 라다
QUEST_LV_0500_20210119_000369	在這種時候見到你，心情並不感到平靜。{nl}在歐勒夏發生的戰火已超越大陸將魔掌延伸到世界了。	이런 때에 만나게 되니 마음이 편하지는 않습니다.{nl}오르샤에 일어난 전운이 대륙을 넘어 세계로 그 손아귀를 뻗고 있습니다.				여신 라다
QUEST_LV_0500_20210119_000370	這次呼喚你來是因為你和我，我們兩人都對這次的事件有責任，{nl}詳細的內容我會在蓮帕拉沙池塘跟你說的。{nl}如你準備好了，我會在蓮帕拉沙池塘那裡等你的。	당신을 부르게 된 건 당신과 나, 우리 둘은 이번 사건에 대해 분명한 책임이 있다는 사실 때문입니다.{nl}자세한 이야기는 렘파라사 연못에서 이야기하겠습니다.{nl}준비되셨다면 렘파라사 연못에서 기다리겠습니다.				여신 라다
QUEST_LV_0500_20210119_000371	你準備好了啊。{nl}我會在蓮帕拉沙池塘等你的。	준비되셨군요.{nl}렘파라사 연못에서 기다리겠습니다.				여신 라다
QUEST_LV_0500_20210119_000372	你來了啊。{nl}要說你和我必須背負的責任..	오셨군요.{nl}당신과 제가 가진 책임에 대해 말씀드리자면..				여신 라다
QUEST_LV_0500_20210119_000373	在這一帶發生的克魯比那事件中，我被魔君主扎烏拉給抓了，{nl}那時我用我的生命力打造了強大的克魯比那。{nl}另外在你之前的旅程中，我看到了注視者持有一部分。	이 일대에서 벌어진 과거의 크루비나 사건 속에서 저는 마군주 자우라에게 붙잡혔고,{nl}그때 제 생명력으로 강력한 크루비나가 만들어졌습니다.{nl}그리고 당신은 지난 여정에서 주시자가 그 일부를 가지고 있는 걸 보았죠.				여신 라다
QUEST_LV_0500_20210119_000374	這聽起來似乎有點不合理，{nl}但這事態的元兇明確來說就是我們兩人。	불합리한 이야기처럼 들릴 수 있으나,{nl}이 사태의 원흉을 똑바로 볼 수 있는 건 우리뿐입니다.				여신 라다
QUEST_LV_0500_20210119_000375	因此我們就更需要去確認這是否是注視者的所作所為了。{nl}可以請你從周遭的魔族那裡找來有幫助的情報嗎？	그러나 이 사태가 확실히 주시자의 행보인지는 조금 더 확신이 필요합니다.{nl}주변의 마족들로부터 도움이 될 정보를 얻어와 주시겠습니까?				여신 라다
QUEST_LV_0500_20210119_000376	更詳細的內容等掌握情況後再告訴你吧。	더 자세한 이야기는 사태를 파악하며 말씀드리겠습니다.				여신 라다
QUEST_LV_0500_20210119_000377	請從周遭的魔族身上找來與注視者相關的證據吧。	주변의 마족들로부터 주시자와 연관이 있을만한 증거를 찾아주세요.				여신 라다
QUEST_LV_0500_20210119_000378	你說蘊藏那邪惡魔力的礦石是由魔族們所持有的？	그 사악한 마력을 품은 광석을 마족들이 가지고 있었다는 말입니까?				여신 라다
QUEST_LV_0500_20210119_000379	你一定曾看過注視者透過混沌取得這礦石吧。	당신은 분명 주시자가 혼돈을 통해 이 광석을 취하는 걸 본 적이 있으시죠.				여신 라다
QUEST_LV_0500_20210119_000380	但必須從混沌中才能出來的礦石怎麼會落入魔族們的手中呢..	그러나 혼돈에서 나와야 할 이 광석이 어떻게 마족들이 가지고 있는 건지..				여신 라다
QUEST_LV_0500_20210119_000381	看來得尋找魔族是從哪裡獲得這礦石的。{nl}透過魔族的記憶將可以找到的。	아무래도 마족들이 이 광석을 어디서 얻었는지 찾아야겠습니다.{nl}마족들의 기억을 통해 찾을 수 있을 겁니다.				여신 라다
QUEST_LV_0500_20210119_000382	如是藍圖魯瑪休憩地應該不會引起太大的注意。	란돌루마 쉼터라면 큰 이목을 끌지 않을 겁니다.				여신 라다
QUEST_LV_0500_20210119_000383	雖不夠充分但透過魔族們的記憶，一定能找到注視者的痕跡的。{nl}但還不能太過肯定。	충분하지는 않았으나 마족들의 기억을 통해 분명히 주시자의 흔적을 보았습니다.{nl}그러나 아직 확신을 얻기에는 모자라는군요.				여신 라다
QUEST_LV_0500_20210119_000384	礦石的來歷仍不明確。	여전히 광석의 정체는 분명하지 않습니다.				여신 라다
QUEST_LV_0500_20210119_000385	再試一次吧。{nl}如用神聖力淨化魔族的靈魂，也許可讀取更多的記憶。	다시 한번 시도해보죠.{nl}마족들의 영혼을 신성력으로 정화하면 더 많은 기억을 읽어낼 수 있을 겁니다.				여신 라다
QUEST_LV_0500_20210119_000386	我會將我的權能分給你一些，{nl}如對阿達塔街道的魔族使用我所給你的祝福，就能淨化魔族的靈魂並引導向我了。	제 권능을 조금 나누어 드리겠습니다.{nl}아다타 가도의 마족들에게 제가 드린 축복을 사용하면 마족의 영혼이 정화되어 저에게 인도될 겁니다.				여신 라다
QUEST_LV_0500_20210119_000387	我就先前往阿達塔街道替你解放力量吧。	저는 먼저 아다타 가도로 가서 힘을 개방해두겠습니다.				여신 라다
QUEST_LV_0500_20210119_000388	終於查出礦石的來歷了。{nl}礦石的名字叫做莫提尼斯..{nl}注視者看著這邪惡的礦石並取了這個名字。	다행히 광석의 정체를 알아냈습니다.{nl}광석의 이름은 머티니스..{nl}주시자는 이 사악한 광석을 두고 그렇게 이름 불렀습니다.				여신 라다
QUEST_LV_0500_20210119_000389	啟示者啊，{nl}注視者想透過莫提尼斯破壞世界..{nl}更精準的來說，是想要破壞神樹。	계시자여,{nl}주시자가 머티니스를 통해 세계를..{nl}정확하게는 신수를 파괴하려 하고 있습니다.				여신 라다
QUEST_LV_0500_20210119_000390	莫提尼斯是可媲美貝爾寶珠的魔力源。{nl}吉特涅曾中斷了貝爾寶珠的供給並令神樹暴走。	머티니스는 벨로브에 견줄 수 있는 마력원입니다.{nl}길티네는 벨로브의 공급을 중단하여 신수를 폭주 시켰습니다.				여신 라다
QUEST_LV_0500_20210119_000391	相反的..{nl}如注視者持續不斷地對神樹供給莫提尼斯，那麼世界就會與神樹的樹根一起腐壞變成可怕的世界了。{nl}如果莫提尼斯的量足夠的話。	반대로..{nl}주시자가 이 머티니스를 신수에 끊임없이 공급한다면 세계는 신수의 뿌리와 함께 통째로 썩어 끔찍한 세계로 변해버릴 겁니다.{nl}머티니스의 양이 충분하다면 말이죠.				여신 라다
QUEST_LV_0500_20210119_000392	在魔族的記憶中看到了在馬爾柯斯伐木場有不尋常的龜裂。{nl}莫提尼斯是從那龜裂中出現的。	마족의 기억 속 말코스 벌목지에서 심상치 않은 균열을 보았습니다.{nl}머티니스는 그 균열에서 나왔을 겁니다.				여신 라다
QUEST_LV_0500_20210119_000393	我會去確認前往加橋森林的那條路，{nl}那就請你去確認馬爾柯斯伐木場吧。{nl}我們在加橋森林見。	저는 덧댄다리 숲으로 가는 길을 확인하겠습니다.{nl}당신은 말코스 벌목지를 확인해주세요.{nl}덧댄다리 숲에서 뵙겠습니다.				여신 라다
QUEST_LV_0500_20210119_000394	我正在等你。	기다리고 있었습니다.				여신 라다
QUEST_LV_0500_20210119_000395	這個真的是在魔族的額頭像角一樣長出來的嗎？	이게 정말 마족의 이마에 뿔처럼 나있었다는 말인가요?				여신 라다
QUEST_LV_0500_20210119_000396	這是克魯比那。	이건 크루비나 입니다.				여신 라다
QUEST_LV_0500_20210119_000397	但有一點不同。{nl}你認為這個是可穿出身體冒出來的嗎？{nl}魔君主扎烏拉透過我所製作的克魯比那也是需要透過裝置的協助才做成的。	그런데 조금은 다르군요.{nl}이게 몸을 뚫고 솟아날 수 있다고 생각하시나요?{nl}마군주 자우라가 저를 통해 만들어낸 크루비나도 장치의 도움을 받아서 만들어냈습니다.				여신 라다
QUEST_LV_0500_20210119_000398	克魯比那也會將人類變成魔族。	크루비나는 인간을 마족으로 만들기도 합니다.				여신 라다
QUEST_LV_0500_20210119_000399	你也曾見過使用克魯比那而轉變的孩子吧。	당신도 크루비나를 사용하고 변해 가던 한 아이를 본 적이 있으시죠.				여신 라다
QUEST_LV_0500_20210119_000400	在這克魯比那中也能感受到我的生命力，{nl}也許注視者是用透過我所製作的克魯比那來讓人類變成魔族的。{nl}這就是我必須對此負起責任的理由。	이 크루비나에는 제 생명력도 조금 느껴집니다.{nl}아마도 주시자가 저를 통해 만들어낸 크루비나로 인간을 마족으로 만들었을 겁니다.{nl}제가 이 사태에 대해 책임을 져야 할 이유죠.				여신 라다
QUEST_LV_0500_20210119_000401	歐勒夏的居民們也不知道是否全變成了魔族。{nl}既然你必須要拯救歐勒夏，那現在你和我似乎是必須要走在一起了。	오르샤의 주민들도 모두 마족이 될지도 모르는 상황입니다.{nl}당신은 오르샤를 구해야 하니 지금은 당신과 제가 가야 할 방향이 같습니다.				여신 라다
QUEST_LV_0500_20210119_000402	我們不僅同路，還得牢牢記住不管何時都要為各自的責任而行動。	우리는 방향이 같을 뿐, 언제까지나 각자의 책임을 위해 움직이고 있다는 사실을 명심해야 합니다.				여신 라다
QUEST_LV_0500_20210119_000403	要是我幫助你，奧施莉奈絕對不會坐視不管的。	제가 당신을 돕게 된다면 아우슈리네님께서 가만히 있지는 않을 겁니다.				여신 라다
QUEST_LV_0500_20210119_000404	這裡是與你剛才經過的蓮帕拉沙池塘相連接的通道。{nl}為了採集莫提尼斯和攻擊歐勒夏，集結的魔族們正掌握著加橋森林。	여기는 방금 당신이 지나온 렘파라사 연못과 연결되는 통로입니다.{nl}머티니스 채굴과 오르샤를 공격하기 위해 집결한 마족들이 덧댄다리 숲을 장악하고 있습니다.				여신 라다
QUEST_LV_0500_20210119_000405	我必須回收魔族正在採集的莫提尼斯，{nl}那你要做些什麼呢？	저는 이 마족들이 채굴하고 있는 머티니스를 회수할 필요가 있습니다.{nl}당신은 무슨 일을 하실 거죠?				여신 라다
QUEST_LV_0500_20210119_000406	看來你很明白嘛。{nl}那麼下次再見了。	잘 이해하고 계시는군요.{nl}그럼 다시 뵙겠습니다.				여신 라다
QUEST_LV_0500_20210119_000407	在你對抗魔族的時候，我看見那些尚未躲避的歐勒夏居民們已安全地回到村莊了。	당신이 마족을 상대하고 있는 사이 미처 피하지 못했던 오르샤의 주민들이 무사히 마을 안으로 들어가는 걸 봤습니다.				여신 라다
QUEST_LV_0500_20210119_000408	你非常優秀地完成了任務。{nl}而我也回收了一部分的莫提尼斯。	당신의 임무를 훌륭히 수행하고 있군요.{nl}저 역시 머티니스를 일부 회수할 수 있었습니다.				여신 라다
QUEST_LV_0500_20210119_000409	為了繼續回收莫提尼斯，我打算前往加橋森林更深處。	저는 머티니스 회수를 계속하기 위해 덧댄다리 숲의 더 깊은 곳으로 갈 생각입니다.				여신 라다
QUEST_LV_0500_20210119_000410	正好離這裡不遠的吉貝尼大道有魔族採集莫提尼斯的龜裂。{nl}那裡的龜裂與你見過的蓮帕拉沙池塘的龜裂不同，那個龜裂並不堅硬看來有調查的價值。	마침 여기서 가까운 지베니 대로에서 마족들이 머티니스를 채굴하던 균열이 있습니다.{nl}그곳의 균열은 당신이 봤던 렘파라사 연못의 균열과 달리 굳어있지 않으니 조사할 가치도 있습니다.				여신 라다
QUEST_LV_0500_20210119_000411	這裡是進入加橋森林唯一的一條路，並且由魔族們佔據著。	여기서 덧댄다리 숲으로 들어가는 유일한 길이고, 마족들이 점거하고있습니다.				여신 라다
QUEST_LV_0500_20210119_000412	我也是正好感受到那魔力而停留在這裡的。{nl}那絕對是注視者的魔力。	저도 마침 그 마력을 느끼고 여기서 멈춰섰습니다.{nl}틀림없이 주시자의 마력이군요.				여신 라다
QUEST_LV_0500_20210119_000413	雖是推測，但魔族為採集莫提尼斯就必須要有那個魔力。{nl}再說一次，只要找到魔力的根源地並進行破壞，就可以阻止莫提尼斯的採集了。	추측이지만, 마족들이 머티니스를 채굴하기 위해서는 반드시 이 마력이 필요할 겁니다.{nl}다시 말해, 마력의 근원지를 찾아 파괴할 수만 있다면 머티니스 채굴을 막을 수 있습니다.				여신 라다
QUEST_LV_0500_20210119_000414	那麼就可以阻止莫提尼斯落入注視者的手中了。{nl}另外也可以給予為侵略攻擊歐勒夏而集結的魔族們不少的打擊。	그렇게 된다면 주시자의 손에 머티니스가 들어가는 일을 막을 수 있겠군요.{nl}그리고 오르샤를 침공하기 위해 집결한 마족들에게도 적지 않은 피해를 줄 수 있습니다.				여신 라다
QUEST_LV_0500_20210119_000415	我想去尋找魔力的根源地，{nl}我會去尋找那個不像你一樣可以飛而人類很難到達的絕壁。	저는 마력의 근원지를 찾아보려고 합니다.{nl}당신처럼 날 수 없는 인간이 가기에는 어려운 절벽을 찾아볼 겁니다.				여신 라다
QUEST_LV_0500_20210119_000416	拉達女神似乎故意釋放出祝福，{nl}那就試著利用這祝福在摩魯哥斯農場尋找魔力的根源地吧。	라다 여신이 일부로 축복을 흘려둔 것 같다{nl}축복을 이용해 모르꼬스 농장에서 마력의 근원지를 찾아보자				PC
QUEST_LV_0500_20210119_000417	發現了魔力根源地的注視者的黑色水晶。{nl}請確認是否能破壞。	마력의 근원지인 주시자의 검은 수정을 발견했다{nl}파괴할 수 있는지 확인해 보자				안내
QUEST_LV_0500_20210119_000418	試著使用拉達女神的祝福吧！	라다 여신의 축복을 사용해볼까?				안내
QUEST_LV_0500_20210119_000419	龜裂中的液體仍沸騰著。	균열 속의 액체가 여전히 끓고 있다				PC
QUEST_LV_0500_20210119_000420	要調查龜裂嗎？	균열을 조사하시겠습니까?				안내
QUEST_LV_0500_20210119_000421	仍能感受到透過龜裂而滲透出的魔力。{nl}請前往尚未調查的寶嵐林間小路方向尋找注視者的黑色水晶。	균열로 스며드는 마력이 여전히 느껴진다{nl}아직 조사하지 않은 보난 숲길 방향으로 가서 주시자의 검은 수정을 찾아보자				PC
QUEST_LV_0500_20210119_000422	要攻擊注視者的黑色水晶嗎？	주시자의 검은 수정을 공격하시겠습니까?				안내
QUEST_LV_0500_20210119_000423	除了你發現的兩個黑色水晶以外還有無數的水晶。{nl}破壞了所有在加橋森林裡的水晶。	당신이 발견한 두 개의 검은 수정 외에도 많은 수정이 있었습니다.{nl}덧댄다리 숲에 있던 수정은 모두 파괴했습니다.				여신 라다
QUEST_LV_0500_20210119_000424	加橋森林的莫提尼斯龜裂凝固了。 	덧댄다리 숲의 머티니스 균열들은 굳었습니다.				여신 라다
QUEST_LV_0500_20210119_000425	但{nl}仍有這段期間魔族們採集的莫提尼斯，{nl}在這裡無法找到莫提尼斯。	그러나{nl}그동안 마족들이 채굴한 머티니스가 있을 텐데,{nl}여기서는 머티니스를 찾을 수 없었습니다.				여신 라다
QUEST_LV_0500_20210119_000426	那些莫提尼斯絕不能落入注視者的手中，{nl}我必須要找到那個儲藏所並將莫提尼斯回收回來。	그 머티니스들이 주시자의 손에 들어가서는 안 됩니다.{nl}저는 그 저장소를 찾아 머티니스를 회수해야 합니다.				여신 라다
QUEST_LV_0500_20210119_000427	啟示者啊，{nl}你也有你必須要執行的任務。	계시자여,{nl}그대도 해야 할 일이 있습니다.				여신 라다
QUEST_LV_0500_20210119_000428	請在帕歐皮斯渡口尋找拉達女神。	파우피스 나루에서 라다 여신을 찾으세요				PC
QUEST_LV_0500_20210119_000429	既然驅趕了注視者，看著這裡的情況我正在等待著啟示者。	주시자를 쫓았으나, 이곳의 상황을 보고 계시자님을 기다리고 있었습니다.				여신 라다
QUEST_LV_0500_20210119_000430	你應該察覺到了吧？{nl}侵略攻擊歐勒夏的並非只有注視者一人，{nl}加上你剛才所見的兩勢力魔族包含注視者，就足足有三個勢力在侵略歐勒夏了。	눈치 채셨겠죠?{nl}오르샤를 침공한 건 주시자 뿐만이 아니라는 이야기입니다.{nl}방금 본 두개 세력의 마족들만 하더라도 주시자를 포함하여 세 개의 세력이 오르샤를 침공했군요.				여신 라다
QUEST_LV_0500_20210119_000431	但可以確認的是他們的目標全都是莫提尼斯。{nl}他們分別是魔王卡魯塔斯的魔族和魔神羅迦娜旗下的魔族。	하지만 모두 머티니스가 목표인 건 확실합니다.{nl}저들은 각각 마왕 카르타스의 마족과 마신 라가나의 휘하 마족들입니다.				여신 라다
QUEST_LV_0500_20210119_000432	僅管如此仍不能肯定，{nl}特別是無法相信魔王卡魯塔斯竟和魔神羅迦娜對敵。	그렇지만, 확신을 가질 수는 없습니다.{nl}특히나 마왕 카르타스가 마신인 라가나와 대적한다는 건 믿을 수가 없군요.				여신 라다
QUEST_LV_0500_20210119_000433	說不定還存在有其他操控他們的存在。	저들을 움직이는 다른 존재가 있을지도 모릅니다.				여신 라다
QUEST_LV_0500_20210119_000434	首先，我們需要確認操控魔王卡魯塔斯部下的真正上級是誰。{nl}你認為要怎麼處理侵略歐勒夏的那些魔族呢？	먼저, 마왕 카르타스의 부하들을 움직이는 진짜 상급자가 누구인지 확인해 둘 필요가 있겠군요.{nl}당신은 오르샤를 침공한 저 마족들을 어떻게 하시겠습니까?				여신 라다
QUEST_LV_0500_20210119_000435	感謝你的理解。	묵묵히 이해해주셔서 감사합니다.				여신 라다
QUEST_LV_0500_20210119_000436	那麼我會繼續去尋找到底覬覦莫提尼斯的存在是誰的。	그럼 저 역시 머티니스를 노리는 존재들이 누구인지 찾아보겠습니다.				여신 라다
QUEST_LV_0500_20210119_000437	我會在這裡與你再見的。	이 자리에서 다시 뵙겠습니다.				여신 라다
QUEST_LV_0500_20210119_000438	請在帕瑟蘭隱居地消滅賓美狄絲並獲得上級的標誌。	파슬랍 은거지에서 빈미디스를 처치하고 상급자의 징표를 획득하세요				PC
QUEST_LV_0500_20210119_000439	這個巴以卡和羅迦娜的標誌..{nl}你說卡魯塔斯的魔族們持有巴以卡的標誌？	이건 바이가와 라가나의 증표..{nl}바이가의 증표를 카르타스의 마족들이 가지고 있었다는 말씀이신가요?				여신 라다
QUEST_LV_0500_20210119_000440	雖魔王卡魯塔斯無法對抗羅迦娜..{nl}但如是巴以卡的話就說不定了。	마왕 카르타스가 라가나에게 대항할 수 없겠지만..{nl}바이가라면 가능할지도 모릅니다.				여신 라다
QUEST_LV_0500_20210119_000441	魔王巴以卡從很久前就與魔神巴烏巴斯有緊密的合作了。{nl}魔神巴烏巴斯在吉特涅不在的現在，絕對是最強悍的魔族。	마왕 바이가는 오랜 옛날부터 마신 바우바스와 긴밀한 협력을 이루고 있습니다.{nl}마신 바우바스는 길티네가 없는 지금으로서는 가장 강한 마족임이 틀림없습니다.				여신 라다
QUEST_LV_0500_20210119_000442	讓人深刻感受到這是沒有吉特涅的世界啊。	길티네가 사라진 세상이라는 게 새삼 실감이 나는군요.				여신 라다
QUEST_LV_0500_20210119_000443	巴以卡的魔族們的確在覬覦著莫提尼斯，{nl}但奇怪的是羅迦娜的魔族卻想妨礙莫提尼斯的採集，並沒有覬覦莫提尼斯的情況。	바이가의 마족들은 확실히 머티니스를 노리고 있었습니다.{nl}라가나의 마족들은 이상하게도 머티니스 채굴을 방해하려고만 했지, 머티니스 자체를 노리는 정황은 없더군요.				여신 라다
QUEST_LV_0500_20210119_000444	不管怎麼樣撇開他們的目的，要是莫提尼斯的主人是魔族，那對女神、對人類來說都不是件好事。{nl}請盡快去尋找莫提尼斯儲藏所。	아무튼 그들의 목적을 떠나 머티니스의 주인이 마족이 되는 건 여신에게든 인간에게든 좋을 수 없을 겁니다.{nl}서둘러 머티니스 저장소를 찾는게 좋겠습니다.				여신 라다
QUEST_LV_0500_20210119_000445	但在進來這裡後四處襲來強烈的魔力，{nl}無法確認這是注視者的黑色水晶，還是僅次於它的其他存在。	다만, 여기에 들어온 후로 사방에서 강력한 마력들이 휘몰아치고 있습니다.{nl}주시자의 검은 수정인지, 혹은 그에 버금갈 다른 존재인지는 확실하지 않습니다.				여신 라다
QUEST_LV_0500_20210119_000446	請務必小心。	조심하세요.				여신 라다
QUEST_LV_0500_20210119_000447	你是拉伊瑪的小嘍嘍啊。	너는 라이마의 끄나풀이로군.				마왕 바이가
QUEST_LV_0500_20210119_000448	老實說我有嚇到，{nl}雖然拉伊瑪說要幫忙，但人類小毛頭竟擊退了吉特涅，如要說那是本領我也認可了。	솔직하게 말하자면 놀라웠다.{nl}비록 라이마가 도왔다고는 하나, 인간 애송이가 길티네를 몰아넣었으니 재주라면 재주겠지.				마왕 바이가
QUEST_LV_0500_20210119_000449	你很好奇我來這裡的理由嗎？	내가 이곳에 온 이유가 궁금한가?				마왕 바이가
QUEST_LV_0500_20210119_000450	神樹的樹根不是你這種小毛頭該費心的東西。	신수의 뿌리는 너같은 애송이가 신경쓸 물건이 아니다.				마왕 바이가
QUEST_LV_0500_20210119_000451	你了解的世界連在現實存在世界中的塵埃都還不如。{nl}僅擁有短暫生命的人類竟有如此狂妄的好奇心。	네 녀석이 알고 있는 세계는 실제 존재하는 세계의 티끌 만큼도 안 된다.{nl}고작 순간의 삶을 살다 죽을 필멸의 인간따위가 건방진 호기심을 가지고 있군.				마왕 바이가
QUEST_LV_0500_20210119_000452	別費心思了。	신경꺼라.				마왕 바이가
QUEST_LV_0500_20210119_000453	你見過巴以卡了啊。{nl}在集中追擊羅迦娜後，才後知後覺地發現到巴以卡的存在。	바이가를 만나셨군요.{nl}라가나를 쫓는 데 집중한 나머지 뒤늦게 바이가의 존재를 알아차렸습니다.				여신 라다
QUEST_LV_0500_20210119_000454	羅迦娜啊，{nl}在森林裡追擊她時，當我發現這是件不可能的事後就錯手了。	라가나는,{nl}숲 속에서 그녀를 쫓는 건 거의 불가능한 일이라 놓치고 말았습니다.				여신 라다
QUEST_LV_0500_20210119_000455	但可確定的是羅迦娜和巴以卡彼此是對立的。{nl}他們的提議對我們來說雖看似有好處，{nl}但仍無法相信魔族的內心。{nl}因此不管是什麼樣的誘惑，都不能欣然地接受。	라가나와 바이가가 서로 대립하고 있는 건 확실하군요.{nl}그들의 제안은 궁극적으로 우리에게 이점인 것 처럼 보이겠지만,{nl}마족의 속내는 믿을 수 없습니다.{nl}그러니 어떤 유혹에도 결코 선뜻 받아들여서는 안 됩니다.				여신 라다
QUEST_LV_0500_20210119_000456	另一方面..{nl}現在要與注視者、羅迦娜、巴以卡以及其身後的巴烏巴斯對敵是非常危險的。	한 편으로는..{nl}지금 당장 주시자, 라가나, 바이가와 그 뒤의 바우바스까지 모두를 대적하기에는 위험합니다.				여신 라다
QUEST_LV_0500_20210119_000457	與你和吉特涅對抗時不同，{nl}能幫助你的只有保存力量的女神奧施莉奈而已..{nl}但你也明白奧施莉奈並不想要介入此事。	당신이 길티네와 싸웠을 때와는 달리,{nl}당신을 도울 수 있을 정도로 힘을 보존한 여신은 아우슈리네님 뿐..{nl}그러나 아우슈리네님께서는 이 일에 개입하시기를 원하지 않으신다는 걸 당신도 아실 겁니다.				여신 라다
QUEST_LV_0500_20210119_000458	有個方法。	방법은 있습니다.				여신 라다
QUEST_LV_0500_20210119_000459	如能確保可比注視者的魔族更先找到採集的莫提尼斯，{nl}那就一定能取得主導權了。{nl}因此得盡快找到莫提尼斯的儲藏所。	주시자의 마족들이 채굴한 머티니스를 그들보다 먼저 찾아내 확보한다면,{nl}분명히 주도권을 쥘 수 있습니다.{nl}그러니 서둘러 머티니스의 저장소를 찾죠.				여신 라다
QUEST_LV_0500_20210119_000460	但現在我因與羅迦娜對抗消耗了太多力量，因此需要恢復的時間。	다만, 지금은 제가 라가나와의 싸움으로 힘을 많이 소모한 탓에 회복할 시간이 필요합니다.				여신 라다
QUEST_LV_0500_20210119_000461	就這麼辦吧。{nl}我不會花太多時間休息恢復的。	그러시죠.{nl}회복하는데 오래 걸리지는 않을 겁니다.				여신 라다
QUEST_LV_0500_20210119_000462	請你仍得牢記著我們要為各自的責任而動起來。	여전히 우리는 각자의 책임을 위해 움직이고 있다는 걸 명심하세요.				여신 라다
QUEST_LV_0500_20210119_000463	這樣啊..{nl}說到喀貝斯街道...那是前往森林內部的道路。	그렇군요..{nl}갓베스 가도라면 숲의 안쪽으로 이어지는 길입니다.				여신 라다
QUEST_LV_0500_20210119_000464	看來有必要前往喀貝斯街道了。	갓베스 가도로 가 볼 필요가 있겠군요.				여신 라다
QUEST_LV_0500_20210119_000465	我還需要一點時間。	저는 아직 시간이 조금 더 필요합니다.				여신 라다
QUEST_LV_0500_20210119_000466	反正我們都有各自要做的事情，{nl}啟示者你先啟程也沒關係。	어차피 우리는 각자가 해야할 일을 하고 있을 뿐이니,{nl}계시자님 께서 먼저 가셔도 괜찮습니다.				여신 라다
QUEST_LV_0500_20210119_000467	知道了。{nl}我一恢復好就會跟上的。 	알겠습니다.{nl}저도 회복되는대로 따라가겠습니다.				여신 라다
QUEST_LV_0500_20210119_000468	在喀貝斯街道也有莫提尼斯龜裂。{nl}請先前往喀貝斯街道。	갓베스 가도에도 머티니스 균열이 있습니다.{nl}갓베스 가도로 먼저 가세요				여신 라다
QUEST_LV_0500_20210119_000469	我也會在恢復好後跟上的。	저도 회복되는대로 따라가겠습니다.				여신 라다
QUEST_LV_0500_20210119_000470	車輪痕跡的方向是朝向著伊薩巫古迪森林的。	수레 바퀴 자국의 방향이 이사우고티 숲을 향하고있다				PC
QUEST_LV_0500_20210119_000471	我就知道會往這個方向。{nl}在要進入森林更深處的地方將會有更多莫提尼斯的力量流散的。	이쪽으로 오실 줄 알았습니다.{nl}이 앞으로 들어가는 깊은 숲에서 너무 많은 머티니스의 힘이 흘러나오고 있습니다.				여신 라다
QUEST_LV_0500_20210119_000472	莫提尼斯儲藏所一定就在裡面。{nl}雖然情況很危急，{nl}但事情似乎比想像中的還要嚴重，所以為了做好整頓準備，我想你最好先去拉伊瑪的聖所。	분명 머티니스 저장소는 이 안쪽에 있을 겁니다.{nl}상황이 위급한 건 사실이지만,{nl}생각보다 일이 커지고 있으니 재정비를 위해 잠시 라이마의 성소로 돌아가는 게 좋겠습니다.				여신 라다
QUEST_LV_0500_20210119_000473	那麼，{nl}我們在拉伊瑪的聖所見了。	그럼,{nl}라이마의 성소에서 다시 뵙죠.				여신 라다
QUEST_LV_0500_20210119_000474	請做準備..	준비하세요..				뮬리아
QUEST_LV_0500_20210119_000475	災難即將到來..	재앙이 오고 있습니다..				뮬리아
QUEST_LV_0500_20210119_000476	人類會滅亡的..	인간들은 파멸할 거예요..				뮬리아
QUEST_LV_0500_20210119_000477	小心..	조심..				라이마
QUEST_LV_0500_20210119_000478	千萬..{nl}小心..	부디..{nl}조심..				라이마
QUEST_LV_0500_20210119_000479	你必須要有的..{nl}如不介意..{nl}請閉上眼睛..	당신이 가져가야할 게..{nl}괜찮으시다면..{nl}눈을 감아주세요..				라이마
QUEST_LV_0500_20210119_000480	如能再休息一下會更好。	조금 더 쉴 수 있으면 좋겠어요.				뮬리아
QUEST_LV_0500_20210119_000481	是散發出不吉利氣息的箱子。{nl}看來是保管著採集的莫提尼斯。	불길한 기운이 뿜어져 나오는 상자다.{nl}채굴한 머티니스를 보관 중인 것 같다.				안내
QUEST_LV_0500_20210119_000482	請在剛才發現的箱子堆中設置炸彈。	방금 발견한 저 상자 더미에 폭탄을 설치하자.				PC
QUEST_LV_0500_20210119_000483	{nl}好像安全地設置好炸彈了。	{nl}무사히 폭탄을 설치한 것 같다.				PC
QUEST_LV_0500_20210119_000484	索格瑪斯執行者	소거마스 집행자				
QUEST_LV_0500_20210119_000485	貪圖注視者珍貴莫提尼斯的小偷是你嗎？	주시자님의 소중한 머티니스를 탐내는 도둑이 네 녀석인가?				소거마스 집행자
QUEST_LV_0500_20210119_000486	從現在起，將執行對小偷的死刑！	지금부터 도둑에 대한 사형을 집행하겠다!				소거마스 집행자
QUEST_LV_0500_20210119_000487	[王國重建團] 歐勒夏負責人	[왕국 재건단] 오르샤 담당인				
QUEST_LV_0500_20210119_000488	你說有聽過關於我們的消息？{nl}正好我們也聽說了有關啟示者的傳聞。	저희에 대한 소식을 들으셨다구요?{nl}마침 저희도 계시자님에 대한 소문을 들었습니다.				[왕국 재건단] 오르샤 담당인
QUEST_LV_0500_20210119_000489	我們是以王國重建團的名義凝聚在一起的團體。{nl}我們是為了振興因神樹之日而滅亡的王國及世界而聚集的。	저희는 왕국 재건단이라는 이름으로 뭉쳐있습니다.{nl}우리는 신수의 날로 인해 무너진 왕국과 세계를 다시 일으키기 위해 모였죠.				[왕국 재건단] 오르샤 담당인
QUEST_LV_0500_20210119_000490	與其等待消失的女神們的答應，我們人類應該要自立自強重建王國。	사라진 여신들의 대답을 기다리기보다, 우리 인간들 스스로 왕국을 재건해야 합니다.				[왕국 재건단] 오르샤 담당인
QUEST_LV_0500_20210119_000491	啊，但請別誤會。{nl}我們仍是崇敬女神的人，{nl}只不過以現在的情況來看，也許是女神們希望我們人類能夠變得更強大吧。	아, 그러나 오해하진 마세요.{nl}우리도 역시 여신들에게 신앙심을 가진 사람들입니다.{nl}다만 지금 이 상황이 어쩌면 여신들께서 인간들이 스스로 더 강해지길 바라시기 때문일 수도 있죠.				[왕국 재건단] 오르샤 담당인
QUEST_LV_0500_20210119_000492	所以我們王國重建團不僅只有大陸，同時也派遣團員前往世界各地去努力協助解決當地的問題。	그래서 우리 왕국 재건단은 대륙은 물론 세계 곳곳으로 파견되어 현장의 문제를 돕는데 최선을 다하고 있습니다.				[왕국 재건단] 오르샤 담당인
QUEST_LV_0500_20210119_000493	啟示者的故事我已經聽過很多次了。{nl}如啟示者能幫助我們，那絕對會是相當大的助力的。	계시자님의 이야기는 익히 들었습니다.{nl}계시자님께서 저희를 도와주신다면 큰 힘이 될 겁니다.				[왕국 재건단] 오르샤 담당인
QUEST_LV_0500_20210119_000494	請去見被派遣到各地的王國重建團團員吧。{nl}他們會需要啟示者的。	각 현장에 파견되어 있는 왕국 재건단 단원들을 만나보세요.{nl}그들이 계시자님을 필요로 할 겁니다.				[왕국 재건단] 오르샤 담당인
QUEST_LV_0500_20210119_000495	[王國重建團] 歐勒夏派遣兵	[왕국 재건단] 오르샤 파견병				
QUEST_LV_0500_20210119_000496	如啟示者能給予我們幫助，我們也一定會給予你相對應的回報的。{nl}啟示者的英雄事蹟也會流傳到世界各地的。	계시자님께서 저희를 도와주신다면 반드시 상응하는 보답을 하겠습니다.{nl}계시자님의 영웅담은 세계 각지로 뻗어나가게 될 겁니다.				[왕국 재건단] 오르샤 파견병
QUEST_LV_0500_20210119_000497	[王國重建團] 歐勒夏支援兵	[왕국 재건단] 오르샤 자원병				
QUEST_LV_0500_20210119_000498	神樹之日後為了振興陷入悲慟的大陸，就得靠我們人類的團結了。{nl}我們會為了復興王國而戰的，{nl}啟示者也一同加入我們吧。	신수의 날 이후로 비탄에 빠진 대륙을 다시 일으킬 수 있는 건 바로 우리 인간들의 결속력입니다.{nl}곧 우리 모두가 왕국을 일으키기 위해 싸울 겁니다.{nl}계시자님께서도 함께 하시죠.				[왕국 재건단] 오르샤 자원병
QUEST_LV_0500_20210119_000499	[王國重建團] 歐勒夏調查員	[왕국 재건단] 오르샤 조사원				
QUEST_LV_0500_20210119_000500	我們王國重建團為了協助陷入危機的人們，正在持續調查災難現場。{nl}這裡也同樣情況相當糟糕啊。	저희 왕국 재건단이 위기에 빠진 사람들을 도울 수 있도록 재난 현장을 지속적으로 조사 중 입니다.{nl}여기도 만만치 않게 엉망이군요.				[왕국 재건단] 오르샤 조사원
QUEST_LV_0500_20210119_000501	[王國重建團] 歐勒夏醫療支援兵	[왕국 재건단] 오르샤 의료지원병				
QUEST_LV_0500_20210119_000502	雖然我們總是用盡全力去做好我們份內的事，但每當看到死去的士兵時內心總是無比傷痛。{nl}希望他們的靈魂能回到奧施莉奈女神的懷抱中。	항상 최선을 다하고 있지만 죽어가는 병사들의 모습을 볼 때면 가슴이 아려오네요.{nl}부디 그들의 영혼이 아우슈리네 여신에게 돌아갈 수 있기를 바라고 있어요.				[왕국 재건단] 오르샤 의료지원병
QUEST_LV_0500_20210119_000503	[王國重建團] 歐勒夏傳令	[왕국 재건단] 오르샤 전령				
QUEST_LV_0500_20210119_000504	在戰鬥地區為了不遺棄士兵們，就必須要持續地與本部聯繫。{nl}但要突破魔族的包圍並不是件簡單的事。	전투 지역에 병사들이 버려지지 않도록 본부와의 연락을 계속해야 합니다.{nl}그러나 마족들의 포위망을 뚫는 건 여간 쉬운일이 아니군요.				[왕국 재건단] 오르샤 전령
QUEST_LV_0500_20210119_000505	吉特涅留下的東西	길티네가 남긴 것				
QUEST_LV_0500_20210119_000506	閉上眼睛	눈을 감는다				
QUEST_LV_0500_20210119_000507	不閉上眼睛	눈을 감지 않는다				
QUEST_LV_0500_20210119_000508	陷入危機的歐勒夏	위기에 빠진 오르샤				
QUEST_LV_0500_20210119_000509	表示願意幫助歐勒夏	오르샤를 돕겠다고 한다				
QUEST_LV_0500_20210119_000510	表示還需要思考	생각이 필요하다고 한다				
QUEST_LV_0500_20210119_000511	女神的召喚	여신의 부름				
QUEST_LV_0500_20210119_000512	開始調查(1)	조사 개시(1)				
QUEST_LV_0500_20210119_000513	表示還需要一點時間	조금 더 시간이 필요하다고 한다				
QUEST_LV_0500_20210119_000514	開始調查(2)	조사 개시(2)				
QUEST_LV_0500_20210119_000515	表示在藍圖魯瑪休憩地再見	란돌루마 쉼터에서 만나자고 한다				
QUEST_LV_0500_20210119_000516	開始調查(3)	조사 개시(3)				
QUEST_LV_0500_20210119_000517	表示會前往阿達塔街道	아다타 가도로 향하겠다고 한다				
QUEST_LV_0500_20210119_000518	表示會先做其他的事情之後再來	다른 일을 먼저 하고 오겠다고 한다				
QUEST_LV_0500_20210119_000519	他們的目的是	그들의 목적은				
QUEST_LV_0500_20210119_000520	表示會調查馬爾柯斯伐木場	말코스 벌목지를 조사하겠다고 한다				
QUEST_LV_0500_20210119_000521	加橋森林的採集設施	덧댄다리 숲의 채굴 시설				
QUEST_LV_0500_20210119_000522	表示恢復歐勒夏是最優先的事，因此會一起戰鬥的	오르샤의 회복이 우선이니 함께 싸우겠다고 한다				
QUEST_LV_0500_20210119_000523	表示不想再與神們有瓜葛了。	더는 신들과 엮이고 싶지 않다고 한다				
QUEST_LV_0500_20210119_000524	為守護歐勒夏	오르샤를 수호하기 위해				
QUEST_LV_0500_20210119_000525	表示會阻止前往歐勒夏的魔族	오르샤로 가는 마족들을 저지하겠다고 한다				
QUEST_LV_0500_20210119_000526	表示會先處理其他地方的事情	다른 곳의 일을 우선 처리하겠다고 한다				
QUEST_LV_0500_20210119_000527	調查龜裂	균열 조사				
QUEST_LV_0500_20210119_000528	表示正要前往吉貝尼大道	지베니 대로로 갈 참이었다고 한다				
QUEST_LV_0500_20210119_000529	表示要先解決其他地方的事情	다른 곳의 일을 먼저 해결하겠다고 한다				
QUEST_LV_0500_20210119_000530	魔力的根源地	마력의 근원지				
QUEST_LV_0500_20210119_000531	表示想前往摩魯哥斯農場	모르꼬스 농장으로 갈 생각이라고 한다				
QUEST_LV_0500_20210119_000532	表示現在需要再整頓一下	지금은 재정비가 필요하다고 한다				
QUEST_LV_0500_20210119_000533	破壞黑色水晶	검은 수정 파괴				
QUEST_LV_0500_20210119_000534	使用拉達女神的祝福	라다 여신의 축복을 사용한다				
QUEST_LV_0500_20210119_000535	看似很危險決定停手	위험해 보이니 그만둔다				
QUEST_LV_0500_20210119_000536	其他的黑色水晶	또 다른 검은 수정				
QUEST_LV_0500_20210119_000537	調查龜裂	균열을 조사한다				
QUEST_LV_0500_20210119_000538	現在正在執行其他的事情	지금은 다른 일을 한다				
QUEST_LV_0500_20210119_000539	破壞最後的黑色水晶	마지막 검은 수정 파괴				
QUEST_LV_0500_20210119_000540	攻擊黑色水晶	검은 수정을 공격한다				
QUEST_LV_0500_20210119_000541	因為很危險而停手	위험하니 그만둔다				
QUEST_LV_0500_20210119_000542	注視者的目的	주시자의 목적				
QUEST_LV_0500_20210119_000543	表示如破壞莫提尼斯儲藏所將可給予敵人很大的打擊	머티니스 저장소를 파괴하면 적에게 큰 타격을 줄 수 있다고 한다				
QUEST_LV_0500_20210119_000544	表示要先整頓一下	우선 재정비를 하겠다고 한다				
QUEST_LV_0500_20210119_000545	佔據帕歐皮斯渡口的勢力(1)	파우피스 나루를 점거한 세력들(1)				
QUEST_LV_0500_20210119_000546	表示想聽聽帕歐皮斯渡口的情況	파우피스 나루의 상황을 듣고 싶다고 한다				
QUEST_LV_0500_20210119_000547	表示還有更緊急的事情	보다 더 급한 일이 있다고 한다				
QUEST_LV_0500_20210119_000548	佔據帕歐皮斯渡口的勢力(2)	파우피스 나루를 점거한 세력들(2)				
QUEST_LV_0500_20210119_000549	表示會去殲滅攻擊歐勒夏的魔族	오르샤를 공격한 마족들을 처치하겠다고 한다				
QUEST_LV_0500_20210119_000550	表示現在有緊急需要前往的地方	지금은 급히 가봐야 할 곳이 있다고 한다				
QUEST_LV_0500_20210119_000551	佔據帕歐皮斯渡口的勢力(3)	파우피스 나루를 점거한 세력들(3)				
QUEST_LV_0500_20210119_000552	羅迦娜的提議	라가나의 제안				
QUEST_LV_0500_20210119_000553	表示會去調查洛渾沙峭壁	로혼사 절벽을 조사하러 가겠다고 한다				
QUEST_LV_0500_20210119_000554	表示需要休息	쉬어야겠다고 한다				
QUEST_LV_0500_20210119_000555	巴以卡的提議	바이가의 제안				
QUEST_LV_0500_20210119_000556	詢問目的	목적을 묻는다				
QUEST_LV_0500_20210119_000557	默默地離開	묵묵히 자리를 떠난다				
QUEST_LV_0500_20210119_000558	詢問神樹的樹根	신수의 뿌리에 대해 묻는다				
QUEST_LV_0500_20210119_000559	莫提尼斯的下落(1)	머티니스의 행방(1)				
QUEST_LV_0500_20210119_000560	表示這期間會去調查附近的莫提尼斯龜裂	그동안 근처의 머티니스 균열을 조사하겠다고 한다				
QUEST_LV_0500_20210119_000561	表示正好有其他的事情，請他先休息	마침 다른 일이 있으니 쉬고 있으라고 한다				
QUEST_LV_0500_20210119_000562	莫提尼斯的下落(2)	머티니스의 행방(2)				
QUEST_LV_0500_20210119_000563	表示先前往喀貝斯街道	먼저 갓베스 가도로 가겠다고 한다				
QUEST_LV_0500_20210119_000564	表示不需急躁	서두를 필요가 없다고 한다				
QUEST_LV_0500_20210119_000565	莫提尼斯的下落(3)	머티니스의 행방(3)				
QUEST_LV_0500_20210119_000566	表示是好的意見	좋은 의견이라고 한다				
QUEST_LV_0500_20210119_000567	表示並不是好的想法	좋지 않은 생각이라고 한다				
QUEST_LV_0500_20210119_000568	[每週] 殲滅 - 變異型怪物	[주간] 섬멸 - 변이형 몬스터				
QUEST_LV_0500_20210119_000569	[每週] 殲滅 - 昆蟲、惡魔、植物型怪物	[주간] 섬멸 - 곤충, 악마, 식물형 몬스터				
QUEST_LV_0500_20210119_000570	[每週] 殲滅 - 野獸型怪物	[주간] 섬멸 - 야수형 몬스터				
QUEST_LV_0500_20210119_000571	[每週] 殲滅 - 大型怪物	[주간] 섬멸 - 대형 몬스터				
QUEST_LV_0500_20210119_000572	[每週] 殲滅 - 中型怪物	[주간] 섬멸 - 중형 몬스터				
QUEST_LV_0500_20210119_000573	[每週] 殲滅 - 小型怪物	[주간] 섬멸 - 소형 몬스터				
QUEST_LV_0500_20210119_000574	[每週] 殲滅 - 淨化歐勒夏	[주간] 섬멸 - 오르샤 정화				
QUEST_LV_0500_20210119_000575	[每週] 征服 - 貝勒尼凱碎片副本	[주간] 정복 - 베르니케 파편 던전				
QUEST_LV_0500_20210119_000576	[每週] 征服 - 召喚獸地下城	[주간] 정복 - 어시스터 던전				
QUEST_LV_0500_20210119_000577	[每週] 征服 - 1人遠征隊	[주간] 정복 - 1인 레이드				
QUEST_LV_0500_20210119_000578	[每週] 征服 - 傳說遠征隊	[주간] 정복 - 레전드 레이드				
QUEST_LV_0500_20210119_000579	[每週] 征服 - 每週BOSS遠征隊	[주간] 정복 - 주간 보스 레이드				
QUEST_LV_0500_20210119_000580	[每週] 先鋒 - 合作戰	[주간] 선봉 - 협동전				
QUEST_LV_0500_20210119_000581	[每週] 先鋒 - 等級地下城	[주간] 선봉 - 레벨 던전				
QUEST_LV_0500_20210119_000582	[每週] 先鋒 - 挑戰	[주간] 선봉 - 챌린지				
QUEST_LV_0500_20210119_000583	[每週] 先鋒 - 分裂特別傳點	[주간] 선봉 - 분열 특이점				
QUEST_LV_0500_20210119_000584	[每日] 收復 - 蓮帕拉沙池塘	[일일] 수복 - 렘파라사 연못				
QUEST_LV_0500_20210119_000585	[每日] 收復 - 加橋森林	[일일] 수복 - 덧댄다리 숲				
QUEST_LV_0500_20210119_000586	[每日] 收復 - 帕歐皮斯渡口	[일일] 수복 - 파우피스 나루				
QUEST_LV_0500_20210119_000587	[每日] 收復 - 伊薩巫古迪森林	[일일] 수복 - 이사우고티 숲				
QUEST_LV_0500_20210119_000588	[每日] 收復 - 奇勒提瑪斯森林	[일일] 수복 - 키르티마스 숲				
QUEST_LV_0500_20210119_000589	[每日] 回收 - 蓮帕拉沙池塘	[일일] 회수 - 렘파라사 연못				
QUEST_LV_0500_20210119_000590	[每日] 回收 - 加橋森林	[일일] 회수 - 덧댄다리 숲				
QUEST_LV_0500_20210119_000591	[每日] 回收 - 帕歐皮斯渡口	[일일] 회수 - 파우피스 나루				
QUEST_LV_0500_20210119_000592	[每日] 回收 - 伊薩巫古迪森林	[일일] 회수 - 이사우고티 숲				
QUEST_LV_0500_20210119_000593	[每日] 回收 - 奇勒提瑪斯森林	[일일] 회수 - 키르티마스 숲				
QUEST_LV_0500_20210119_000594	[反覆] 救援 - 淨化世界	[반복] 구원 - 세계 정화				
QUEST_LV_0500_20210119_000595	[反覆] 救援 - 傳說遠征隊	[반복] 구원 - 레전드 레이드				
QUEST_LV_0500_20210119_000596	[反覆] 救援 - 挑戰	[반복] 구원 - 챌린지				
QUEST_LV_0500_20210119_000597	事前準備	사전 준비				
QUEST_LV_0500_20210119_000598	尋找方法	방법을 찾아서				
QUEST_LV_0500_20210119_000599	表示有想到的人	생각나는 사람이 있다고 한다.				
QUEST_LV_0500_20210119_000600	表示不太清楚	잘 모르겠다고 한다.				
QUEST_LV_0500_20210119_000601	莫提尼斯儲藏所	머티니스 저장소				
QUEST_LV_0500_20210119_000602	表示會立刻出發前往伊薩巫古迪森林	이사우고티 숲으로 바로 출발하겠다고 한다.				
QUEST_LV_0500_20210119_000603	以夷制夷(1)	이이제이(1)				
QUEST_LV_0500_20210119_000604	表示請稍等一下	잠시만 기다려달라고 한다.				
QUEST_LV_0500_20210119_000605	以夷制夷(2)	이이제이(2)				
QUEST_LV_0500_20210119_000606	表示會去傳達之後回來	전달하고 오겠다고 한다.				
QUEST_LV_0500_20210119_000607	表示還有要做的事情	아직 할 것이 남았다고 한다.				
QUEST_LV_0500_20210119_000608	以夷制夷(3)	이이제이(3)				
QUEST_LV_0500_20210119_000609	以夷制夷(4)	이이제이(4)				
QUEST_LV_0500_20210119_000610	表示會去查看莫提尼斯儲藏所然後回來	머티니스 저장소를 살펴보고 오겠다고 한다.				
QUEST_LV_0500_20210119_000611	表示還不是時候	아직 때가 아닌 것 같다고 한다.				
QUEST_LV_0500_20210119_000612	以夷制夷(5)	이이제이(5)				
QUEST_LV_0500_20210119_000613	爆破	발파				
QUEST_LV_0500_20210119_000614	消滅的莫提尼斯(1)	소멸한 머티니스(1)				
QUEST_LV_0500_20210119_000615	消滅的莫提尼斯(2)	소멸한 머티니스(2)				
QUEST_LV_0500_20210119_000616	消滅的莫提尼斯(3)	소멸한 머티니스(3)				
QUEST_LV_0500_20210119_000617	消滅的莫提尼斯(4)	소멸한 머티니스(4)				
QUEST_LV_0500_20210119_000618	表示會去傳達	전하러 가겠다고 한다.				
QUEST_LV_0500_20210119_000619	表示在這裡還有其他的事情要做	아직 이곳에 볼일이 남았다고 한다.				
QUEST_LV_0500_20210119_000620	消滅的莫提尼斯(5)	소멸한 머티니스(5)				
QUEST_LV_0500_20210119_000621	無盡的威脅	끝나지 않은 위협				
QUEST_LV_0500_20210119_000622	王國重建團	왕국 재건단				
QUEST_LV_0500_20210119_000623	表示會後援援助王國重建團	왕국 재건단을 후원하고 돕겠다고 한다				
QUEST_LV_0500_20210119_000624	表示無法相信你們	당신들을 믿을 수 없다고 한다				
QUEST_LV_0500_20210119_000625	到拉伊瑪的聖所與拉伊瑪見面	라이마의 성소에서 라이마를 만나기				
QUEST_LV_0500_20210119_000626	請到拉伊瑪的聖所與拉伊瑪見面	라이마의 성소에서 라이마를 만나세요				
QUEST_LV_0500_20210119_000627	前進祭壇	제단으로 다가가기				
QUEST_LV_0500_20210119_000628	進入到拉伊瑪的聖所內部了。{nl}請前進祭壇。	라이마의 성소 내부로 들어왔습니다{nl}제단으로 다가가세요				
QUEST_LV_0500_20210119_000629	在白魔女森林(獨特)進行調查	하얀 마녀의 숲(유니크)에서 조사를 진행하기.	QUEST_LV_0500_20200723_000202	在白魔女森林裡進行調查。	하얀 마녀의 숲에서 조사를 진행하기.	
QUEST_LV_0500_20210119_000630	去找歐勒夏領主伊內沙黑蒙戴伊	오르샤의 영주 이네사 헤먼데일을 찾아가기				
QUEST_LV_0500_20210119_000631	在歐勒夏發生了異變，{nl}歐勒夏領主伊內沙黑蒙戴伊為了緊急請求啟示者們的協助正在尋找你。	오르샤에 이변이 일어났습니다{nl}오르샤의 영주인 이네사 헤먼데일은 계시자들을 비롯한 당신에게 급한 도움을 부탁하기 위해 당신을 찾고 있습니다				
QUEST_LV_0500_20210119_000632	在歐勒夏發生了異變，{nl}歐勒夏領主伊內沙黑蒙戴伊為了緊急請求啟示者們的協助正在尋找你。	오르샤에 이변이 일어났습니다{nl}오르샤의 영주인 이네사 헤먼데일은 계시자들을 비롯한 당신에게 급한 도움을 부탁하기 위해 당신을 찾고있습니다				
QUEST_LV_0500_20210119_000633	在歐勒夏發生了異變，{nl}歐勒夏領主伊內沙黑蒙戴伊為了緊急請求啟示者們的協助正在尋找你。	오르샤에 이변이 일어났습니다{nl}오르샤의 영주인 이네사 헤먼데일은 계시자들을 비롯, 당신에게 급한 도움을 부탁하기 위해 당신을 찾고있습니다				
QUEST_LV_0500_20210119_000634	在拉伊瑪的聖所與拉達女神見面。{nl}拉伊瑪的聖所可透過柯拉佩達、歐勒夏、佩迪米安的女神像移動。	라이마의 성소에서 라다 여신을 만나기{nl}라이마의 성소는 클라페다, 오르샤, 페디미안의 여신상으로 이동할 수 있습니다				
QUEST_LV_0500_20210119_000635	伊內沙黑蒙戴伊說在正式展開戰鬥之前有尋找你的存在，因此請你前往拉伊瑪的聖所。{nl}請利用柯拉佩達、歐勒夏、佩迪米安的女神像移動到拉伊瑪的聖所。	이네사 헤먼데일은 본격적인 전투에 앞서, 당신을 찾는 존재가 있으니 라이마의 성소로 가보라고 합니다{nl}클라페다, 오르샤, 페디미안의 여신상을 이용해 라이마의 성소로 이동하세요				
QUEST_LV_0500_20210119_000636	在蓮帕拉沙池塘尋找拉達女神	렘파라사 연못에서 라다 여신을 찾기				
QUEST_LV_0500_20210119_000637	拉達女神正在蓮帕拉沙池塘等你，{nl}請在蓮帕拉沙池塘與拉達女神對話。	라다 여신은 렘파라사 연못에서 기다리고 있습니다{nl}렘파라사 연못에서 라다 여신과 대화하세요				
QUEST_LV_0500_20210119_000638	與拉達女神對話	라다 여신과 대화하기				
QUEST_LV_0500_20210119_000639	為了在這裡必須要做的事情，請與拉達女神對話。	이곳에서 해야 할 일을 찾기 위해 라다 여신과 대화하세요				
QUEST_LV_0500_20210119_000640	殲滅周遭魔族並找來魔族收集的物品	주변의 마족을 처치하여 마족이 모으고 있는 물건을 찾아오기				
QUEST_LV_0500_20210119_000641	拉達女神請你去殲滅周遭的魔族，並查清楚魔族們在歐勒夏一帶正在收集的東西是什麼。	라다 여신은 주변의 마족을 처치하고 마족들이 오르샤 일대에서 모으고 있는 것을 알아 와 주길 부탁했습니다				
QUEST_LV_0500_20210119_000642	獲得了推測是魔族收集的不明礦石。{nl}請將不明的物質拿去給拉達女神看。	마족이 모으고 있는 물건으로 추정되는 정체불명의 광석을 획득했습니다{nl}라다 여신에게 가져가 정체불명의 물질을 보여주세요				
QUEST_LV_0500_20210119_000643	殲滅魔族後，在他們的持有品中發現了不明的礦石。{nl}是一眼就可看出非常危險的礦石。{nl}請拿去給拉達女神詢問一下來歷。	마족들을 처치하자 그들의 소지품 속에서 정체불명의 광석을 발견했습니다{nl}한 눈에 보기에도 위험해 보이는 광석입니다{nl}라다 여신에게 가져가 정체를 물어보세요				
QUEST_LV_0500_20210119_000644	殲滅%s 後獲得目標 	%s 처치 후 목표 획득				
QUEST_LV_0500_20210119_000645	向拉達女神詢問接下來要做的事	라다 여신에게 다음 해야 할 일에 관해 물어보세요				
QUEST_LV_0500_20210119_000646	在藍圖魯瑪休憩地協助拉達女神的魔族審問	란돌루마 쉼터에서 라다 여신의 마족 심문을 돕기				
QUEST_LV_0500_20210119_000647	拉達女神為揭發魔族侵略歐勒夏的計畫，打算利用魔族。{nl}請在藍圖魯瑪休憩地外圍調查魔族。	라다 여신은 오르샤를 침공한 마족들의 계획을 밝히기 위해 마족들을 이용하자고 합니다{nl}란돌루마 쉼터의 외진 곳에서 마족들을 조사하세요				
QUEST_LV_0500_20210119_000648	殲滅魔族的同時，拉達女神透過魔族的靈魂讀取了記憶。{nl}請去詢問拉達女神是否有調查出些什麼。	마족들을 처치하고 라다 여신이 마족의 영혼을 통해 기억을 읽어냈습니다{nl}라다 여신이 무엇을 알아냈는지 물어보세요				
QUEST_LV_0500_20210119_000649	拉達女神陷入了沈思。{nl}請向拉達女神詢問是否有從魔族的靈魂那裡讀取到什麼。	라다 여신이 생각에 잠겨 있습니다{nl}라다 여신에게 마족들의 영혼으로부터 읽은 기억이 무엇인지 물어보세요				
QUEST_LV_0500_20210119_000650	收集魔族的靈魂並拿去給在阿達塔街道的拉達女神	마족들의 영혼을 모아 아다타 가도에 있는 라다 여신에게 가져가기				
QUEST_LV_0500_20210119_000651	拉達女神從魔族的靈魂那裡讀取了注視者的氣息。{nl}透過注視者的經歷，在更嚴重的情況之下拉達女神需要更多的情報。{nl}如在阿達塔街道殲滅魔族，並在殘留的魔族靈魂上使用拉達女神的祝福，將可淨化魔族的靈魂，而拉達女神也可讀取靈魂的記憶。	라다 여신은 마족들의 영혼으로부터 주시자의 기운을 읽었습니다{nl}주시자가 엮여 있는 만큼 더 심각해진 상황에 라다 여신은 더 많은 정보가 필요하다고 합니다{nl}아다타 가도에서 마족을 처치하고 잔류한 마족의 영혼에 라다 여신의 축복을 사용하면, 마족의 영혼이 정화되어 라다 여신이 영혼의 기억을 읽을 수 있습니다				
QUEST_LV_0500_20210119_000652	向拉達女神詢問結果	라다 여신에게 결과를 묻기				
QUEST_LV_0500_20210119_000653	充分地淨化了魔族的靈魂並送去給拉達女神了。{nl}請去尋找拉達女神並詢問是否有查出什麼。	충분한 마족의 영혼을 정화했고 라다 여신에게 보냈습니다{nl}라다 여신에게 찾아가 알아낸 게 있는지 물어보세요				
QUEST_LV_0500_20210119_000654	請與拉達女神聊聊下一個目標。	라다 여신과 다음 목표에 관해 이야기하세요				
QUEST_LV_0500_20210119_000655	拉達女神從魔族的記憶中查出注視者的目的了。{nl}請與拉達女神聊聊下一個目標。	라다 여신은 마족의 기억으로부터 주시자의 목적을 알아냈습니다{nl}라다 여신과 다음 목표에 관해 이야기하세요				
QUEST_LV_0500_20210119_000656	在馬爾柯斯伐木場調查不明的龜裂	말코스 벌목지에서 정체불명의 균열을 조사하기				
QUEST_LV_0500_20210119_000657	拉達女神從魔族的記憶中目擊了陌生的龜裂，{nl}拉達女神已先前往加橋森林了，請在調查馬爾柯斯伐木場後，如有發現任何事情請到加橋森林向拉達女神報告。	라다 여신은 한편으로, 마족의 기억으로부터 낯선 균열을 목격했다고 한다{nl}라다 여신은 먼저 덧댄다리 숲으로 향했으니 말코스 벌목지를 조사 후 무엇이든 발견하면 덧댄다리 숲에서 라다 여신을 만나 건네주자				
QUEST_LV_0500_20210119_000658	前往加橋森林與拉達女神見面	덧댄다리 숲에서 라다 여신을 만나기				
QUEST_LV_0500_20210119_000659	在調查不明的龜裂時殲滅了出現的利普斯納巨大火甲蟲，並取下了利普斯納巨大火甲蟲頭上長出的一部分水晶。{nl}看來拿去給拉達女神會比較好。	정체불명의 균열을 조사 중 나타난 리프스나 파이어버그를 처치했고, 리프스나 파이어버그의 머리에 솟아난 수정을 일부 떼어냈습니다{nl}라다 여신에게 가져가 보여주는 게 좋겠습니다				
QUEST_LV_0500_20210119_000660	調查馬爾柯斯伐木場後獲得證據	말코스 벌목지 조사 후 증거 획득				
QUEST_LV_0500_20210119_000661	消滅襲擊的 %s	습격한 %s 처치				
QUEST_LV_0500_20210119_000662	向拉達女神聆聽加橋森林的計畫	라다 여신에게 덧댄 다리 숲에서의 계획을 듣기				
QUEST_LV_0500_20210119_000663	平安地到達加橋森林了。{nl}拉達女神已先行來到這裡查看加橋森林的情況了。{nl}請將你拿來的水晶碎片和拉達女神詢問是否看到了什麼。	무사히 덧댄다리 숲에 도착했습니다{nl}라다 여신은 앞서 이곳에 와서 덧댄다리 숲의 정황을 살핀 듯합니다{nl}당신이 가져온 수정 조각에 대한 것과 라다 여신이 무엇을 봤는지 물어보세요				
QUEST_LV_0500_20210119_000664	加橋森林似乎有比蓮帕拉沙池塘有更多的龜裂，{nl}魔族們仍從散發出光與煙氣的龜裂中採集著莫提尼斯。{nl}請與拉達女神對話。	덧댄다리 숲에는 렘파라사 연못에서 보았던 균열이 더 많아 보입니다{nl}여전히 빛과 연기를 뿜어내는 균열 속에서 마족들이 머티니스를 채굴 중이었습니다{nl}라다 여신과 대화하세요				
QUEST_LV_0500_20210119_000665	拉達女神因為過去的事情，決定與你一起執行守護歐勒夏的任務。{nl}請向拉達女神詢問計畫。	라다 여신은 과거 일로, 당신은 오르샤 수호의 임무로 함께 움직이기로 했습니다{nl}라다 여신에게 계획을 물어보세요				
QUEST_LV_0500_20210119_000666	殲滅加橋森林入口處的魔族	덧댄다리 숲 진입로의 마족 처치				
QUEST_LV_0500_20210119_000667	為了阻止加橋森林的魔族們移動到蓮帕拉沙池塘，你必須殲滅魔族。	당신은 덧댄다리 숲의 마족들이 렘파라사 연못으로 이동하는 걸 저지하기 위해 마족들을 처치해야 합니다				
QUEST_LV_0500_20210119_000668	回去找拉達女神	라다 여신에게 돌아가기				
QUEST_LV_0500_20210119_000669	消滅了一部分在加橋森林和蓮帕拉沙池塘連接通道上的魔族，{nl}請回去找拉達女神。	덧댄다리 숲과 렘파라사 연못이 이어진 통로 부근 마족들을 일부 정리했습니다{nl}라다 여신에게 돌아가세요				
QUEST_LV_0500_20210119_000670	殲滅入口處的魔族	진입로의 마족 처치				
QUEST_LV_0500_20210119_000671	整頓了前往蓮帕拉沙池塘的入口。{nl}現在你必須要掃蕩加橋森林的魔族，並向拉達女神詢問將來是否要同路前行。	렘파라사 연못으로 가는 진입로는 정리했습니다{nl}당신은 이제 덧댄 다리 숲의 마족들을 소탕해야 하며, 라다 여신에게 가는 길이 같을지 이야기해 보세요				
QUEST_LV_0500_20210119_000672	調查吉貝尼大道的莫提尼斯龜裂	지베니 대로의 머티니스 균열 조사하기				
QUEST_LV_0500_20210119_000673	拉達女神為了回收莫提尼斯前往了吉貝尼大道。{nl}你為了進入加橋森林更深處也同樣必須經過那裡。{nl}正好那裡有莫提尼斯龜裂，有調查的必要性。	라다 여신은 머티니스 회수를 위해 지베니 대로로 향한다고 합니다{nl}당신 역시, 덧댄다리 숲의 깊은 곳으로 들어가기 위해서는 그곳을 지나야만 합니다{nl}마침 그곳에는 머티니스 균열이 있으니 조사할 가치가 있습니다				
QUEST_LV_0500_20210119_000674	在吉貝尼大道上方與拉達女神見面	지베니 대로 위쪽에서 라다 여신을 만나기				
QUEST_LV_0500_20210119_000675	調查了莫提尼斯龜裂。{nl}正好拉達女神也到達了吉貝尼大道上方。{nl}請去見拉達女神。	머티니스 균열을 조사했습니다{nl}마침 라다 여신도 지베니 대로 위쪽에 도착했습니다{nl}라다 여신을 만나세요				
QUEST_LV_0500_20210119_000676	向拉達女神詢問魔力的來歷	라다 여신에게 마력의 정체에 관해 묻기				
QUEST_LV_0500_20210119_000677	拉達女神說融化龜裂的魔力來源是注視者的魔力。{nl}請繼續聆聽拉達女神。	라다 여신은 균열을 녹이고 있는 마력의 정체가 주시자의 마력이라고 했습니다{nl}라다 여신의 이야기를 더 들어보세요				
QUEST_LV_0500_20210119_000678	越過布維彼德之橋在摩魯哥斯農場尋找魔力的根源地	부뷜비떼 다리를 건너 모르꼬스 농장에서 마력의 근원지를 찾기				
QUEST_LV_0500_20210119_000679	拉達女神為了阻止莫提尼斯的採集，表示需要找出魔力的根源地並破壞它。{nl}利用拉達女神降下的祝福可找到魔力的根源地。	라다 여신은 머티니스 채굴을 막기 위해 마력의 근원지를 찾아 파괴할 필요가 있다고 합니다{nl}라다 여신이 떨어뜨린 축복으로 마력의 근원지를 찾을 수 있을 듯합니다				
QUEST_LV_0500_20210119_000680	確認注視者的黑色水晶	주시자의 검은 수정을 확인하기				
QUEST_LV_0500_20210119_000681	利用拉達女神的祝福可找到注視者的黑色水晶。{nl}請查看是否可破壞。	라다 여신의 축복을 이용해 주시자의 검은 수정을 찾을 수 있었습니다{nl}파괴가 가능할지 살펴보세요				
QUEST_LV_0500_20210119_000682	破壞注視者的黑色水晶	주시자의 검은 수정을 파괴하기				
QUEST_LV_0500_20210119_000683	使用拉達女神的祝福破壞黑色水晶	라다 여신의 축복을 사용해 검은 수정을 파괴하기				
QUEST_LV_0500_20210119_000684	確認莫提尼斯龜裂	머티니스 균열을 확인하기				
QUEST_LV_0500_20210119_000685	拉達女神的祝福成功地破壞了注視者的黑色水晶。{nl}請確認莫提尼斯龜裂是否有凝固。	라다 여신의 축복이 주시자의 검은 수정을 파괴하는 데 성공했습니다{nl}머티니스 균열이 굳었는지 확인해보세요				
QUEST_LV_0500_20210119_000686	再次調查莫提尼斯龜裂	머티니스 균열을 다시 조사하기				
QUEST_LV_0500_20210119_000687	雖在摩魯哥斯農場破壞了注視者的黑色水晶，但吉貝尼大道中的莫提尼斯龜裂仍沸騰著。{nl}看來一定還有其他的黑色水晶。{nl}請調查莫提尼斯龜裂以獲得線索。	모르꼬스 농장에서 주시자의 검은 수정을 파괴했지만 지베니 대로의 머티니스 균열은 여전히 끓고 있었습니다{nl}다른 검은 수정이 있는 게 분명합니다{nl}머티니스 균열을 조사해 단서를 얻으세요				
QUEST_LV_0500_20210119_000688	在寶嵐林間小路使用拉達女神的祝福尋找注視者的黑色水晶	보난 숲길에서 라다 여신의 축복을 사용해 주시자의 검은 수정 찾기				
QUEST_LV_0500_20210119_000689	仍可感受到因莫提尼斯龜裂而流散的魔力。{nl}請在尚未調查的寶嵐林間小路尋找注視者的黑色水晶。	머티니스 균열로 스며드는 마력이 여전히 느껴집니다{nl}아직 조사하지 않은 보난 숲길에서 주시자의 검은 수정을 찾아보세요				
QUEST_LV_0500_20210119_000690	在寶嵐林間小路尋找到注視者的黑色水晶了，{nl}請再次使用拉達女神的祝福破壞注視者的黑色水晶。	보난 숲길에서 주시자의 검은 수정을 찾아냈습니다{nl}다시 라다 여신의 축복을 사용하여 주시자의 검은 수정을 파괴하세요				
QUEST_LV_0500_20210119_000691	破壞黑色水晶	검은 수정을 파괴하기				
QUEST_LV_0500_20210119_000692	雖失去了拉達女神的祝福，但不管怎麼樣還是要破壞注視者的黑色水晶。{nl}請破壞注視者的黑色水晶。	라다 여신의 축복을 잃었지만, 어떻게든 주시자의 검은 수정을 파괴해야만 합니다{nl}주시자의 검은 수정을 파괴하세요				
QUEST_LV_0500_20210119_000693	殲滅襲擊的魔族	습격한 마족들을 처치하기				
QUEST_LV_0500_20210119_000694	為了阻止莫提尼斯的採集，拉達女神想要破壞注視者的黑色水晶。{nl}請你去處理侵攻歐勒夏的魔族。	라다 여신은 머티니스 채굴을 막기 위해 주시자의 검은 수정을 파괴할 생각입니다{nl}당신은 오르샤를 침공한 마족들을 처리하세요				
QUEST_LV_0500_20210119_000695	在你對抗侵攻歐勒夏的魔族同時，拉達女神找到了自己的目標。{nl}請與拉達女神對話。	당신이 오르샤를 침공한 마족들을 상대하는 동안 라다 여신은 자신의 목표를 이룬 듯합니다{nl}라다 여신과 대화하세요				
QUEST_LV_0500_20210119_000696	請與拉達女神對話	라다 여신과 대화하세요				
QUEST_LV_0500_20210119_000697	拉達女神成功地破壞了最後的黑色水晶。{nl}請與拉達女神對話。	라다 여신이 마지막 검은 수정을 파괴하는 데 성공했습니다{nl}라다 여신과 이야기하세요				
QUEST_LV_0500_20210119_000698	為了前往帕歐皮斯渡口， 前往寶嵐林間小路的上方道路	파우피스 나루로 가기 위해 보난 숲길의 윗길로 올라가기				
QUEST_LV_0500_20210119_000699	拉達女神為了回收莫提尼斯，而你為了破壞魔族的目的，必須要尋找出莫提尼斯儲藏所並破壞它。{nl}為了進入森林深處，現在必須要前往帕歐皮斯渡口。	머티니스 저장소를 찾아 라다 여신은 머티니스의 회수를 위해, 당신은 마족의 목적을 무산시키기 위해 파괴해야합니다{nl}숲 깊이 들어가기 위해 지금은 파우피스 나루로 향해야 합니다				
QUEST_LV_0500_20210119_000700	拉達女神為了回收莫提尼斯，而你為了破壞魔族的目的，必須要尋找出莫提尼斯儲藏所並破壞它。{nl}為了進入森林深處，現在必須要前往帕歐皮斯渡口。	머티니스 저장소를 찾아 라다 여신은 머티니스의 회수를 위해, 당신은 마족의 목적을 무산시키기 위해 파괴해야 합니다{nl}숲 깊이 들어가기 위해 지금은 파우피스 나루로 향해야 합니다				
QUEST_LV_0500_20210119_000701	消滅達勒巴斯史梅修	다르바스 스매셔 처치				
QUEST_LV_0500_20210119_000702	佔據帕歐皮斯渡口的勢力	파우피스 나루를 점거한 세력들				
QUEST_LV_0500_20210119_000703	在帕歐皮斯渡口與拉達女神見面	파우피스 나루에서 라다 여신을 만나기				
QUEST_LV_0500_20210119_000704	拉達女神去追擊消失的注視者了。{nl}需要前進森林的更深處，因此請你前往帕歐皮斯渡口與拉達女神見面。	사라진 주시자를 라다 여신이 쫓아갔습니다{nl}숲의 더 깊은 곳으로 갔을 테니 파우피스 나루로 가서 라다 여신을 만나세요				
QUEST_LV_0500_20210119_000705	與拉達女神對話	라다 여신과 이야기하기				
QUEST_LV_0500_20210119_000706	魔族們正在帕歐皮斯渡口互相對立著。{nl}請與拉達女神對話。	파우피스 나루에는 마족들끼리 서로 대치 중입니다{nl}라다 여신과 이야기하세요				
QUEST_LV_0500_20210119_000707	從拉達女神那裡得知帕歐皮斯渡口的情況了。{nl}請與拉達女神對話，確認從這裡開始各自要做的事情。	파우피스 나루의 상황을 라다 여신으로부터 들었습니다{nl}여기서부터 각자 할 일이 무엇일지 라다 여신과 이야기하세요				
QUEST_LV_0500_20210119_000708	在沒有人跡的渡口殲滅魔族並獲得上級的標誌	인적없는 나루터에서 마족들을 처치하고 상급자의 증표 획득하기				
QUEST_LV_0500_20210119_000709	必須要確認操控卡魯塔斯部下的存在到底是誰。{nl}請殲滅比弗利奧特卡守門人並回收他們持有的上級的標誌。	카르타스의 부하를 움직이는 존재가 누구인지 확인해야 합니다{nl}비블리오테카 키퍼를 처치하고 그들이 가지고 있는 상급자의 증표를 회수하세요				
QUEST_LV_0500_20210119_000710	殲滅比弗利奧特卡守門人並獲得上級的標誌	비블리오테카 키퍼를 처치하고 상급자의 증표 획득				
QUEST_LV_0500_20210119_000711	在帕瑟蘭隱居地殲滅魔族並獲得上級的標誌	파슬랍 은거지에서 마족들을 처치하고 상급자의 징표를 얻기				
QUEST_LV_0500_20210119_000712	在沒有人跡的渡口殲滅魔族並收集上級的標誌。{nl}請殲滅佔據帕瑟蘭隱居地的魔族，並收集帕瑟蘭隱居地魔族的上級的標誌。	인적 없는 나루터에서 마족들을 처치하고 상급자의 징표를 모았습니다{nl}파슬랍 은거지를 점거하고 있는 마족들을 처치하고 파슬랍 은거지 마족들의 상급자 징표를 모으세요				
QUEST_LV_0500_20210119_000713	與前往帕瑟蘭隱居地的拉達女神對話	파슬랍 은거지로 온 라다 여신과 이야기하세요				
QUEST_LV_0500_20210119_000714	充分地收集到兩勢力的上級的標誌了。{nl}請去與正好來到帕瑟蘭隱居地的拉達女神對話。	두 세력의 상급자 징표를 충분히 모았습니다{nl}마침 파슬랍 은거지로 온 라다 여신과 이야기하세요				
QUEST_LV_0500_20210119_000715	殲滅賓美狄絲獲得上級的標誌	빈미디스를 처치하고 상급자의 징표 획득				
QUEST_LV_0500_20210119_000716	從拉達女神那裡確認操控魔族的分別是魔王巴以卡與魔神羅迦娜。{nl}請與拉達女神繼續對話。	라다 여신으로부터 마족들을 움직이고 있는 건 각각 마왕 바이가와 마신 라가나임을 확인했습니다{nl}라다 여신과 계속 이야기하세요				
QUEST_LV_0500_20210119_000717	調查洛渾沙峭壁	로혼사 절벽을 조사하기				
QUEST_LV_0500_20210119_000718	不管羅迦娜和巴以卡的目標是什麼，都得阻止莫提尼斯落入魔族的手中。{nl}為了盡快找到莫提尼斯儲藏所必須要調查帕歐皮斯渡口。{nl}請調查洛渾沙峭壁。	라가나와 바이가가 어떤 목적이든 머티니스가 마족의 손에 넘어가는 건 막아야 할 일입니다{nl}서둘러 머티니스 저장소를 찾기 위해 파우피스 나루를 조사해야 합니다{nl}로혼사 절벽을 조사하세요				
QUEST_LV_0500_20210119_000719	追隨拉達女神和羅迦娜前往監視塔	라다 여신과 라가나를 쫓아 감시탑으로 가기				
QUEST_LV_0500_20210119_000720	羅迦娜消失後拉達女神也追上跟著消失了，{nl}他們兩人的氣息是消失在監視塔方向的，必須要跟著追擊到監視塔才行。	라가나가 사라지자 라다 여신이 쫓기 위해 사라졌습니다{nl}둘의 기운이 감시탑 쪽으로 사라졌으니 감시탑으로 쫓아가야 합니다				
QUEST_LV_0500_20210119_000721	請與巴以卡對話	바이가와 대화하세요				
QUEST_LV_0500_20210119_000722	雖是要追上羅迦娜和拉達女神，但在監視塔那裡遇見的卻是魔王巴以卡。{nl}雖不知道巴以卡為什麼會在這裡，但至少巴以卡沒有想要展開戰鬥。{nl}看來可以與巴以卡進行對話。	라가나와 라다 여신을 쫓아왔지만 감시탑에서 만난 건 다름아닌 마왕 바이가였습니다{nl}바이가가 왜 이곳에 있는지는 모르지만, 적어도 지금 바이가는 싸울 생각이 있어 보이지 않습니다{nl}바이가와 대화를 해보는 게 좋겠습니다				
QUEST_LV_0500_20210119_000723	雖是要追上羅迦娜和拉達女神，但在監視塔那裡遇見的卻是魔王巴以卡。{nl}雖不知道巴以卡為什麼會在這裡，但至少巴以卡沒有想要展開戰鬥。{nl}看來可以與巴以卡進行對話。	라가나와 라다 여신을 쫓아왔지만, 감시탑에서 만난 건 다름 아닌 마왕 바이가였습니다{nl}바이가가 왜 이곳에 있는지는 모르지만, 적어도 지금 바이가는 싸울 생각이 있어 보이지 않습니다{nl}바이가와 대화를 해보는 게 좋겠습니다				
QUEST_LV_0500_20210119_000724	往監視塔的右邊道路去追尋拉達女神	감시탑의 오른쪽 길로 라다 여신을 쫓아가기				
QUEST_LV_0500_20210119_000725	巴以卡向你再次如同以前一樣提出了協商。{nl}雖不能完全相信他，但以目前來看最好不要與他為敵。{nl}現在尋找拉達女神是首要之事。	바이가는 당신에게 이전처럼 또다시 협상을 제안했습니다{nl}믿을 수 있는 건 아니지만, 현재로서는 그와 대적해서 좋을 게 없습니다{nl}지금은 라다 여신을 찾는 게 우선입니다				
QUEST_LV_0500_20210119_000726	請告訴拉達女神與巴以卡對話的內容	라다 여신에게 바이가와 나누었던 이야기를 전하세요				
QUEST_LV_0500_20210119_000727	調查附近的莫提尼斯龜裂	근처의 머티니스의 균열을 조사하기				
QUEST_LV_0500_20210119_000728	拉達女神在與羅迦娜發生衝突後，看似需要短暫的休息恢復。{nl}正好附近有採集痕跡的莫提尼斯龜裂。{nl}請去確認是否有可成為線索的東西。	라다 여신은 라가나와의 충돌 이후 잠시동안 회복이 필요해 보입니다{nl}마침 근처에는 채굴한 흔적이 있는 머티니스 균열이 있습니다{nl}단서가 될만한 게 있는지 확인해 보세요				
QUEST_LV_0500_20210119_000729	回去找拉達女神並告知調查結果	라다 여신에게 돌아가 조사한 결과를 알려주기				
QUEST_LV_0500_20210119_000730	調查附近莫提尼斯龜裂的結果是查出了移動莫提尼斯的痕跡與其移動方向。{nl}請將調查結果告知拉達女神。	근처의 머티니스 균열을 조사한 결과 머티니스를 옮긴 흔적과 그 방향을 알아냈습니다{nl}라다 여신에게 돌아가 조사 결과를 알려주세요				
QUEST_LV_0500_20210119_000731	詢問拉達女神的狀態	라다 여신의 상태를 묻기				
QUEST_LV_0500_20210119_000732	透過周遭莫提尼斯龜裂的調查，得知開採的莫提尼斯被移動到喀貝斯街道了。{nl}在離開之前請去確認拉達女神的狀態。	주변 머티니스 균열 조사로 채굴된 머티니스가 갓베스 가도를 향해 갔다는 사실을 알아냈습니다{nl}자리를 뜨기 전에, 라다 여신의 상태를 확인하세요				
QUEST_LV_0500_20210119_000733	調查喀貝斯街道的莫提尼斯龜裂	갓베스 가도의 머티니스 균열 조사				
QUEST_LV_0500_20210119_000734	拉達女神需要再休息恢復一下。{nl}但現在時間並不充裕，因此請你先前往喀貝斯街道。	라다 여신은 조금 더 회복할 시간이 필요합니다{nl}그러나 시간이 많지 않은 만큼 당신은 먼저 갓베스 가도로 향해야 합니다				
QUEST_LV_0500_20210119_000735	調查莫提尼斯龜裂	머티니스 균열을 조사하기				
QUEST_LV_0500_20210119_000736	整理了喀貝斯街道的亂戰了，{nl}請調查莫提尼斯龜裂。	갓베스 가도의 난전을 무사히 정리했습니다{nl}머티니스 균열을 조사하세요				
QUEST_LV_0500_20210119_000737	在伊薩巫古迪森林入口與拉達女神見面	이사우고티 숲 입구에서 라다 여신을 만나기				
QUEST_LV_0500_20210119_000738	車輪痕跡是朝向伊薩巫古迪森林的，{nl}請在伊薩巫古迪森林入口與拉達女神見面。	수레의 바퀴 자국이 이사우고티 숲을 향하고 있습니다{nl}이사우고티 숲 입구에서 라다 여신을 만나세요				
QUEST_LV_0500_20210119_000739	在拉伊瑪的聖所與拉達女神見面	라이마의 성소에서 라다 여신을 만나기				
QUEST_LV_0500_20210119_000740	在持續的戰鬥中，除了你以外就連與羅迦娜對抗的拉達女神都需要整頓一下裝備。{nl}請回到安全的拉伊瑪的聖所去找拉達女神。	계속된 전투로 당신은 물론, 라가나와의 전투를 겪은 라다 여신은 재정비가 필요하다고 판단했습니다{nl}안전한 라이마의 성소로 돌아가 라다 여신을 찾으세요				
QUEST_LV_0500_20210119_000741	在Episode13地區中殲滅變異型怪物 2000隻	Episode13 지역에서 변이형 몬스터 2000마리 처치				
QUEST_LV_0500_20210119_000742	殲滅Episdoe13地區的變異型怪物	Episdoe13 지역의 변이형 몬스터 처치				
QUEST_LV_0500_20210119_000743	在Episode13地區中殲滅昆蟲、惡魔、植物型怪物 2000隻	Episode13 지역에서 곤충, 악마, 식물형 몬스터 2000마리 처치				
QUEST_LV_0500_20210119_000744	殲滅Episode13地區的昆蟲、惡魔、植物型怪物	Episode13 지역의 곤충, 악마, 식물형 몬스터 처치				
QUEST_LV_0500_20210119_000745	在Episode13地區中殲滅野獸型怪物 2000隻	Episode13 지역에서 야수형 몬스터 2000마리 처치				
QUEST_LV_0500_20210119_000746	殲滅Episode13地區的野獸型怪物	Episode13 지역의 야수형 몬스터 처치				
QUEST_LV_0500_20210119_000747	在Episode13地區中殲滅大型怪物 3000隻	Episode13 지역에서 대형 몬스터 3000마리 처치				
QUEST_LV_0500_20210119_000748	殲滅Episode13地區的大型怪物	Episode13 지역의 대형 몬스터 처치				
QUEST_LV_0500_20210119_000749	在Episode13地區中殲滅中型怪物 3000隻	Episode13 지역에서 중형 몬스터 3000마리 처치				
QUEST_LV_0500_20210119_000750	殲滅Episode13地區的中型怪物	Episode13 지역의 중형 몬스터 처치				
QUEST_LV_0500_20210119_000751	在Episode13地區中殲滅小型怪物 3000隻	Episode13 지역에서 소형 몬스터 3000마리 처치				
QUEST_LV_0500_20210119_000752	殲滅Episode13地區的小型怪物	Episode13 지역의 소형 몬스터 처치				
QUEST_LV_0500_20210119_000753	在Episode13地區殲滅怪物 8000隻	Episode13 지역에서 몬스터 8000마리 처치				
QUEST_LV_0500_20210119_000754	殲滅Episode13地區的怪物 	Episode13 지역의 몬스터 처치				
QUEST_LV_0500_20210119_000755	完成貝勒尼凱碎片副本 50層以上	베르니케 파편 던전 50층 이상 클리어				
QUEST_LV_0500_20210119_000756	完成召喚獸地下城 6區間以上	어시스터 던전 6구간 이상 클리어				
QUEST_LV_0500_20210119_000757	完成1人遠征隊	1인 레이드 클리어				
QUEST_LV_0500_20210119_000758	完成傳說遠征隊 10次	레전드 레이드 10회 클리어				
QUEST_LV_0500_20210119_000759	達成每週BOSS遠征隊累積傷害 5億以上	주간 보스 레이드 누적 대미지 5억 이상 달성				
QUEST_LV_0500_20210119_000760	參加合作戰 2次	협동전 2회 참가				
QUEST_LV_0500_20210119_000761	完成等級地下城 10次	레벨 던전 10회 클리어				
QUEST_LV_0500_20210119_000762	完成挑戰模式 3階以上 30次{nl}自動配對可在第 3區域進行。	챌린지 모드 3단 이상으로 30회 클리어{nl}자동 매칭은 제 3구역에서 진행할 수 있습니다.				
QUEST_LV_0500_20210119_000763	完成挑戰模式：分裂特別傳點 3階以上、自動配對 10次	챌린지 모드 : 분열 특이점 3단 이상, 자동 매칭 10회 클리어				
QUEST_LV_0500_20210119_000764	在蓮帕拉沙池塘的一般野外區殲滅怪物 200隻	렘파라사 연못의 일반 필드에서 몬스터 200마리 처치				
QUEST_LV_0500_20210119_000765	在加橋森林的一般野外區殲滅怪物 200隻	덧댄다리 숲의 일반 필드에서 몬스터 200마리 처치				
QUEST_LV_0500_20210119_000766	在帕歐皮斯渡口的一般野外區殲滅怪物 200隻	파우피스 나루의 일반 필드에서 몬스터 200마리 처치				
QUEST_LV_0500_20210119_000767	殲滅帕歐皮斯渡口的怪物 	파우피스 나루의 몬스터 처치				
QUEST_LV_0500_20210119_000768	在伊薩巫古迪森林的一般野外區殲滅怪物 200隻	이사우고티 숲의 일반 필드에서 몬스터 200마리 처치				
QUEST_LV_0500_20210119_000769	殲滅伊薩巫古迪森林的怪物	이사우고티 숲의 몬스터 처치				
QUEST_LV_0500_20210119_000770	在奇勒提瑪斯森林的一般野外區殲滅怪物 200隻	키르티마스 숲의 일반 필드에서 몬스터 200마리 처치				
QUEST_LV_0500_20210119_000771	殲滅奇勒提瑪斯森林的怪物	키르티마스 숲의 몬스터 처치				
QUEST_LV_0500_20210119_000772	在蓮帕拉沙池塘的一般野外區殲滅怪物並獲得副產物 50	렘파라사 연못의 일반 필드에서 몬스터를 처치하고 부산물 50 획득				
QUEST_LV_0500_20210119_000773	殲滅蓮帕拉沙池塘的怪物後回收利普斯納的組織	렘파라사 연못의 몬스터 처치 후 리프스나의 조직 회수				
QUEST_LV_0500_20210119_000774	在加橋森林的一般野外區殲滅怪物並獲得副產物 50	덧댄다리 숲의 일반 필드에서 몬스터를 처치하고 부산물 50 획득				
QUEST_LV_0500_20210119_000775	殲滅加橋森林的怪物後回收達勒巴斯的補給品	덧댄다리 숲의 몬스터 처치 후 다르바스의 보급품 회수				
QUEST_LV_0500_20210119_000776	在帕歐皮斯渡口的一般野外區殲滅怪物並獲得副產物 50	파우피스 나루의 일반 필드에서 몬스터를 처치하고 부산물 50 획득				
QUEST_LV_0500_20210119_000777	殲滅帕歐皮斯渡口的怪物後回收魔族之血	파우피스 나루의 몬스터 처치 후 마족의 피 회수				
QUEST_LV_0500_20210119_000778	在伊薩巫古迪森林的一般野外區殲滅怪物並獲得副產物 50	이사우고티 숲의 일반 필드에서 몬스터를 처치하고 부산물 50 획득				
QUEST_LV_0500_20210119_000779	殲滅伊薩巫古迪森林的怪物後回收索格瑪斯的靈魂	이사우고티 숲의 몬스터 처치 후 소거마스의 영혼 회수				
QUEST_LV_0500_20210119_000780	在奇勒提瑪斯森林的一般野外區殲滅怪物並獲得副產物 50	키르티마스 숲의 일반 필드에서 몬스터를 처치하고 부산물 50 획득				
QUEST_LV_0500_20210119_000781	殲滅奇勒提瑪斯森林的怪物後回收碎片	키르티마스 숲의 몬스터 처치 후 파편 회수				
QUEST_LV_0500_20210119_000782	在Episode13地區殲滅怪物 60000隻	Episode13 지역에서 몬스터 60000마리 처치				
QUEST_LV_0500_20210119_000783	完成傳說遠征隊 50次	레전드 레이드 50회 클리어				
QUEST_LV_0500_20210119_000784	完成挑戰模式 3階以上 250次{nl}自動配對可在第 3區域進行。	챌린지 모드 3단 이상으로 250회 클리어{nl}자동 매칭은 제 3구역에서 진행할 수 있습니다.				
QUEST_LV_0500_20210119_000785	請去向歐勒夏領主伊內沙黑蒙戴伊請求協助	오르샤 영주 이네사 해먼데일에게 도움을 요청해 봅시다				
QUEST_LV_0500_20210119_000786	請向伊內沙黑蒙戴伊請求協助	이네사 해먼데일에게 도움을 요청해보세요				
QUEST_LV_0500_20210119_000787	請接受伊內沙黑蒙戴伊給予支援的物品	이네사 해먼데일이 지원해주는 물품을 받으세요				
QUEST_LV_0500_20210119_000788	尋找莫提尼斯儲藏所	머티니스 저장소 찾기				
QUEST_LV_0500_20210119_000789	移動到伊薩巫古迪森林並尋找儲存莫提尼斯的地方	이사우고티 숲으로 이동하여 머티니스가 저장된 곳을 찾아봅시다				
QUEST_LV_0500_20210119_000790	退出儲藏所	저장소에서 물러나기				
QUEST_LV_0500_20210119_000791	雖找到看似是儲藏所的地方，但敵人太多必須先退出。	저장소로 보이는 곳을 찾았지만 적들이 너무 많으니 물러나야 합니다				
QUEST_LV_0500_20210119_000792	尋找適合引誘魔族前往的地方	마족들을 유인하기 적합한 장소 찾기				
QUEST_LV_0500_20210119_000793	依照拉達女神的計畫，請尋找適合引誘魔族前往的場所。	라다 여신의 계획대로 마족들을 유인하기 적합한 장소를 찾아보세요				
QUEST_LV_0500_20210119_000794	調查適合引誘魔族前往的場所	마족들을 유인하기 적합한 장소 조사하기				
QUEST_LV_0500_20210119_000795	請尋找適合引誘羅迦娜和巴以卡勢力前往的場所。	라가나와 바이가 세력의 마족을 유인하기에 적합한 장소를 찾아보세요				
QUEST_LV_0500_20210119_000796	確認最後調查場所	마지막 조사 장소 확인하기				
QUEST_LV_0500_20210119_000797	請確認最後場所是否適合。	마지막 장소가 적합한지 확인하세요				
QUEST_LV_0500_20210119_000798	請與拉達女神對話並進行下一計畫	라다 여신과 대화하여 다음 계획을 진행하세요				
QUEST_LV_0500_20210119_000799	向羅迦娜勢力傳達假情報	라가나 세력에게 거짓 정보 전달				
QUEST_LV_0500_20210119_000800	請向看似羅迦娜直屬部下的魔族傳達假情報以欺騙羅迦娜	라가나의 직속 부하로 보이는 마족에게 거짓 정보를 전달하여 라가나를 속이세요				
QUEST_LV_0500_20210119_000801	向羅迦娜傳令傳達了假情報	라가나의 전령에게 거짓 정보를 전달하였습니다				
QUEST_LV_0500_20210119_000802	與巴以卡傳令對話	바이가의 전령과 대화				
QUEST_LV_0500_20210119_000803	請向看似巴以卡直屬部下的魔族傳達假情報	바이가의 직속 부하로 보이는 마족에게 거짓 정보를 전달하세요				
QUEST_LV_0500_20210119_000804	向巴以卡勢力傳達假情報	바이가의 세력에게 거짓 정보 전달				
QUEST_LV_0500_20210119_000805	向巴以卡傳令傳達了假情報	바이가의 전령에게 거짓 정보를 전달하였습니다.				
QUEST_LV_0500_20210119_000806	請告知拉達女神已成功傳達假情報了	라다 여신에게 거짓 정보를 무사히 넘겼음을 알리세요				
QUEST_LV_0500_20210119_000807	前往莫提尼斯儲藏所附近	머티니스 저장소 근처로 가기				
QUEST_LV_0500_20210119_000808	嘗試確認魔族們是否有被騙	마족들이 거짓 정보에 속았는지 확인해봅시다				
QUEST_LV_0500_20210119_000809	查看莫提尼斯儲藏所	머티니스 저장소 살펴보기				
QUEST_LV_0500_20210119_000810	好像安全滲透了。{nl}請查看儲藏的莫提尼斯在哪裡。	무사히 침투한 것 같습니다.{nl}저장된 머티니스가 어디에 있는지 살펴봅시다				
QUEST_LV_0500_20210119_000811	殲滅殘存的魔族警備兵	남아있는 마족 경비병 처치하기				
QUEST_LV_0500_20210119_000812	查看莫提尼斯儲藏所並尋找適合設置炸彈的地方	머티니스 저장소를 살펴보고 폭탄을 설치하기 적당한 곳을 찾으세요				
QUEST_LV_0500_20210119_000813	在莫提尼斯儲藏所設置炸彈	머티니스 저장소에 폭탄 설치하기				
QUEST_LV_0500_20210119_000814	請在儲藏莫提尼斯的地方設置炸彈	그동안 채굴한 머티니스가 쌓인 곳에 폭탄을 설치하세요				
QUEST_LV_0500_20210119_000815	設置所有炸彈	폭탄을 마저 설치하기				
QUEST_LV_0500_20210119_000816	請設置炸彈	폭탄을 마저 설치합시다				
QUEST_LV_0500_20210119_000817	殲滅妨礙設置炸彈的索格瑪斯執行者	폭탄 설치를 방해하는 소거마스 집행자 처치하기				
QUEST_LV_0500_20210119_000818	離開目前位置	자리 벗어나기				
QUEST_LV_0500_20210119_000819	為離開炸彈的影響範圍，請移動到遠處。	폭발의 영향에서 벗어나기 위해 멀리 떨어지세요				
QUEST_LV_0500_20210119_000820	啟動炸彈	폭탄 작동시키기				
QUEST_LV_0500_20210119_000821	這樣應該足夠安全了，請利用遠端操控卷軸引爆炸炸彈。	이 정도면 안전한 것 같으니 폭탄을 원격 조작 스크롤로 폭파시킵시다				
QUEST_LV_0500_20210119_000822	炸彈好像成功引爆了	폭탄이 무사히 터진 것 같습니다				
QUEST_LV_0500_20210119_000823	查看莫提尼斯	머티니스 살펴보기				
QUEST_LV_0500_20210119_000824	查看炸彈是否有完全清除莫提尼斯	폭탄이 머티니스를 완벽하게 제거하였는지 살펴봅시다				
QUEST_LV_0500_20210119_000825	請躲避注視者的攻擊	주시자의 공격으로부터 도망치기				
QUEST_LV_0500_20210119_000826	請躲避憤怒注視者的攻擊	분노한 주시자의 공격으로부터 도망치세요				
QUEST_LV_0500_20210119_000827	與正在等待的存在對話	기다리고 있는 존재와 대화				
QUEST_LV_0500_20210119_000828	逃亡前往的地方好像有某人正在等待	도망친 곳에 누군가가 기다리고 있는 것 같습니다				
QUEST_LV_0500_20210119_000829	與羅迦娜對話	라가나와 대화				
QUEST_LV_0500_20210119_000830	請與羅迦娜對話	라가나와 대화하세요				
QUEST_LV_0500_20210119_000831	逃離注視者	주시자에게서 도망치기				
QUEST_LV_0500_20210119_000832	請逃離注視者的攻擊	주시자의 공격으로부터 도망치세요				
QUEST_LV_0500_20210119_000833	確認正在等待的存在	기다리고 있는 존재 확인				
QUEST_LV_0500_20210119_000834	好像有某人正在等待著	누군가가 기다리고 있는 것 같습니다				
QUEST_LV_0500_20210119_000835	與巴以卡對話	바이가와 대화				
QUEST_LV_0500_20210119_000836	巴以卡正在等你 	바이가가 당신을 기다리고 있습니다				
QUEST_LV_0500_20210119_000837	向拉達女神報告	라다 여신에게 보고				
QUEST_LV_0500_20210119_000838	將與魔神巴烏巴斯見面的事向拉達女神報告	마신 바우바스와 만난 사실을 라다 여신에게 보고합시다				
QUEST_LV_0500_20210119_000839	向拉達女神說明經歷過的事	라다 여신에게 겪었던 일을 설명하세요				
QUEST_LV_0500_20210119_000840	請向歐勒夏領主伊內沙黑蒙戴伊轉達情況	오르샤 영주 이네사 해먼데일에게 상황을 전달하세요				
QUEST_LV_0500_20210119_000841	回去找拉達女神	라다 여신에게 돌아갑시다.				
QUEST_LV_0500_20210119_000842	向拉達女神詢問將來的旅程	라다 여신에게 앞으로의 여정에 대해 물어보세요				
QUEST_LV_0500_20210119_000843	回去找拉達女神	라다 여신에게 돌아가세요				
QUEST_LV_0500_20210119_000844	去見王國重建團歐勒夏的負責人	왕국 재건단 오르샤 담당인과 만나기				
QUEST_LV_0500_20210119_000845	在因神樹之日不僅王國甚至世界都受到各種災難的現在，世界各地都有懷抱著希望而展開行動的人們。{nl}王國重建團是召集不依靠消失的女神們，願用人類的一己之力想再次復興王國的人群所組成的團體。{nl}世界各處已散布王國重建團的團員們並正努力重建王國。{nl}為了聆聽他們的故事，請去與歐勒夏的王國重建團負責人見面吧。	신수의 날로 왕국을 비롯한 세계가 재앙의 피해로 무너진 지금, 세계 곳곳에는 다시 희망을 갖고 움직이는 사람들이 있습니다{nl}왕국 재건단은 사라진 여신들에 의지 하지 않고, 인간 스스로의 힘으로 다시 왕국이 부흥하기를 바라는 사람들이 모여 만들어졌습니다{nl}이미 세계 곳곳에는 왕국 재건단의 단원들이 흩어져 왕국 재건에 헌신하고 있습니다.{nl}그들의 이야기를 들어보기 위해 오르샤의 왕국 재건단 담당인과 만나세요				
QUEST_LV_0500_20210521_000846	拉達女神似乎故意釋放出祝福，{nl}那就試著利用這祝福在摩魯哥斯農場尋找魔力的根源地吧。	라다 여신이 일부러 축복을 흘려둔 것 같다{nl}축복을 이용해 모르꼬스 농장에서 마력의 근원지를 찾아보자	QUEST_LV_0500_20210119_000416	拉達女神似乎故意釋放出祝福，{nl}那就試著利用這祝福在摩魯哥斯農場尋找魔力的根源地吧。	라다 여신이 일부로 축복을 흘려둔 것 같다{nl}축복을 이용해 모르꼬스 농장에서 마력의 근원지를 찾아보자	PC
QUEST_LV_0500_20210813_000847	歐勒夏災後重建班團員	오르샤 피해복구반 단원				
QUEST_LV_0500_20210813_000848	我有聽說啟示者你人在歐勒夏{nl}但沒想到你會來幫忙。{nl}上一次來這裡，還只有幾隻凱帕…	계시자님이 오르샤에 계신다는 이야기는 들었습니다만{nl}이렇게 저희를 도와주실 줄은 몰랐군요.{nl}마지막으로 이곳에 왔을 땐, 고작 케파 몇 마리가 전부였건만..				오르샤 피해복구반 단원
QUEST_LV_0500_20210813_000849	大家是從南部各地上來協助王國重建團…{nl}但連林子裡的小路都充斥著怪物，感覺很難有人能平安進去城裡。	남부 각지에서 왕국 재건단을 돕기 위해 모이고 있습니다만..{nl}숲 사이 샛길조차 이렇게 괴물들이 들끓어서야 누구 하나 무사히 도시로 진입하기 힘들 것 같군요.				오르샤 피해복구반 단원
QUEST_LV_0500_20210813_000850	你方便的話，可以幫幫我們嗎？	여유가되신다면 저희를 좀 도와주실 수 있겠습니까?				오르샤 피해복구반 단원
QUEST_LV_0500_20210813_000851	天啊，原來你是啟示者！{nl}我經常聽團員提起你的事，能親眼所見真是我的榮幸。	이럴 수가, 계시자님이셨군요!{nl}단원들에게 이야기는 익히 들었습니다만 실제로 뵙게 되어 영광입니다.				오르샤 피해복구반 단원
QUEST_LV_0500_20210813_000852	{nl}看來我今天的運氣不是一般的好。{nl}居然能同時見到王國的英雄與啟示者！{nl}也許啟示者你也能見到帕亞烏塔。	{nl}오늘은 제게 운이 따르나 봅니다.{nl}이렇게 왕국의 영웅과 계시자를 한날한시에 뵙게 될 줄이야!{nl}계시자님도 어쩌면 파야우타님과 만날 수도 있겠군요.				오르샤 피해복구반 단원
QUEST_LV_0500_20210813_000853	雖然我很想將帕亞烏塔介紹給你，{nl}但可惜的是，帕亞烏塔一大早就去阿達塔街道那邊搜查了。{nl}另外…	계시자님께도 파야우타님을 소개시켜드리면 좋겠지만,{nl}안타깝게도 이른 아침에 파야우타님은 아다타 가도 너머로 수색을 나가셨습니다.{nl}그리고 말입니다...				오르샤 피해복구반 단원
QUEST_LV_0500_20210813_000854	帕亞烏塔出發後沒多久，我就發現移居民暫時營地地區有魔族聚集。{nl}他們好像是想占據這周遭，我擔心帕亞烏塔回來的時候會撞上他們。{nl}所以，啟示者你去移居民暫時營地處理一下那些傢伙怎麼樣？	파야우타님이 출발하시고 얼마 후에 임시 이주민 캠프 지역에 마족들이 집결하는 걸 발견 했습니다.{nl}아마도 이 주변을 장악할 생각인 것 같은데, 파야우타님이 돌아오실 때 맞닥뜨릴까 걱정이군요.{nl}그래서 말인데, 계시자님이 임시 이주민 캠프에서 녀석들을 처리해주시는 게 어떻겠습니까?				오르샤 피해복구반 단원
QUEST_LV_0500_20210813_000855	我是有聽說情況不好，沒想到比想像的糟糕許多。{nl}據說你在做很了不起的事情，女神們也都指望你。{nl}真的很厲害。	상황이 안 좋다는 건 들었지만, 예상보다 훨씬 안 좋아.{nl}듣기론 아주 대단한 일을 하며 돌아다니고 있던데, 여신들도 너만 바라본다고 하더구나.{nl}아주 대단해.				파야우타
QUEST_LV_0500_20210813_000856	啟示者…啟示者…啟示者…{nl}我這一路上遇見的奎波爾們都在稱讚你。{nl}下次見到女神，你能告訴她們我的事嗎？	계시자.. 계시자.. 계시자..{nl}이곳에 오며 만난 큐폴들도 모두 널 칭송하고 있더구나.{nl}다음에 여신들을 만나면 내 이야기도 좀 해주겠어?				파야우타
QUEST_LV_0500_20210813_000857	說有人因為妳們失去了一切。	당신들 때문에 모든 걸 잃어버린 인간이 있다고.				파야우타
QUEST_LV_0500_20210813_000858	我太愛發牢騷了嗎？{nl}你也只是幫女神們拯救世界而已。	내가 너무 투덜거린 걸까?{nl}너는 그저 여신들을 도와 세상을 구한 것 뿐인데 말이야.				파야우타
QUEST_LV_0500_20210813_000859	不閒聊了，我又要出發了。{nl}想必你會跟我一起吧？	잡담은 여기까지 하고 다시 떠나야겠어.{nl}너도 물론 함께 가겠지?				파야우타
QUEST_LV_0500_20210813_000860	首先必須前往安奇那岔路。{nl}要消滅那邊的魔族，從加橋森林逃來的難民才能平安抵達歐勒夏。	우선 암지나 갈림길로 향해야 해.{nl}거기서 마족들을 처리해야 덧댄다리 숲에서 도망쳐 온 피난민들이 오르샤까지 무사히 갈 수 있어.				파야우타
QUEST_LV_0500_20210813_000861	準備好出發就告訴我。	출발할 준비가 되면 말해줘.				파야우타
QUEST_LV_0500_20210813_000862	你有見到一個叫佛拉德的奎波爾嗎？	혹시 블라드라는 큐폴을 만난 적 있어?				파야우타
QUEST_LV_0500_20210813_000863	沒什麼。	아무것도 아니야.				파야우타
QUEST_LV_0500_20210813_000864	你的實力還是一如既往啊。{nl}那前往下個地區吧。	실력이 여전하구나.{nl}그럼 다음 지역으로 가볼까?				파야우타
QUEST_LV_0500_20210813_000865	接下來是馬爾柯斯伐木場。{nl}從柯拉佩達領召集到歐勒夏的王國重建團，目前正經過馬爾柯斯伐木場前來。{nl}因為他們是距離移動，具有商團規模的一群人，對付這個地區的魔族應該很吃力。	다음은 말코스 벌목지야.{nl}클라페다령에서 오르샤로 소집된 왕국 재건단들이 말코스 벌목지를 지나서 오고 있어.{nl}먼거리를 이동하는 상단 정도의 집단이어서 이 지역의 마족들을 제대로 상대하기 힘들 거야.				파야우타
QUEST_LV_0500_20210813_000866	準備好就出發吧。	준비되면 출발하자.				파야우타
QUEST_LV_0500_20210813_000867	我搜查首都附近的時候，在紀念區地區和外城地區遇過很多次奎波爾…{nl}除了幾個傢伙之外，其他都無視我。	수도 근처를 수색할 때 기념구 지역과 외곽지역에서 큐폴들을 꽤 많이 마주쳤는데..{nl}몇 녀석 빼곤 날 무시했어.				파야우타
QUEST_LV_0500_20210813_000868	就算救了他們的性命，人類終究是人類嗎？	목숨을 살려줘도 인간은 어차피 인간이란 걸까?				파야우타
QUEST_LV_0500_20210813_000869	我在想你現在差不多要到了。{nl}我一直擔心萬一沒從後面石頭那裡過來怎麼辦？{nl}帕亞烏塔看起來也平安無事。	지금쯤이면 오실 거라 생각했습니다.{nl}뒤쪽 바위에서 안 오면 어쩌나 걱정하고 있었습니다.{nl}파야우타님도 무사해 보이는 군요.				오르샤 피해복구반 단원
QUEST_LV_0500_20210813_000870	那一起去加橋森林吧。{nl}我會先過去探查一下周遭。	그럼 덧댄다리 숲으로 함께 가시죠.{nl}저는 먼저 가서 주변을 살피고 있겠습니다.				오르샤 피해복구반 단원
QUEST_LV_0500_20210813_000871	現在從柯拉佩達來的團員們可以平安地到歐勒夏了。{nl}但還要幫助從其他方向前往歐勒夏的人。{nl}回去找歐勒夏災後重建班團員吧。	이제 클라페다에서 오는 단원들이 안전하게 오르샤까지 갈 수 있을 거야.{nl}하지만 다른 방향에서 오르샤로 향하는 사람들도 도와야 해.{nl}오르샤 피해복구반 단원에게 돌아가자.				파야우타
QUEST_LV_0500_20210813_000872	謝謝你馬上趕來。	이렇게 바로 와주셔서 감사합니다.				오르샤 피해복구반 단원
QUEST_LV_0500_20210813_000873	方才我跟領主的傳令聊了一些事。{nl}聽說歐勒夏的難民變非常多，必須建造可以讓他們休息的臨時居所。{nl}但是因為沒有物資，目前正在向王國重建團請求援助。	방금전 영주님의 전령과 이야기를 나눴습니다.{nl}오르샤에 피난민들이 너무 많아져서 그들을 쉬게 할 임시 거주지를 만들어야한다고 하는군요.{nl}하지만 물자가 없어서 왕국 재건단원들에게 도움을 요청하고 있다고 하십니다.				오르샤 피해복구반 단원
QUEST_LV_0500_20210813_000874	真頭痛。{nl}雖然都市飽和是個問題，但可憐的難民們居然沒有休息的地方…	난감하군요.{nl}도시가 포화되는 것도 문제지만 고생한 피난민들이 쉴 곳이 없다니..				오르샤 피해복구반 단원
QUEST_LV_0500_20210813_000875	啟示者，你有沒有什麼好辦法？	계시자님, 뭔가 좋은 방법이 없을까요?				오르샤 피해복구반 단원
QUEST_LV_0500_20210813_000876	別用那種眼神看我。{nl}我不是巴伊寶拉女神，沒辦法從口袋裡變出那種東西。	그런 눈으로 보지 말아줘.{nl}난 바이보라 여신이 아니야, 그런 걸 주머니에서 꺼내줄 수 없다고.				파야우타
QUEST_LV_0500_20210813_000877	等等，我有個好主意。	잠깐, 내게 좋은 생각이 있어.				파야우타
QUEST_LV_0500_20210813_000878	你看過這裡的魔族拿在手裡的東西嗎？{nl}去收拾他們，把那些東西借過來吧！	이곳의 마족들이 손에 쥐고 있는 물건들 봤어?{nl}녀석들을 손봐주고 그걸 좀 빌려 가는 게 어떨까?				파야우타
QUEST_LV_0500_20210813_000879	{nl}反正主人沒了，既不需要還回去，之後也不會出問題。{nl}不覺得這個想法很棒嗎？	{nl}어차피 주인은 없어졌으니 돌려줄 필요도 없고 뒤탈은 없을 거 같은데 말이지.{nl}좋은 생각 같지 않아?				파야우타
QUEST_LV_0500_20210813_000880	出眾的人想法果然也很出眾！{nl}我就相信各位，在這裡招呼傳令了。	역시 비범한 분들은 생각도 비범하군요!{nl}저는 여러분만 믿고 여기서 전령들을 안내하고 있겠습니다.				오르샤 피해복구반 단원
QUEST_LV_0500_20210813_000881	好，那就逐一收集吧。{nl}材料我會先拿著，由你去處理比較好。	좋아 그럼 하나하나 모아볼까?{nl}일단 자재들은 내가 들고 있을 태니 네가 처리하는 게 좋겠어.				파야우타
QUEST_LV_0500_20210813_000882	應該先去向達勒巴斯鏟土工借鏟子比較好吧？{nl}	우선 다르바스 캐리어에게 삽을 빌려오는 게 좋겠지?{nl}				파야우타
QUEST_LV_0500_20210813_000883	很好，這樣領主應該也會滿意。{nl}接下來要向誰借東西呢…	좋아, 이 정도면 영주님도 만족할 거야.{nl}다음은 어느녀석껄 빌려볼까..				파야우타
QUEST_LV_0500_20210813_000884	好，我想到了。{nl}去拿達勒巴斯礦工的鎬頭吧！	좋아, 저 녀석이 좋겠어.{nl}다르바스 마이너에게 곡괭이를 얻어볼까?				파야우타
QUEST_LV_0500_20210813_000885	看來要捨棄幾樣了。{nl}實在太重了。	몇 개는 좀 버리고 가야겠어.{nl}너무 무거우니까.				파야우타
QUEST_LV_0500_20210813_000886	最後再去拿一樣東西就好。{nl}真的拿不動了。	마지막으로 하나만 더 구해보자.{nl}더 들고 다니긴 무리니까.				파야우타
QUEST_LV_0500_20210813_000887	達勒巴斯搬運工身上東西感覺挺多的…	다르바스 로더에게 이것저것 모을 수 있을 거 같은데..				파야우타
QUEST_LV_0500_20210813_000888	你回來啦！{nl}你拿到什麼了？{nl}兩位聯手，一定是能幫上大忙的東西。{nl}我看看…	돌아오셨군요!{nl}어떤 걸 모아오셨습니까?{nl}분명 두 분이 힘을 합치셨으니 큰 도움이 되는 물건일 겁니다.{nl}어디보자..				오르샤 피해복구반 단원
QUEST_LV_0500_20210813_000889	鏟子…這個把手斷了呀。	삽.. 이건 손잡이가 부러졌군요.				오르샤 피해복구반 단원
QUEST_LV_0500_20210813_000890	鎬頭…這個重建結束後應該能給礦工們用。	곡괭이.. 이건 복구가 끝나면 광부들에게 유용하겠어요.				오르샤 피해복구반 단원
QUEST_LV_0500_20210813_000891	石材…這個…應該丟掉比較好。	석재.. 이건.. 버리고 가는 게 좋겠군요.				오르샤 피해복구반 단원
QUEST_LV_0500_20210813_000892	謝謝兩位替團員辛苦收集奔走。{nl}但這些不是眼下需要的東西。	단원을 대신하여 두 분의 노고에 감사드립니다.{nl}하지만 지금 당장 필요한 물건들은 아니군요.				오르샤 피해복구반 단원
QUEST_LV_0500_20210813_000893	帕亞烏塔似乎在找其他東西。	파야우타는 뭔가 다른 것을 찾는 것 같다.				파야우타
QUEST_LV_0500_20210813_000894	不用太擔心。{nl}光是兩位人在歐勒夏，就會成為許多居民的希望了。	너무 걱정하실 필요는 없습니다.{nl}두 분께서 오르샤에 있다는 것만으로 많은 주민들에게 희망이 되어줄 겁니다.				오르샤 피해복구반 단원
QUEST_LV_0500_20210813_000895	對了，兩位去收集物資的時候，我與傳令見面了。{nl}聽說周圍森林有一些無法逃往歐勒夏而躲在小木屋裡的居民。	아참, 두 분께서 물자를 구하러 가시는 동안 전령과 만났습니다.{nl}주변 숲 속에 오르샤로 도망치지 못하고 오두막에 숨어있는 주민들이 있을 거라고 하는군요.				오르샤 피해복구반 단원
QUEST_LV_0500_20210813_000896	{nl}我想先去帕歐皮斯渡口…{nl}兩位怎麼打算呢？	{nl}저는 우선 파우피스 나루로 가볼까 합니다만..{nl}두 분께서는 어떻게 하시겠습니까?				오르샤 피해복구반 단원
QUEST_LV_0500_20210813_000897	這條路一直走就是帕歐皮斯渡口了。{nl}我會先過去，你們準備好的話，我們在帕歐皮斯渡口的入口見吧。	이 길로 나아가면 파우피스 나루입니다.{nl}먼저 가 있을 태니 준비되시면 파우피스 나루 초입에서 뵙지요.				오르샤 피해복구반 단원
QUEST_LV_0500_20210813_000898	啊，你們來啦？{nl}來之前我先逛了一圈，魔族真的非常多。	아, 오셨군요.{nl}오시기 전에 제가 잠시 둘러봤는데 마족들이 너무 많군요.				오르샤 피해복구반 단원
QUEST_LV_0500_20210813_000899	看旁邊房子有炊煙，應該不久前還有人。{nl}至於現在怎麼樣…	옆 집은 연기가 나는 거로 봐선 얼마 전까지 사람이 있었나 봅니다.{nl}지금은 어떻게 된 건지..				오르샤 피해복구반 단원
QUEST_LV_0500_20210813_000900	兩位不介意的話，我想拜託你們在這裡做餘下的搜查。{nl}我得去更深的森林裡找傳令和居民們。	두 분이 괜찮으시다면 이곳에서 나머지 수색을 부탁드리고 싶군요.{nl}저는 좀 더 깊은 숲으로 가서 전령과 주민들을 찾아봐야겠습니다.				오르샤 피해복구반 단원
QUEST_LV_0500_20210813_000901	沒時間在這裡耗了…	이러고 있을 때가 아닌데..				파야우타
QUEST_LV_0500_20210813_000902	{nl}好。{nl}走吧。	{nl}알겠어.{nl}가자.				파야우타
QUEST_LV_0500_20210813_000903	先去團員說的地方看看吧。{nl}位置我標在地圖上了。	단원이 알려준 곳으로 우선 가보자.{nl}위치는 내가 지도에 표기해 뒀어.				파야우타
QUEST_LV_0500_20210813_000904	至少帕歐皮斯渡口應該是沒有地方要確認了。{nl}辛苦你了。	적어도 파우피스 나루에는 확인할 곳이 더 없는 것 같아.{nl}수고했어.				파야우타
QUEST_LV_0500_20210813_000905	那我們就在這裡分開吧。{nl}我在這裡還有事情要弄清楚。{nl}你要回歐勒夏嗎？	그럼 동행은 여기까지만 할까?{nl}난 좀 더 이곳에서 확인해야 할 게 있어.{nl}넌 오르샤로 돌아갈꺼야?				파야우타
QUEST_LV_0500_20210813_000906	真頭痛…{nl}這周遭倖存的村子情況不比歐勒夏好，不能接受他們的幫助。	난감하군요..{nl}이 주변에 살아남은 마을도 오르샤보단 상황이 좋지 못하니 그들의 도움을 받을 수도 없습니다.				오르샤 피해복구반 단원
QUEST_LV_0500_20210813_000907	好，那你跟團員大叔說我們的計畫！{nl}我會在旁邊等。	좋아, 그럼 단원 아저씨에게 우리 계획을 말해줘!{nl}난 옆에서 기다리고 있을게.				파야우타
QUEST_LV_0500_20210813_000908	嗯…	음....				파야우타
QUEST_LV_0500_20210813_000909	這在修補城牆上應該管用。{nl}現在回去找重建班團員吧。	성벽 보수하는 데 쓸만하겠는데.{nl}이제 복구반 단원에게 돌아가자.				파야우타
QUEST_LV_0500_20210813_000910	剛剛收集的東西你來拿。{nl}剩下的我帶走。	방금 모은 건 네가 들어줘.{nl}나머지는 내가 가지고 갈게.				파야우타
QUEST_LV_0500_20210813_000911	這樣可以嗎？{nl}兩位真的很可靠。{nl}那我們在帕歐皮斯渡口前見吧。	그래 주시겠습니까?{nl}두 분이 계셔서 정말 든든하군요.{nl}그럼 파우피스 나루 앞에서 뵙겠습니다.				오르샤 피해복구반 단원
QUEST_LV_0500_20210813_000912	果然很值得信賴啊！{nl}我把容易藏人的地方告訴你們。	역시 믿음직스럽군요!{nl}제가 사람들이 숨어있을 만한 곳을 알려드리겠습니다.				오르샤 피해복구반 단원
QUEST_LV_0500_20210813_000913	那就萬事拜託了。{nl}我就相信二位，先走一步。	그럼 잘 부탁드립니다.{nl}두 분만 믿고 저는 먼저 가보겠습니다.				오르샤 피해복구반 단원
QUEST_LV_0500_20210813_000914	別磨磨蹭蹭的，快點把事情做完。	꾸물거리지 말고 어서 일을 끝내자.				파야우타
QUEST_LV_0500_20210813_000915	嗯…{nl}那再多搜查一些這附近吧。	그래..{nl}그럼 좀 더 이 근처를 수색해볼까.				파야우타
QUEST_LV_0500_20210813_000916	總覺得能發現我在找的東西。	뭔가 내가 찾는 걸 발견할 수 있을 거 같아.				파야우타
QUEST_LV_0500_20210813_000917	聖者的祈禱所{nl}你有聽過嗎？	자네,{nl}성자의 기도소에 대해 들어본 적이 있는가?				채플린 마스터
QUEST_LV_0500_20210813_000918	是傳說中的人物大賢者西爾韋斯特羅梅伊班生前經常進行祈禱的神聖之地。	전설적인 인물이셨던 대현자 실베스트로 메이번께서 살아생전 늘 기도를 올리시던 신성한 장소이지.				채플린 마스터
QUEST_LV_0500_20210813_000919	我不知道那個地方準確位於哪裡。{nl}只要梅伊班自己不願意，誰都看不見祈禱所的。{nl}據說就算現在梅伊班離開這世間已久，情況還是一樣。	그곳이 정확히 어디에 있는지는 모르네.{nl}메이번께서 스스로 바라지 않는 한 그 누구에게도 기도소의 모습은 보이지 않거든.{nl}메이번께서 이 세상을 떠난 지 오랜 지금까지도 마찬가지라네.				채플린 마스터
QUEST_LV_0500_20210813_000920	但我告訴你這件事是有原因的。{nl}神樹之日當時，鋼弩手大師比利烏斯和他的家人們在歐勒夏近郊的加橋森林。{nl}那時他們被強悍的魔族追趕著，結果魔族和他的家人一起被捲入一陣奇怪的爆炸後，人便消失得無影無蹤。	그러나, 자네에게 이런 이야기를 하는 이유가 있네.{nl}신수의 날 당시 아발리스터 마스터인 빌리우스와 그 가족들이 오르샤 근방의 덧댄다리 숲에 있었네.{nl}그 당시 강력한 마족에게 쫓기다가 그의 가족들과 마족이 함께 의문의 폭발에 휩 싸이고는 감쪽같이 사라졌다고 하지.				채플린 마스터
QUEST_LV_0500_20210813_000921	傳說聖者的祈禱所是仿造梅伊班得到敘品的地方建成的。{nl}而那個地方就是現在被稱為梅伊班大修道院中的光榮禮堂。	성자의 기도소는 메이번께서 서품을 받았던 장소를 본따 만들었다고 전해지네.{nl}바로 그 장소가 지금은 메이번 대수도원으로 불리는 곳의 영광의 홀이라네.				채플린 마스터
QUEST_LV_0500_20210813_000922	剛好比利烏斯的家人消失的地點與梅伊班大修道院地理位置上頗接近。{nl}萬一那裡是聖者的祈禱所的話…{nl}我覺得事情會發生，肯定是梅伊班的意思。	마침, 빌리우스의 가족들이 사라진 지점과 메이번 대수도원은 지리적으로 꽤 가깝지.{nl}만약 그곳이 성자의 기도소라면..{nl}분명 메이번님의 뜻으로 그런 일이 벌어진 거로 생각하네.				채플린 마스터
QUEST_LV_0500_20210813_000923	剛好比利烏斯聽到了歐勒夏的情況，前往了加橋森林，你去見見他怎麼樣？	마침 빌리우스가 오르샤의 상황을 듣고 덧댄다리 숲으로 갔으니 그를 만나보는 게 어떻겠나?				채플린 마스터
QUEST_LV_0500_20210813_000924	好主意。{nl}比利烏斯不像外表那樣，他心裡一定有很大的負擔。	좋은 생각일세.{nl}빌리우스는 겉과 달리 마음속에 큰 짐을 지니고 있을게야.				채플린 마스터
QUEST_LV_0500_20210813_000925	快去見他吧。	어서 가서 그를 만나보게나.				채플린 마스터
QUEST_LV_0500_20210813_000926	聖者的祈禱所？	성자의 기도소?				아발리스터 마스터
QUEST_LV_0500_20210813_000927	也就是說，那個魔族說不定還活著。	그렇다면 아직 그 마족이 살아 있을지도 모른다는 말이구나.				아발리스터 마스터
QUEST_LV_0500_20210813_000928	既然這樣，我很樂意尋求求助。{nl}事到如今，我已經不奢望家人還活著了。	그렇다면 기꺼이 도움을 청할게.{nl}이제 와서 가족들이 살아있기까지는 바라지 않아.				아발리스터 마스터
QUEST_LV_0500_20210813_000929	只是，{nl}萬一那個魔族逃出那裡…{nl}歐勒夏會在一瞬間變成廢墟。	다만,{nl}그 마족이 만에 하나 그곳을 빠져나오게 된다면..{nl}오르샤는 순식간에 쑥대밭이 될 거야.				아발리스터 마스터
QUEST_LV_0500_20210813_000930	做好萬全準備再出發吧。	단단히 준비하고 출발하자.				아발리스터 마스터
QUEST_LV_0500_20210813_000931	如果是梅伊班祈禱了一輩子的地方…{nl}我想那一定是個神聖之力不輸給大聖堂或供奉女神之聖所的聖域。	메이번께서 평생을 기도하던 장소라면..{nl}분명 대성당이나 여신을 모시는 성소에 버금가는 신성력이 존재하는 성역일걸세.				채플린 마스터
QUEST_LV_0500_20210813_000932	如果是那種地方，就算自神樹之日發生已經過了幾年，比利烏斯的家人說不定還是活著。{nl}魔族可能也一樣就是了…	그런 장소라면 신수의 날로부터 몇 년이 지난 지금도 여전히 빌리우스의 가족들이 살아있을지도 모를 일이지.{nl}어쩌면 그 마족도 마찬가지겠지만..				채플린 마스터
QUEST_LV_0500_20210813_000933	你快去找比利烏斯吧。{nl}我聽說比利烏斯在加橋森林。	어서 가서 빌리우스를 찾아보게.{nl}빌리우스는 덧댄다리 숲에 있다고 들었네.				채플린 마스터
QUEST_LV_0500_20210813_000934	我是聽到歐勒夏的狀況來幫忙的。{nl}這裡也是埋葬我家人的地方。{nl}不能讓任何魔族奪走。	오르샤의 상황을 듣고 도우러 왔어.{nl}여긴 내 가족들의 무덤이기도 해.{nl}그 어떤 마족에게도 넘겨줄 수 없어.	QUEST_20200128_010261	我在這裡幫忙修女院的工作。{nl}只要哪裡需要幫忙，無論何時我都會過去。	지금은 여기서 수녀원의 일을 돕고 있어.{nl}도움이 필요한 곳이 있다면 언제든지 달려갈 생각이야.	아발리스터 마스터
QUEST_LV_0500_20210813_000935	差點就大事不妙了。	하마터면 큰일 날 뻔했어.				파야우타
QUEST_LV_0500_20210813_000936	雖然不清楚我是怎麼破壞注視者的弓的…	내가 어떻게 주시자의 활을 파괴했는지는 잘 모르겠지만..				파야우타
QUEST_LV_0500_20210813_000937	帕烏魯斯的靈魂最後是被注視者帶走的嗎？	파울루스의 영혼은 결국 주시자가 가져간 거지?				파야우타
QUEST_LV_0500_20210813_000938	趕緊準備前往德慕爾吧。	서둘러 델무어로 갈 준비를 하자.				파야우타
QUEST_LV_0500_20210813_000939	你可以替我把在這裡收集的證據交給歐勒夏領主嗎？{nl}準備好之後在德慕爾再見吧。	나 대신 오르샤 영주에게 여기서 모은 증거품들을 전해줄래?{nl}준비되면 델무어에서 다시 만나자.				파야우타
QUEST_LV_0500_20210813_000940	出示證據給歐勒夏的領主伊內沙黑蒙戴伊	오르샤의 영주인 이네사 해먼데일에게 증거품들을 보여주자				PC
QUEST_LV_0500_20210813_000941	真的謝謝你替處於危機的歐勒夏費心。	위기에 처한 오르샤를 위해서 애써주셔서 정말 감사합니다.				이네사 해먼데일
QUEST_LV_0500_20210813_000942	意思是你在亞夏克地牢裡發現了這些。	이것들을 아샤크 지하 감옥에서 발견했다는 말씀이시군요.				이네사 해먼데일
QUEST_LV_0500_20210813_000943	謝謝你。{nl}一想到自己無法讓無辜的百姓免於魔族殘忍的實驗，我就覺得很慚愧…	감사합니다.{nl}마족의 반인격적인 실험으로부터 무고한 백성들의 목숨을 지키지 못했다고 생각하니 면목이 없군요..				이네사 해먼데일
QUEST_LV_0500_20210813_000944	我得做好去德慕爾的萬全準備。{nl}請啟示者務必為我們打頭陣。	델무어로 가기 위해 만반의 준비를 해야겠습니다.{nl}부디, 계사자께서 우리의 선봉에 서주시기를 바랍니다.				이네사 해먼데일
QUEST_LV_0500_20210813_000945	啟示者。{nl}奇雷恩地方的帕歐皮斯渡口有個地方豎立著巨大克魯比那屏障，你有看見嗎？	계시자님.{nl}키렌 지방의 파우피스 나루 한쪽에 거대한 크루비나 장벽이 솟아오른 걸 혹시 보셨습니까?				이네사 해먼데일
QUEST_LV_0500_20210813_000946	那裡是過去與亞夏克地牢1層入口相連的路。{nl}那種地方怎麼會…{nl}我覺得真的是太不尋常的現象了。	그곳은 과거 아샤크 지하 감옥의 1층의 입구와 이어져 있던 길입니다.{nl}그런 곳에 어째서..{nl}너무나도 부자연스러운 현상이라고 생각합니다.				이네사 해먼데일
QUEST_LV_0500_20210813_000947	我也是可以交給其他人調查，{nl}但那極不尋常的巨大克魯比那就是讓我有種不好的預感。	다른 이에게 조사를 맡길 수도 있겠지만,{nl}유독 심상치 않은 커다란 크루비나인만큼 위험한 예감이 듭니다.				이네사 해먼데일
QUEST_LV_0500_20210813_000948	希望啟示者你務必幫忙調查。	계시자님께서 부디 조사해주셨으면 합니다.				이네사 해먼데일
QUEST_LV_0500_20210813_000949	謝謝你爽快地答應幫忙。{nl}雖然克魯比那屏障擋住了亞夏克地牢 1層的入口，{nl}但只要藉由小路，就可以進去亞夏克地牢2層了。	군말 없이 협조해주셔서 감사합니다.{nl}크루비나 장벽이 아샤크 지하 감옥 1층의 입구를 막고 있지만, {nl}샛길을 통한다면 아샤크 지하 감옥 2층으로 진입하실 수 있을 겁니다.				이네사 해먼데일
QUEST_LV_0500_20210813_000950	你先調答看看巨大克魯比那屏障，再進去亞夏克地牢2層比較好。	거대 크루비나 장벽을 먼저 조사해보시고 아샤크 지하 감옥 2층으로 진입하시는 게 좋을 겁니다.				이네사 해먼데일
QUEST_LV_0500_20210813_000951	巨大克魯比那屏障擋住了去亞夏克地牢1層的路	거대한 크루비나 장벽이 아샤크 지하 감옥 1층으로 가는 길을 막아서고 있다				PC
QUEST_LV_0500_20210813_000952	若能透過小路，你就可以進入亞夏克地牢2層了。	샛길을 통한다면 아샤크 지하 감옥 2층으로 진입하실 수 있을 겁니다.				이네사 해먼데일
QUEST_LV_0500_20210813_000953	啟示者？	계시자?				파야우타
QUEST_LV_0500_20210813_000954	你就是被稱為啟示者的人啊。	당신은 계시자라 불리는 사람이군요.				파울루스
QUEST_LV_0500_20210813_000955	注視者是這麼稱呼的，我偶爾會聽到關於這些人的事。{nl}聽說是夢到了拉伊瑪女神的夢吧？{nl}你好像跟我妹妹帕亞烏塔有緣份啊。	간혹 주시자가 그렇게 불리는 사람들에 대한 이야기를 한 적이 있습니다.{nl}라이마 여신의 꿈을 꾼 사람들이라지요?{nl}제 동생 파야우타와 인연이 있으신 듯하네요.				파울루스
QUEST_LV_0500_20210813_000956	如果你是來調查這裡的，可以幫幫我的妹妹嗎？{nl}我被跟隨注視者的魔族看到沒有什麼好處。	혹시 이곳을 조사하러 오신 거라면 제 동생을 도와주시겠습니까?{nl}저는 주시자를 따르는 마족들에게 보여서 좋을 게 없습니다.				파울루스
QUEST_LV_0500_20210813_000957	周圍的魔族清得差不多了。{nl}這樣應該能進到更深層的地方。	주변의 마족들은 이제 정리가 된 거 같네.{nl}이 정도면 좀 더 깊이 들어갈 수 있겠어.				파야우타
QUEST_LV_0500_20210813_000958	你看此處魔族們的衣著。{nl}很像鍊金術士和瘟疫醫生。	여기 있는 마족들의 복장을 봐봐.{nl}알케미스트나 플레이그 닥터랑 비슷한 느낌이야.				파야우타
QUEST_LV_0500_20210813_000959	肯定和帕烏魯斯說的實驗有關。	파울루스가 말한 실험과 분명 연관이 있어.				파야우타
QUEST_LV_0500_20210813_000960	說不定能從他們身上找到什麼。	녀석들에게서 뭐라도 찾을 수 있을지도 몰라.				파야우타
QUEST_LV_0500_20210813_000961	莫克斯拉手上應該有什麼。{nl}打倒他們，看看他們的隨身物吧。	모크슬라들이 뭐라도 가지고 있을 거야.{nl}녀석들을 잡아서 소지품을 보자.				파야우타
QUEST_LV_0500_20210813_000962	關於人類的研究資料…{nl}這裡面重複的內容真不少。{nl}這個樣子應該夠了。	인간에 관한 연구 자료..{nl}이 중에서도 겹치는 내용이 꽤 있네.{nl}이 정도면 충분한 거 같아.				파야우타
QUEST_LV_0500_20210813_000963	證物由我拿著吧。	증거물들은 내가 가지고 있을게.				파야우타
QUEST_LV_0500_20210813_000964	帕烏魯斯應該在附近。{nl}去找找看帕烏魯斯。	근처에 파울루스가 있을 거야.{nl}파울루스를 찾아보자.				파야우타
QUEST_LV_0500_20210813_000965	你平安回來啦。{nl}帕亞烏塔，謝謝你代替我這個哥哥。	무사히 들어오셨군요.{nl}파야우타, 이 오빠를 대신해줘서 정말 고맙다.				파울루스
QUEST_LV_0500_20210813_000966	啟示者。{nl}這附近的書櫃是莫克斯拉們保管研究記錄和所需資料的地方。	계시자님.{nl}이 근처에 보이시는 책장들은 모크슬라들이 연구의 기록지나 필요한 자료들을 보관하는 곳입니다.				파울루스
QUEST_LV_0500_20210813_000967	應該會有那個可怕實驗所需的東西。	분명히 그 끔찍한 실험을 위해 필요했을 무언가가 있을 겁니다.				파울루스
QUEST_LV_0500_20210813_000968	你找到資料後再過來這裡。{nl}我會暫時先躲避。	자료를 찾으시면 다시 이곳으로 와주세요.{nl}저는 잠시 피해 있겠습니다.				파울루스
QUEST_LV_0500_20210813_000969	奎普博學者的研究嗎…	큅메이지의 연구라..				파울루스
QUEST_LV_0500_20210813_000970	奎普博學者是變成魔族的人類。{nl}因為注視者利用克魯比那強行進行了將人類變成魔族的實驗…	큅 메이지는 마족이 된 인간이죠.{nl}주시자는 크루비나를 이용해 인간을 마족으로 만드는 실험을 강행했으니..				파울루스
QUEST_LV_0500_20210813_000971	我想那份資料會成為確實的證據。	그 자료는 확실한 증거가 될 겁니다.				파울루스
QUEST_LV_0500_20210813_000972	這份研究資料也由我來保管。	이 연구 자료도 내가 보관하고 있을게.				파야우타
QUEST_LV_0500_20210813_000973	因實驗犧牲的人們，他們的隨身物品應該在莫克斯拉們手上。	실험에 희생당한 사람들의 소지품을 모크슬라들이 가지고 있을 겁니다.				파울루스
QUEST_LV_0500_20210813_000974	他們有將東西塞滿自己袋子的習性。{nl}不過他們並不細心，很常掉東掉西的。	녀석들은 자기 주머니에 물건을 채워 넣는 습성이 있습니다.{nl}하지만 꼼꼼한 녀석들은 아니라 바닥에 곧, 잘 흘리고 다닙니다.				파울루스
QUEST_LV_0500_20210813_000975	請從掉在地上的莫克斯拉的袋子中，尋找死者們的隨身物品。	바닥에 떨어진 모크슬라들의 주머니에서 죽은 사람들의 소지품을 찾아보세요.				파울루스
QUEST_LV_0500_20210813_000976	因實驗而死亡的人若是貴族，王室一定會緊張。{nl}中央通道是 莫克斯拉常走的地方，應該很容易能找到袋子。	실험으로 죽은 사람들이 귀족이라면, 왕실에서도 예민한 반응을 보일 겁니다.{nl}중앙 통로는 모크슬라들이 자주 지나다니는 곳이니 주머니를 쉽게 찾으실 수 있을 겁니다.				파울루스
QUEST_LV_0500_20210813_000977	還有，去檢查室應該會有名為靈魂束縛劑的重要研究資料。{nl}我們在那裡見吧。	그리고 검사실에 가면 영혼 구속제라는 중요한 연구 재료가 보관되어 있을 겁니다.{nl}그곳에서 뵙죠.				파울루스
QUEST_LV_0500_20210813_000978	想到王國都要滅亡了還帶上寶石，就覺得有點可笑。	왕국이 무너지는 와중에도 보석이나 챙기고 있었다고 생각하니 조금은 우습네.				파야우타
QUEST_LV_0500_20210813_000979	給我吧，我保管。	내게 줘, 보관하고 있을게.				파야우타
QUEST_LV_0500_20210813_000980	帕烏魯斯說有個叫靈魂束縛劑的重要研究資料在這上方的檢查室。	파울루스는 영혼 구속제라는 중요한 연구 재료가 이 위에 있는 검사실에 있다고 했어.				파야우타
QUEST_LV_0500_20210813_000981	趕緊去檢查室吧。	서둘러 검사실로 가자.				파야우타
QUEST_LV_0500_20210813_000982	靈魂束縛劑應該放在檢查室裡。	영혼 구속제는 검사실에 보관되어 있을 거야.				파야우타
QUEST_LV_0500_20210813_000983	太好了。{nl}確認看看保管箱吧。	다행이야.{nl}보관함을 확인해 보자.				파야우타
QUEST_LV_0500_20210813_000984	奇怪…{nl}為什麼沒有任何反應？	이상해..{nl}왜 아무 반응도 없는 거지?				파야우타
QUEST_LV_0500_20210813_000985	帕烏魯斯的靈魂平安回來了	파울루스의 영혼이 무사히 돌아왔다				PC
QUEST_LV_0500_20210813_000986	居然…{nl}看來我的靈魂破碎了…	이런..{nl}제 영혼이 부서졌었나 보군요..				파울루스
QUEST_LV_0500_20210813_000987	帕亞烏塔，抱歉讓你擔心了。{nl}也謝謝啟示者。	파야우타, 걱정시켜서 미안하구나.{nl}계시자님께도 감사합니다.				파울루스
QUEST_LV_0500_20210813_000988	這前方有通往亞夏克地牢隔離區域的入口。{nl}只是裡面有個叫莫克斯拉 巴爾道勃斯的傢伙，他是莫克斯拉們的頭目，應該不會太容易。	이 앞은 아샤크 지하 감옥 격리 구역으로 통하는 입구가 있습니다.{nl}그러나, 모크슬라 발도바스라는 모크슬라들의 우두머리가 그 안에 있어서 쉽지 않을 겁니다.				파울루스
QUEST_LV_0500_20210813_000989	我覺得把莫克斯拉 巴爾道勃斯引過來這邊，然後趁機通過比較好。{nl}由啟示者你去引誘巴爾道勃斯，{nl}我和帕亞烏塔會先進入隔離區域，並在那裡清出一條路，方便你從後面跟上。	모크슬라 발도바스를 이쪽으로 불러들이고 그 사이에 통과하는 게 좋겠습니다.{nl}계시자님께서 발도바스를 유인해주신다면,{nl}파야우타와 제가 먼저 격리 구역으로 진입해 계시자님이 무사히 따라 올 수 있도록 그곳을 정리해두겠습니다.				파울루스
QUEST_LV_0500_20210813_000990	他失去意識了{nl}確認帕亞烏塔的狀態吧	의식을 잃었다{nl}파야우타의 상태를 확인하자				PC
QUEST_LV_0500_20210813_000991	抱歉…{nl}我大意了。	미안..{nl}방심했어.				파야우타
QUEST_LV_0500_20210813_000992	帕烏魯斯呢？	파울루스는?				파야우타
QUEST_LV_0500_20210813_000993	身體不聽使喚…{nl}你還好嗎？	몸이 말을 듣지 않아..{nl}너는 괜찮은 거야?				파야우타
QUEST_LV_0500_20210813_000994	拜託你。{nl}別讓注視者跑了。	부탁이야.{nl}주시자를 놓치지 마.				파야우타
QUEST_LV_0500_20210813_000995	雖然帕烏魯斯背叛了我們，但他是我的家人。{nl}幫我找回帕烏魯斯的靈魂。	비록 우리를 배신했지만 파울루스는 내 가족이야.{nl}파울루스의 영혼을 되찾아 줘.				파야우타
QUEST_LV_0500_20210813_000996	要是啟示者你用控制桿引誘巴爾道勃斯，{nl}我和帕亞烏塔會先進入隔離區域做清理，方便你能跟上。	계시자님께서 레버를 사용해 발도바스를 유인해주신다면,{nl}파야우타와 제가 먼저 격리 구역으로 진입해 계시자님이 따라 올 수 있도록 그곳을 정리해두겠습니다.				파울루스
QUEST_LV_0500_20210813_000997	最好和帕亞烏塔分成兩邊包抄，讓瘋狂馬魯若斯逃不出去。{nl}你選擇想要的方向先出發吧。	광기의 마르녹스가 도망가지 못하도록 파야우타와 양쪽으로 나뉘어 녀석을 몰아넣는 게 좋습니다.{nl}원하시는 방향으로 먼저 출발하시죠.				파울루스
QUEST_LV_0500_20210813_000998	謎樣說書人	의문의 이야기꾼				
QUEST_LV_0500_20210813_000999	{#FF0000}※ 這裡是英雄譚導覽任務。{/}{nl}啟示者你好。	{#FF0000}※ 영웅담 진행을 위한 튜토리얼 퀘스트입니다.{/}{nl}계시자 님 안녕하세요?				의문의 이야기꾼
QUEST_LV_0500_20210813_001000	我有事情想說給啟示者聽，所以請你過來。	계시자님에게 들려 드리고 싶은 이야기가 있어서 계시자님을 불렀습니다.				의문의 이야기꾼
QUEST_LV_0500_20210813_001001	你想知道嗎？	어떠실까요?				의문의 이야기꾼
QUEST_LV_0500_20210813_001002	[英雄譚] 無法留下的事	[영웅담] 남지 못한 이야기들				
QUEST_LV_0500_20210813_001003	我想知道	이야기가 궁금하다고 한다				
QUEST_LV_0500_20210813_001004	藏於地下的那些秘密(1)	지하에 감춘 비밀들(1)				
QUEST_LV_0500_20210813_001005	藏於地下的那些秘密(2)	지하에 감춘 비밀들(2)				
QUEST_LV_0500_20210813_001006	我無法相信帕烏魯斯	파울루스를 믿을 수 없다고 한다				
QUEST_LV_0500_20210813_001007	藏於地下的那些秘密(3)	지하에 감춘 비밀들(3)				
QUEST_LV_0500_20210813_001008	暫時休息一下吧	잠시 쉬자고 한다				
QUEST_LV_0500_20210813_001009	藏於地下的那些秘密(4)	지하에 감춘 비밀들(4)				
QUEST_LV_0500_20210813_001010	我會先做其他的事	다른 일을 먼저 하겠다고 한다				
QUEST_LV_0500_20210813_001011	藏於地下的那些秘密(5)	지하에 감춘 비밀들(5)				
QUEST_LV_0500_20210813_001012	藏於地下的那些秘密(6)	지하에 감춘 비밀들(6)				
QUEST_LV_0500_20210813_001013	藏於地下的那些秘密(7)	지하에 감춘 비밀들(7)				
QUEST_LV_0500_20210813_001014	趕快去確認吧	어서 확인하자고 한다				
QUEST_LV_0500_20210813_001015	抱歉，請再等等	미안하지만 기다려달라고 한다				
QUEST_LV_0500_20210813_001016	藏於地下的那些秘密들(8)	지하에 감춘 비밀들(8)				
QUEST_LV_0500_20210813_001017	受折磨的魔君主	고통받는 마군주				
QUEST_LV_0500_20210813_001018	往右(1)	우측으로(1)				
QUEST_LV_0500_20210813_001019	往右(2)	우측으로(2)				
QUEST_LV_0500_20210813_001020	往左(1)	좌측으로(1)				
QUEST_LV_0500_20210813_001021	往左(2)	좌측으로(2)				
QUEST_LV_0500_20210813_001022	會合	합류				
QUEST_LV_0500_20210813_001023	有尊嚴的死去(1)	인간다운 죽음(1)				
QUEST_LV_0500_20210813_001024	有尊嚴的死去(2)	인간다운 죽음(2)				
QUEST_LV_0500_20210813_001025	我拒絕了	기절헀다고 한다				
QUEST_LV_0500_20210813_001026	我會再去確認看看	다시 확인해보겠다고 한다				
QUEST_LV_0500_20210813_001027	追逐傳教者(1)	설교자 쫓기(1)				
QUEST_LV_0500_20210813_001028	追逐傳教者(2)	설교자 쫓기(2)				
QUEST_LV_0500_20210813_001029	追逐傳教者(3)	설교자 쫓기(3)				
QUEST_LV_0500_20210813_001030	追逐傳教者(4)	설교자 쫓기(4)				
QUEST_LV_0500_20210813_001031	追逐傳教者(5)	설교자 쫓기(5)				
QUEST_LV_0500_20210813_001032	追逐傳教者(6)	설교자 쫓기(6)				
QUEST_LV_0500_20210813_001033	追逐傳教者(7)	설교자 쫓기(7)				
QUEST_LV_0500_20210813_001034	追逐傳教者(8)	설교자 쫓기(8)				
QUEST_LV_0500_20210813_001035	追逐傳教者(9)	설교자 쫓기(9)				
QUEST_LV_0500_20210813_001036	追逐傳教者(10)	설교자 쫓기(10)				
QUEST_LV_0500_20210813_001037	追逐傳教者(11)	설교자 쫓기(11)				
QUEST_LV_0500_20210813_001038	現在需要休息	지금은 쉬어야겠다고 한다				
QUEST_LV_0500_20210813_001039	聖者的祈禱所	성자의 기도소				
QUEST_LV_0500_20210813_001040	詢問更多關於聖者的祈禱所的事	성자의 기도소에 대해 더 묻는다				
QUEST_LV_0500_20210813_001041	岔路	갈림길				
QUEST_LV_0500_20210813_001042	王國重建團的委託	왕국 재건단의 부탁				
QUEST_LV_0500_20210813_001043	表明自己是啟示者，並樂意幫忙	계시자임을 밝히고 기꺼이 돕겠다고 한다				
QUEST_LV_0500_20210813_001044	蓮帕拉沙池塘的魔族們	렘파라사 연못의 마족들				
QUEST_LV_0500_20210813_001045	沒有支援我就不幹了	지원이 없으면 싫다고 한다				
QUEST_LV_0500_20210813_001046	親切的面孔	반가운 얼굴				
QUEST_LV_0500_20210813_001047	攻擊是最好的防禦(1)	최선의 방어는 공격(1)				
QUEST_LV_0500_20210813_001048	我對計畫不滿意	계획이 마음에 들지 않는다고 한다				
QUEST_LV_0500_20210813_001049	攻擊是最好的防禦(2)	최선의 방어는 공격(2)				
QUEST_LV_0500_20210813_001050	我來帶頭	앞장서겠다고 한다				
QUEST_LV_0500_20210813_001051	請前往加橋森林	덧댄다리 숲으로 향하세요				
QUEST_LV_0500_20210813_001052	一切都欠缺的情況	모든 것이 부족한 상황				
QUEST_LV_0500_20210813_001053	我會和帕亞烏塔討論看看	파야우타와 의논해보겠다고 한다				
QUEST_LV_0500_20210813_001054	沒其他辦法了	별 수 없다고 한다				
QUEST_LV_0500_20210813_001055	好方法(1)	좋은 방법(1)				
QUEST_LV_0500_20210813_001056	這是個很聰明的想法	천재적인 발상이라고 한다				
QUEST_LV_0500_20210813_001057	我覺得好混亂	혼란스럽다고 한다				
QUEST_LV_0500_20210813_001058	好方法(2)	좋은 방법(2)				
QUEST_LV_0500_20210813_001059	好方法(3)	좋은 방법(3)				
QUEST_LV_0500_20210813_001060	好方法(4)	좋은 방법(4)				
QUEST_LV_0500_20210813_001061	厲害的物資	훌륭한 물자				
QUEST_LV_0500_20210813_001062	我們一起去	같이 가겠다고 한다				
QUEST_LV_0500_20210813_001063	我會去商量看看	의논해보겠다고 한다				
QUEST_LV_0500_20210813_001064	請跟著歐勒夏災後重建班前往帕歐皮斯渡口	오르샤 피해 복구반을 따라 파우피스 나루로 이동하세요				
QUEST_LV_0500_20210813_001065	另一批受害者	또 다른 피해자들				
QUEST_LV_0500_20210813_001066	我會盡力尋找	최대한 찾아보겠다고 한다				
QUEST_LV_0500_20210813_001067	別漏掉任何一個人	남겨지는 사람이 없도록				
QUEST_LV_0500_20210813_001068	這是沒有希望的事	가망 없는 이야기라고 한다				
QUEST_LV_0500_20210813_001069	喪失的記憶	잃어버린 기억				
QUEST_LV_0500_20210813_001070	會再一起行動一陣子	좀 더 함께 다니겠다고 한다				
QUEST_LV_0500_20210813_001071	有人有事情要告訴你	누군가 당신에게 들려줄 이야기가 있습니다				
QUEST_LV_0500_20210813_001072	有個人想告訴啟示者你特別的事情	누군가 계시자인 당신에게 특별한 이야기를 해주고 싶어합니다				
QUEST_LV_0500_20210813_001073	請悅讀被遺忘的故事序言	잊혀진 이야기의 서문을 읽어보세요				
QUEST_LV_0500_20210813_001074	移動至陌生卻又充滿熟悉感覺的空間{nl}請仔細聆聽說書人的話	낯설기도 하지만 익숙한 느낌이 가득한 공간으로 이동했습니다{nl}이야기꾼의 이야기를 차근차근 들어보세요				
QUEST_LV_0500_20210813_001075	請與說書人對話。	이야기꾼과 대화하세요.				
QUEST_LV_0500_20210813_001076	與說書人對話結束	이야기꾼의 이야기가 끝났습니다				
QUEST_LV_0500_20210813_001077	去見歐勒夏的領主	오르샤의 영주를 만나기				
QUEST_LV_0500_20210813_001078	歐勒夏的領主 伊內沙黑蒙戴伊正在等你{nl}請去找歐勒夏的領主說話{nl}	오르샤의 영주 이네사 해먼데일이 당신을 기다리고 있습니다{nl}오르샤의 영주를 찾아가 이야기를 들어보세요{nl}				
QUEST_LV_0500_20210813_001079	調查擋在亞夏克地牢1層入口的克魯比那屏障	아샤크 지하 감옥 1층의 입구를 막아선 크루비나 장벽을 조사하기				
QUEST_LV_0500_20210813_001080	對於擋著帕歐皮斯渡口與亞夏克地牢1層入口的巨大克魯比那屏障，歐勒夏的領主與你談了相關疑問{nl}他請求與你一同調查亞夏克地牢{nl}進入亞夏克地牢2層前，請先調查克魯比那屏障	오르샤의 영주는 당신에게 파우피스 나루와 아샤크 지하 감옥 1층의 입구를 차단하고 있는 거대한 크루비나 장벽에 대해 의문을 이야기했습니다{nl}그와 함께 아샤크 지하 감옥에 대한 조사를 부탁했습니다{nl}아샤크 지하 감옥 2층으로 진입하기 전에 크루비나 장벽을 먼저 조사해보세요				
QUEST_LV_0500_20210813_001081	進入亞夏克地牢2層	아샤크 지하 감옥 2층 진입하기				
QUEST_LV_0500_20210813_001082	廣闊的歐勒夏近郊豎立著巨大克魯比那屏障實在可疑{nl}請藉由歐勒夏的領主說的通道，前往亞夏克地牢2層	넓은 오르샤 근방에 거대한 크루비나 장벽이 서 있는 게 수상합니다{nl}오르샤의 영주가 일러준 진입로를 통해 아샤크 지하 감옥 2층으로 이동하세요				
QUEST_LV_0500_20210813_001083	與帕烏魯斯說話	파울루스와 이야기하기				
QUEST_LV_0500_20210813_001084	與帕亞烏塔的哥哥帕烏魯斯見面了{nl}請與他說話	파야우타의 오빠인 파울루스를 만났습니다{nl}그와 이야기해보세요				
QUEST_LV_0500_20210813_001085	在正式調查前，請清理怪物們。	본격적인 조사에 앞서 몬스터들을 정리하세요				
QUEST_LV_0500_20210813_001086	為了收集注視者暴行的證據，必須開始調查{nl}請消滅周遭的怪物，以利調查順利進行	주시자가 벌인 만행에 대한 증거를 모으기 위해 조사를 시작해야 합니다{nl}조사에 방해가 되지 않도록 주변 몬스터를 처치하세요				
QUEST_LV_0500_20210813_001087	與帕亞烏塔對話	파야우타와 대화하기				
QUEST_LV_0500_20210813_001088	已充分除去襲來的怪物{nl}請與帕亞烏塔商討下個目標	공격해오는 몬스터들을 충분히 제거했습니다{nl}다음 목표를 위해 파야우타와 상의하세요				
QUEST_LV_0500_20210813_001089	請與帕亞烏塔討論下一步	이다음을 위해 파야우타와 논의하세요				
QUEST_LV_0500_20210813_001090	從怪物身上盜取研究資料	몬스터들로부터 연구자료 훔치기				
QUEST_LV_0500_20210813_001091	莫克斯拉手上的研究資料是重要的證物{nl}請消滅莫克斯拉們，並奪取他們的研究資料	모크슬라들이 가지고 있는 연구 자료는 중요한 증거물입니다{nl}모크슬라들을 처치하고 그들의 연구자료를 탈취하세요				
QUEST_LV_0500_20210813_001092	已從莫克斯拉手上盜取足夠的資掉{nl}請與帕亞烏塔對話，談論下一步	모크슬라들로부터 충분한 자료들을 훔쳤습니다{nl}파야우타와 대화하고 다음 할 일을 이야기하세요				
QUEST_LV_0500_20210813_001093	消滅莫克斯拉	모크슬라 처치				
QUEST_LV_0500_20210813_001094	尋找帕烏魯斯	파울루스를 찾기				
QUEST_LV_0500_20210813_001095	請尋找帕烏魯斯	파울루스를 찾으세요				
QUEST_LV_0500_20210813_001096	調查研究資料	연구 자료를 조사하기				
QUEST_LV_0500_20210813_001097	據說莫克斯拉門的研究資料雖然重要，但還有其他真正寫有核心研究成果的資料{nl}必須在書櫃裡將資料找出來	모크슬라들의 연구 자료는 중요한 자료이지만, 정작 중요한 핵심적인 연구의 성과를 이룰 수 있는 연구에 대해 적힌 자료는 따로 있다고 합니다{nl}책장에서 자료를 찾아야합니다				
QUEST_LV_0500_20210813_001098	找到了寫有注視者與奎普博學者交易的相關書籍{nl}請將書籍拿給帕烏魯斯看	주시자와 퀩 메이지의 거래에 관한 이야기가 적힌 서적을 찾았습니다{nl}파울루스에게 서적을 보여주세요				
QUEST_LV_0500_20210813_001099	獲得重要的研究資料{nl}重要的研究資料獲取時不為組隊共享。	중요한 연구 자료 획득{nl}중요한 연구 자료는 파티 공유로 획득되지 않습니다.				
QUEST_LV_0500_20210813_001100	與帕烏魯斯對話	파울루스와 대화하기				
QUEST_LV_0500_20210813_001101	已獲取注視者以何種研究為目標的證據{nl}請與帕烏魯斯討論下個工作	주시자가 어떤 연구를 목표로하는 지에 대한 증거를 확보했습니다{nl}파울루스와 다음 할 일에 대해 이야기하세요				
QUEST_LV_0500_20210813_001102	回收莫克斯拉掉落的失物	모크슬라들이 떨어뜨린 분실물 회수				
QUEST_LV_0500_20210813_001103	需要證據來證明他們是因為研究而犧牲的人{nl}聽說莫克斯拉個性粗心，很容易掉東西{nl}請回收莫克斯拉搞丟的犧牲者們的隨身物	연구에 희생된 대상이 인간들임을 증명할 수 있는 증거가 필요합니다{nl}모크슬라들은 꼼꼼하지 못한 성격이니 쉽게 소지품을 떨어뜨린다고 합니다{nl}모크슬라들이 떨어뜨린 희생된 인간들의 소지품을 회수하세요				
QUEST_LV_0500_20210813_001104	發現看起來像是王室高層人士隨身物品的昂貴物件{nl}請將隨身物交給帕亞烏塔，並討論下個目標	왕실 고위 인사들의 소지품으로 추정되는 값비싼 물건들을 발견했습니다{nl}파야우타에게 소지품들을 맡기고 다음 목표에 관해 이야기하세요				
QUEST_LV_0500_20210813_001105	請與帕亞烏塔討論下個目標	파야우타와 다음 목표에 관해 이야기 하세요				
QUEST_LV_0500_20210813_001106	調查故障的保管箱	고장 난 보관함 조사하기				
QUEST_LV_0500_20210813_001107	請調查故障的保管箱	고장 난 보관함을 조사하세요				
QUEST_LV_0500_20210813_001108	抵禦了怪物們的襲擊{nl}請與帕亞烏塔對話	몬스터들의 습격을 방어했습니다{nl}파야우타와 대화하세요				
QUEST_LV_0500_20210813_001109	確認故障的保管箱	고장난 보관함 확인하기				
QUEST_LV_0500_20210813_001110	請確認故障的保管箱	고장 난 보관함을 확인하세요				
QUEST_LV_0500_20210813_001111	回收破碎的帕烏魯斯靈魂{nl}集齊靈魂後，可前往安全的地方復原帕烏魯斯的靈魂	조각난 파울루스의 영혼을 회수하기{nl}영혼을 모두 모으면 안전한 곳으로 이동해 파울루스의 영혼을 복구할 수 있습니다				
QUEST_LV_0500_20210813_001112	已從故障的保管箱成功取得束縛劑{nl}然而，受爆炸影響，連帕烏魯斯的靈魂都破碎了{nl}趁帕烏魯斯的靈魂還沒完全消失，請將其靈魂再次聚攏{nl}集齊靈魂後，可前往安全的地方復原帕烏魯斯的靈魂	고장 난 보관함에서 성공적으로 영혼 구속제를 획득했습니다{nl}그러나, 폭발의 영향으로 파울루스의 영혼까지 조각나버렸습니다{nl}파울루스의 영혼이 완전히 사라지기 전에 그의 영혼들을 다시 모으세요{nl}영혼을 모두 모으면 안전한 곳으로 이동해 파울루스의 영혼을 복구할 수 있습니다				
QUEST_LV_0500_20210813_001113	與帕烏魯斯對話{nl}集齊靈魂後，前往安全的地方復原帕烏魯斯的靈魂	파울루스와 대화하기{nl}영혼을 모두 모으면 안전한 곳으로 이동해 파울루스의 영혼을 복구하세요				
QUEST_LV_0500_20210813_001114	所幸集齊了帕烏魯斯的靈魂{nl}請與帕烏魯斯對話	다행히 파울루스의 영혼을 모두 모았습니다{nl}파울루스와 이야기하세요				
QUEST_LV_0500_20210813_001115	請與帕烏魯斯對話	파울루스와 대화하세요				
QUEST_LV_0500_20210813_001116	啟動控制桿	레버 작동시키기				
QUEST_LV_0500_20210813_001117	為了進入亞夏克地牢隔離區域，必須消滅莫克斯拉們的頭目{nl}請啟動控制桿喚出莫克斯拉 巴爾道勃斯	아샤크 지하 감옥 격리 구역으로 진입하기 위해서는 모크슬라들의 우두머리를 처치해야 합니다{nl}레버를 작동시켜 모크슬라 발도바스를 부르세요				
QUEST_LV_0500_20210813_001118	進入亞夏克地牢隔離區域	아샤크 지하 감옥 격리구역으로 진입하기				
QUEST_LV_0500_20210813_001119	已消滅莫克斯拉 巴爾道勃斯{nl}現在可安全地進入隔離區域	모크슬라 발도바스를 처치했습니다{nl}이제 안전하게 격리 구역으로 진입할 수 있습니다				
QUEST_LV_0500_20210813_001120	前往亞夏克地牢隔離區域	아샤크 지하 감옥 격리 구역으로 향하기				
QUEST_LV_0500_20210813_001121	請亞夏克地牢隔離區域移動{nl}帕烏魯斯與帕亞烏塔等在那裡	아샤크 지하 감옥 격리 구역으로 이동하세요{nl}파울루스와 파야우타가 기다리고 있습니다				
QUEST_LV_0500_20210813_001122	阻止瘋狂馬魯若斯	광기의 마르녹스 막기				
QUEST_LV_0500_20210813_001123	請阻止襲擊的瘋狂馬魯若斯	습격한 광기의 마르녹스를 저지하세요				
QUEST_LV_0500_20210813_001124	瘋狂馬魯若斯居於劣勢後便逃跑了{nl}請與帕烏魯斯對話	광기의 마르녹스가 수세에 몰리자 도망쳤습니다{nl}파울루스와 대화하세요				
QUEST_LV_0500_20210813_001125	往右走阻斷馬魯若斯的退路	우측으로 마르녹스의 퇴로를 차단하기				
QUEST_LV_0500_20210813_001126	請往右走阻斷馬魯若斯的退路	오른쪽의 길로 이동하며 마르녹스의 퇴로를 차단하세요				
QUEST_LV_0500_20210813_001127	消滅馬魯若斯的部下們並設置陷阱	마르녹스의 부하들을 처치하고 함정 설치하기				
QUEST_LV_0500_20210813_001128	請消滅跟著瘋狂馬魯若斯的怪物，並設置陷阱阻斷退路	광기의 마르녹스를 따르는 무리를 처치하고 함정을 설치해 퇴로를 차단하세요				
QUEST_LV_0500_20210813_001129	到下個地點繼續封鎖瘋狂馬魯若斯	다음 지점으로 광기의 마르녹스를 계속 몰아넣기				
QUEST_LV_0500_20210813_001130	已在第一個地點設置炸彈，並消滅跟著馬魯若斯的怪物{nl}請往下個地點移動	첫 번째 지점에 폭탄을 설치하고 마르녹스를 따르는 무리를 처치했습니다{nl}다음 지점을 향해 이동하세요				
QUEST_LV_0500_20210813_001131	請對付瘋狂馬魯若斯並設置炸彈	광기의 마르녹스를 상대하고 폭탄을 설치하기				
QUEST_LV_0500_20210813_001132	發現瘋狂馬魯若斯{nl}請擊退瘋狂馬魯若斯並設置炸彈	광기의 마르녹스를 발견했습니다{nl}광기의 마르녹스를 격퇴하고 폭탄을 설치하세요				
QUEST_LV_0500_20210813_001133	往左走阻斷馬魯若斯的退路	좌측으로 마르녹스의 퇴로를 차단하기				
QUEST_LV_0500_20210813_001134	請往左走阻斷馬魯若斯的退路	왼쪽의 길로 이동가며 마르녹스의 퇴로를 차단하세요				
QUEST_LV_0500_20210813_001135	與帕亞烏塔會合	파야우타와 합류하기				
QUEST_LV_0500_20210813_001136	將一邊的退路全部封鎖了{nl}請在會合地點與帕亞烏塔會合	한 쪽 길의 퇴로를 모두 막았습니다{nl}합류 지점에서 파야우타와 합류하세요				
QUEST_LV_0500_20210813_001137	擊退襲擊的怪物們	습격하는 몬스터들 격퇴하기				
QUEST_LV_0500_20210813_001138	瘋狂馬魯若斯被逼向死路後，立即逃往中央監視區域{nl}為了追上瘋狂馬魯若斯與帕亞烏塔，請消滅襲來的怪物。	광기의 마르녹스가 막다른 길에 몰리자 중앙 감시 지역으로 도망쳤습니다{nl}광기의 마르녹스와 파야우타의 뒤를 쫓기 위해 습격해오는 몬스터들을 처치하세요				
QUEST_LV_0500_20210813_001139	與帕亞烏塔對話	파야우타와 이야기하기				
QUEST_LV_0500_20210813_001140	瘋狂馬魯若斯逃往中央監視區域了{nl}最後追擊他之前，請與帕亞烏塔對話	광기의 마르녹스가 중앙 감시 지역으로 도망쳤습니다{nl}마지막으로 그를 쫓기 전에 파야우타와 대화하세요				
QUEST_LV_0500_20210813_001141	消滅襲來的怪物們	습격해오는 몬스터들 처치				
QUEST_LV_0500_20210813_001142	前往中央監視區域	중앙 감시 구역으로 가기				
QUEST_LV_0500_20210813_001143	阻擋了怪物們的襲擊{nl}請往帕亞烏塔與瘋狂馬魯若斯消失的中央監視區域移動	몬스터들의 습격을 막아냈습니다{nl}파야우타와 광기의 마르녹스가 사라진 중앙 감시 구역으로 이동하세요				
QUEST_LV_0500_20210813_001144	消滅帕烏魯斯	파울루스 처치하기				
QUEST_LV_0500_20210813_001145	帕烏魯斯露出本性，襲擊了帕亞烏塔{nl}請阻止支配瘋狂馬魯若斯身體的帕烏魯斯	파울루스가 본색을 드러내고 파야우타를 습격했습니다{nl}광기의 마르녹스의 몸을 지배하고 있는 파울루스를 저지하세요				
QUEST_LV_0500_20210813_001146	確認倒下的帕烏魯斯狀態	쓰러진 파울루스의 상태를 확인하기				
QUEST_LV_0500_20210813_001147	請確認倒下的帕烏魯斯的狀態	쓰러진 파울루스의 상태를 확인하세요				
QUEST_LV_0500_20210813_001148	消滅帕烏魯斯	파울루스 처치				
QUEST_LV_0500_20210813_001149	確認帕亞烏塔的狀態	파야우타의 상태를 확인하기				
QUEST_LV_0500_20210813_001150	請確認帕亞烏塔的狀態	파야우타의 상태를 확인하세요				
QUEST_LV_0500_20210813_001151	追擊注視者之前，請先與帕亞烏塔對話	주시자를 쫓기 전에 파야우타와 이야기하세요				
QUEST_LV_0500_20210813_001152	追擊注視者	주시자를 추적하기				
QUEST_LV_0500_20210813_001153	請追擊注視者	주시자를 추적하세요				
QUEST_LV_0500_20210813_001154	追擊注視者	주시자 추격하기				
QUEST_LV_0500_20210813_001155	請追擊注視者	주시자를 쫓아가세요				
QUEST_LV_0500_20210813_001156	注視者走向某處並對你說話{nl}請突破怪物們的攻擊，追擊注視者	주시자는 어딘가로 향하며 당신에게 이야기하고 있습니다{nl}몬스터들의 공격을 뚫고 주시자를 쫓으세요				
QUEST_LV_0500_20210813_001157	請往注視者消失的方向追擊注視者	주시자가 사라진 방향으로 주시자를 추격하세요				
QUEST_LV_0500_20210813_001158	請消滅怪物，追擊注視者	몬스터를 처치하고 주시자 추격하기				
QUEST_LV_0500_20210813_001159	請阻止怪物們的襲擊，並追擊注視者	몬스터들의 습격을 저지하고 주시자를 추격하세요				
QUEST_LV_0500_20210813_001160	請往注視者消失的方向追上注視者	주시자가 사라진 방향으로 주시자를 쫓아가세요				
QUEST_LV_0500_20210813_001161	請阻止怪物們的襲擊，並追上注視者	몬스터들의 습격을 저지하고 주시자를 쫓으세요				
QUEST_LV_0500_20210813_001162	消滅沒用的鐵甲殘魔	쓸모없는 어보미네이션을 처치하기				
QUEST_LV_0500_20210813_001163	沒用的鐵甲殘魔出現了{nl}請消滅鐵甲殘魔並追擊注視者	쓸모없는 어보미네이션이 나타났습니다{nl}어보미네이션을 처치하고 주시자를 추격하세요				
QUEST_LV_0500_20210813_001164	追擊注視者	주시자 추격				
QUEST_LV_0500_20210813_001165	擋下襲擊	습격을 막아내기				
QUEST_LV_0500_20210813_001166	請消滅襲來的怪物，繼續追擊注視者	습격해오는 몬스터들을 처치하고 주시자를 계속 추격하세요				
QUEST_LV_0500_20210813_001167	破壞克魯比那屏障	크루비나 장벽을 부수기				
QUEST_LV_0500_20210813_001168	請破壞注視者製造的克魯比那屏障，追擊注視者	주시자가 만들어낸 크루비나 장벽을 부수고 주시자를 추격하세요				
QUEST_LV_0500_20210813_001169	%s 破壞	%s 부수기				
QUEST_LV_0500_20210813_001170	消滅所有擋路的敵人	막아서는 적들을 모두 처치하기				
QUEST_LV_0500_20210813_001171	請消滅所有擋路的敵人，以便追擊注視者	주시자를 추격하기 위해 막아서고 있는 적들을 모두 처치하세요				
QUEST_LV_0500_20210813_001172	消滅擋在路上的怪物	길을 막아서고 있는 몬스터 처치				
QUEST_LV_0500_20210813_001173	與注視者戰鬥	주시자와 전투				
QUEST_LV_0500_20210813_001174	注視者和你面對面。{nl}請和和注視者較量一下。	주시자가 당신과 대면합니다{nl}주시자를 상대하세요				
QUEST_LV_0500_20210813_001175	和注視者面對面	주시자와 대면하기				
QUEST_LV_0500_20210813_001176	請和注視者面對面。	주시자와 대면하세요				
QUEST_LV_0500_20210813_001177	與歐勒夏領主對話	오르샤의 영주와 대화하기				
QUEST_LV_0500_20210813_001178	請與歐勒夏的領主對話	오르샤의 영주와 대화하세요				
QUEST_LV_0500_20210813_001179	向隨軍牧師聽取關於聖者的祈禱所的傳聞	채플린 마스터에게서 성자의 기도소에 관한 소문을 듣기				
QUEST_LV_0500_20210813_001180	隨軍牧師說，歐勒夏遭受魔族侵襲之時，有事情想特別拜託你。{nl}請去找隨軍牧師，聽取關於聖者的祈禱所的傳聞	채플린 마스터는 오르샤가 마족에게 침공당한 시점에서 계시자에게 특별히 부탁하고 싶은 일이 있다고 합니다{nl}채플린 마스터를 찾아가 성자의 기도소에 관한 소문을 들으세요				
QUEST_LV_0500_20210813_001181	去找加橋森林的鋼弩手大師	덧댄다리 숲의 아발리스터 마스터를 찾아가기				
QUEST_LV_0500_20210813_001182	隨軍牧師說鋼弩手大師所說的地方有很大機率是聖者的祈禱所。{nl請去找前往歐勒夏支援的鋼弩手大師。	채플린 마스터는 아발리스터 마스터가 말했던 장소가 성자의 기도소일 확률이 크다고합니다.{nl}오르샤에 지원 간 아발리스터 마스터를 찾아가세요.				
QUEST_LV_0500_20210813_001183	請在兩條路裡選擇其一包圍瘋狂馬魯若斯	양쪽의 길 중 한 방향을 선택해 광기의 마르녹스 포위하기				
QUEST_LV_0500_20210813_001184	請在左右兩條路中選擇其一包圍瘋狂馬魯若斯	오른쪽 길과 왼쪽 길 중 한 곳을 선택해 광기의 마르녹스를 포위해야 하세요				
QUEST_LV_0500_20210813_001185	在Episode13-1地區中消滅變異形怪物2000隻	Episode13-1 지역에서 변이형 몬스터 2000마리 처치				
QUEST_LV_0500_20210813_001186	消滅Episode13-1地區的變異形怪物	Episode13-1 지역의 변이형 몬스터 처치	QUEST_LV_0500_20210119_000742	殲滅Episdoe13地區的變異型怪物	Episdoe13 지역의 변이형 몬스터 처치	
QUEST_LV_0500_20210813_001187	在Episode13-1地區中消滅昆蟲、惡魔、植物型怪物 2000隻	Episode13-1 지역에서 곤충, 악마, 식물형 몬스터 2000마리 처치				
QUEST_LV_0500_20210813_001188	消滅Episode13-1地區的昆蟲、惡魔、植物型怪物 	Episode13-1 지역의 곤충, 악마, 식물형 몬스터 처치	QUEST_LV_0500_20210119_000744	殲滅Episode13地區的昆蟲、惡魔、植物型怪物	Episode13 지역의 곤충, 악마, 식물형 몬스터 처치	
QUEST_LV_0500_20210813_001189	在Episode13-1地區中消滅野獸型怪物2000隻	Episode13-1 지역에서 야수형 몬스터 2000마리 처치				
QUEST_LV_0500_20210813_001190	消滅Episode13-1地區的野獸型怪物	Episode13-1 지역의 야수형 몬스터 처치	QUEST_LV_0500_20210119_000746	殲滅Episode13地區的野獸型怪物	Episode13 지역의 야수형 몬스터 처치	
QUEST_LV_0500_20210813_001191	在Episode13-1地區中消滅大型怪物3000隻	Episode13-1 지역에서 대형 몬스터 3000마리 처치				
QUEST_LV_0500_20210813_001192	消滅Episode13-1地區的大型怪物	Episode13-1 지역의 대형 몬스터 처치	QUEST_LV_0500_20210119_000748	殲滅Episode13地區的大型怪物	Episode13 지역의 대형 몬스터 처치	
QUEST_LV_0500_20210813_001193	在Episode13-1中消滅中型怪物3000隻	Episode13-1 지역에서 중형 몬스터 3000마리 처치				
QUEST_LV_0500_20210813_001194	消滅Episode13-1地區的中型怪物	Episode13-1 지역의 중형 몬스터 처치	QUEST_LV_0500_20210119_000750	殲滅Episode13地區的中型怪物	Episode13 지역의 중형 몬스터 처치	
QUEST_LV_0500_20210813_001195	在Episode13-1地區中消滅小型怪物3000隻	Episode13-1 지역에서 소형 몬스터 3000마리 처치				
QUEST_LV_0500_20210813_001196	消滅Episode13-1地區的小型怪物	Episode13-1 지역의 소형 몬스터 처치	QUEST_LV_0500_20210119_000752	殲滅Episode13地區的小型怪物	Episode13 지역의 소형 몬스터 처치	
QUEST_LV_0500_20210813_001197	在Episode13-1地區中消滅怪物8000隻	Episode13-1 지역에서 몬스터 8000마리 처치				
QUEST_LV_0500_20210813_001198	消滅Episode13-1地區的怪物	Episode13-1 지역의 몬스터 처치	QUEST_LV_0500_20210119_000754	殲滅Episode13地區的怪物 	Episode13 지역의 몬스터 처치	
QUEST_LV_0500_20210813_001199	通關貝勒尼凱碎片地下城20關卡以上	베르니케 파편 던전 20 스테이지 이상 클리어				
QUEST_LV_0500_20210813_001200	通關挑戰模式10次{nl}3階以上可進行野外挑戰(1人)。	챌린지 모드 10회 클리어{nl}필드 챌린지(1인)는 3단 이상에서 진행할 수 있습니다.				
QUEST_LV_0500_20210813_001201	在Episode13-1地區中消滅怪物60000隻	Episode13-1 지역에서 몬스터 60000마리 처치				
QUEST_LV_0500_20210813_001202	通關挑戰模式80次{nl}3階以上可進行野外挑戰(1人)。	챌린지 모드 80회 클리어{nl}필드 챌린지(1인)는 3단 이상에서 진행할 수 있습니다.				
QUEST_LV_0500_20210813_001203	與歐勒夏災後重建班團員對話	오르샤 피해복구반 단원과 대화				
QUEST_LV_0500_20210813_001204	歐勒夏災後重建班團員正在蓮帕拉沙池塘等你	렘파라사 연못에서 오르샤 피해복구반 단원이 당신을 기다리고 있습니다				
QUEST_LV_0500_20210813_001205	消滅移居民暫時營地的魔族	임시 이주민 캠프의 마족 처치				
QUEST_LV_0500_20210813_001206	消滅蓮帕拉沙池塘裡移居民暫時營地的魔族	렘파라사 연못에 위치한 임시 이주민 캠프의 마족 처치				
QUEST_LV_0500_20210813_001207	魔族的突襲	마족의 급습				
QUEST_LV_0500_20210813_001208	請擊退魔族的突襲	마족의 급습을 물리치세요				
QUEST_LV_0500_20210813_001209	帕亞烏塔正在蓮帕拉沙池塘等你	렘파라사 연못에서 파야우타가 당신을 기다리고 있습니다				
QUEST_LV_0500_20210813_001210	消滅安奇那岔路的魔族	암지나 갈림길의 마족 처치				
QUEST_LV_0500_20210813_001211	前往蓮帕拉沙池塘後，請消滅安奇那岔路的魔族	렘파라사 연못으로 이동 후 암지나 갈림길의 마족을 처치 하세요				
QUEST_LV_0500_20210813_001212	消滅馬爾柯斯伐木場的魔族	말코스 벌목지의 마족 처치				
QUEST_LV_0500_20210813_001213	前往蓮帕拉沙池塘後，請消滅馬爾柯斯伐木場的魔族	렘파라사 연못으로 이동 후 말코스 벌목지의 마족을 처치하세요				
QUEST_LV_0500_20210813_001214	歐勒夏災後重建班團員正在加橋森林等你	덧댄다리 숲에서 오르샤 피해복구반 단원이 당신을 기다리고 있습니다				
QUEST_LV_0500_20210813_001215	帕亞烏塔正在加橋森林等你	덧댄다리 숲에서 파야우타가 당신을 기다리고 있습니다				
QUEST_LV_0500_20210813_001216	從達勒巴斯鏟土工手上奪走鏟子	다르바스 캐리어에게 삽 빼앗기				
QUEST_LV_0500_20210813_001217	請在加橋森林中消滅達勒巴斯鏟土工，奪下鏟子後交給帕亞烏塔	덧댄다리 숲에서 다르바스 캐리어를 처치하고 삽을 빼앗아 파야우타에게 건네주세요				
QUEST_LV_0500_20210813_001218	從達勒巴斯鏟土工手上奪走鎬頭	다르바스 캐리어에게 곡괭이 빼앗기				
QUEST_LV_0500_20210813_001219	請在加橋森林中消滅達勒巴斯鏟土工，奪下鎬頭後交給帕亞烏塔	덧댄다리 숲에서 다르바스 캐리어를 처치하고 곡괭이를 빼앗아 파야우타에게 건네주세요				
QUEST_LV_0500_20210813_001220	從達勒巴斯礦工手上奪走鎬頭	다르바스 마이너에게 곡괭이 빼앗기				
QUEST_LV_0500_20210813_001221	從達勒巴斯搬運工手上奪走石材	다르바스 로더에게 석재 빼앗기				
QUEST_LV_0500_20210813_001222	請在加橋森林中消滅達勒巴斯搬運工，奪下石材後交給帕亞烏塔	덧댄다리 숲에서 다르바스 로더를 처치하고 석재를 빼앗아 파야우타에게 건네주세요				
QUEST_LV_0500_20210813_001223	歐勒夏災後重建班團員正在帕歐皮斯渡口等你	파우피스 나루에서 오르샤 피해복구반 단원이 당신을 기다리고 있습니다				
QUEST_LV_0500_20210813_001224	帕亞烏塔正在帕歐皮斯渡口等你	파우피스 나루에서 파야우타가 당신을 기다리고 있습니다				
QUEST_LV_0500_20210813_001225	搜查帕歐皮斯渡口中被孤立的居民	파우피스 나루의 고립된 주민 수색				
QUEST_LV_0500_20210813_001226	請在帕歐皮斯渡口地區的民居中搜索是否有被孤立的居民	파우피스 나루 지역에 위치한 민가에서 고립된 주민이 있는지 수색하세요				
QUEST_LV_0500_20210813_001227	搜查亞夏克地牢方向	아샤크 지하 감옥 방향 수색				
QUEST_LV_0500_20210813_001228	帕亞烏塔說需要再確認一下帕歐皮斯渡口，請與帕亞烏塔一起搜查帕歐皮斯渡口。	파야우타는 파우피스 나루를 좀 더 확인해보겠다고 합니다. 파야우타와 함께 파우피스 나루를 수색하세요.				
QUEST_LV_0500_20220302_001229	請注意不要被捲入分裂特別傳點中而失去寶貴的生命。{nl}分裂特別傳點是非常危險的地方，請小心行動。	분열 특이점에 휘말려 아까운 목숨을 잃지 않도록 주의하세요.{nl}분열 특이점에서는 행동을 주의하세요. 무척 위험한 장소입니다.	QUEST_LV_0500_20200902_000244	請勿被捲進次元崩壞和分裂特別傳點裡而喪失性命。{nl}尤其是在分裂特別傳點中要小心地行動，這是一個非常危險的地方。	차원 붕괴와 분열 특이점에 휘말려 아까운 목숨을 잃지 않도록 주의하세요.{nl}특히 분열 특이점에서는 행동을 주의하세요. 무척 위험한 장소입니다.	세이지 파견원
QUEST_LV_0500_20220302_001230	官邸警備兵	공관 경비병				
QUEST_LV_0500_20220302_001231	請留步！{nl}訪客都要調查身分與來意。{nl}輪到你之前請耐心等候。	멈추십시오!{nl}방문객들은 모두 신분과 방문 사유를 검사하고 있습니다.{nl}그러니 당신도 차례가 올 때까지 기다리셔야 합니다.				공관 경비병
QUEST_LV_0500_20220302_001232	少女的幻影	소녀의 환영				
QUEST_LV_0500_20220302_001233	隨著我的引導來到這裡了阿。{nl}在充滿不安的人群當中，我也可以確切地感受你的存在。	내 인도를 따라 여기까지 왔구나.{nl}불안한 인간들 사이에서도 네 존재가 확실히 느껴져.				소녀의 환영
QUEST_LV_0500_20220302_001234	你和我的宿命是綁在一起的。{nl}我希望你能接受我的引導並照著去做。	너는 내 숙명에 묶여 있어.{nl}그러니 내 인도를 받아들이고 따라줬으면 해.				소녀의 환영
QUEST_LV_0500_20220302_001235	我會讓你在規定的時間到達歐勒夏。{nl}所以不能在這裡浪費時間。	난 너를 정해진 시간에 오르샤에 도착할 수 있게 할 거야.{nl}그러니 여기서 이렇게 시간을 낭비하고 있을 수 없다.				소녀의 환영
QUEST_LV_0500_20220302_001236	戰鬥馬上就要開始了。{nl}是你完全可以對付的對手，準備好就告訴我吧。	곧 전투가 시작될 거야.{nl}네가 충분히 상대할 수 있는 상대이니 준비되면 말해줘.				소녀의 환영
QUEST_LV_0500_20220302_001237	大將軍拉明	대장군 라민				
QUEST_LV_0500_20220302_001238	是你消滅入口的魔族嗎？{nl}看來你不是單純的難民。{nl}你是誰？	입구의 마족들을 처치한 게 자네인가?{nl}단순한 피난민은 아닌 것 같군.{nl}자넨 누구지?				대장군 라민
QUEST_LV_0500_20220302_001239	原來你是做了啟示之夢之後來的阿。	계시의 꿈을 꾸고 왔단 말이군.				대장군 라민
QUEST_LV_0500_20220302_001240	聽說王國裡也有這樣的人。{nl}而且數量非常的多。	왕국에도 그런 자들이 있다는 소식을 들었지.{nl}그것도 아주 많이.				대장군 라민
QUEST_LV_0500_20220302_001241	你想想看，女神在某一天晚上出現在你這樣的人的夢裡，說要前往某個地方。{nl}然後有數十數百名的人蜂擁過來。{nl}如果你是指揮官，能相信那些人嗎？	여신이 어느 날 밤 자네 같은 사람들의 꿈에 나타나 어딘가로 향한다는 이야기를 했고.{nl}그래서 수십 수 백명이 몰려든다고 생각해보게.{nl}자네가 지휘관이라면 그런 사람들을 믿을 수 있겠나?				대장군 라민
QUEST_LV_0500_20220302_001242	{nl}再加上不是在王國本土，而是在莫洛斯島主張自己是啟示者。{nl}實在是讓人很難相信。	{nl}게다가 왕국 본토도 아닌, 모로스 섬에서 계시자라 주장하다니.{nl}신뢰하기 힘들어.				대장군 라민
QUEST_LV_0500_20220302_001243	{nl}但卡歐尼拉公主有吩咐過，如果有人主張自己是啟示者的話，會先見面看看...{nl}你去找公主吧。{nl}	{nl}하지만 카오닐라 공주님께서 계시자라 주장하는 사람이 오면 일단 만나보겠다고 하셨으니..{nl}공주님을 찾아가 보게.{nl}				대장군 라민
QUEST_LV_0500_20220302_001244	主張自己是啟示者的人開始聚集到王國的柯拉佩達。{nl}雖然是很久以前的事情，但為了不讓吉特涅找到。{nl}拉伊瑪在他們之間隱藏了一名真正的啟示者。	계시자라 주장하는 자들이 왕국의 클라페다로 모여들기 시작했어.{nl}오래된 이야기지만 라이마는 그들 사이에 진실된 계시자 한 명을 숨겼지.{nl}길티네가 찾을 수 없도록 말이야.				소녀의 환영
QUEST_LV_0500_20220302_001245	但是我給你看的夢並不是拉伊瑪展現出來的。{nl}你是為了我而來的，拉伊瑪的啟示和你沒有關係。{nl}然而如果想要得到王國人類們的信任，沒有比啟示者這個還要更好的身份了。{nl}請你暫時以啟示者的身份生活吧。	하지만 내가 네게 보여준 꿈은 라이마가 보여준 게 아니야.{nl}넌 나를 위해 여기 온 것이고 라이마의 계시는 너와 상관없어.{nl}하지만 왕국의 인간들에게 신뢰를 얻으려면 계시자만큼 훌륭한 신분도 없으니까.{nl}당분간 계시자로 살아가 줘.				소녀의 환영
QUEST_LV_0500_20220302_001246	在見公主之前，有必要展示一下你是擁有實力的人。{nl}雖然從你消滅了官邸出現的魔族這點就看得出來，而且那是啟示之夢中的啟示的話，也會有說服力。	공주를 만나기 전에 네가 실력자라는 사실을 보여줄 필요가 있어.{nl}물론 공관에 나타난 마족들을 처치한 것만으로도 충분하고 그게 계시의 꿈을 꾼 계시라면 설득력이 있겠지.				소녀의 환영
QUEST_LV_0500_20220302_001247	{nl}但僅憑這些很難保證你的實力和身分。{nl}我把	{nl}하지만 그것만으로는 실력과 신분을 보장받기 힘들 거야.{nl}내가 				소녀의 환영
QUEST_LV_0500_20220302_001248	給你。	를 줄 테니.				소녀의 환영
QUEST_LV_0500_20220302_001249	{nl}使用背包(F2)的 	{nl}인벤토리(F2)의 				소녀의 환영
QUEST_LV_0500_20220302_001250	來追加職業看看。{nl}	를 사용해서 직업을 추가해봐.{nl}				소녀의 환영
QUEST_LV_0500_20220302_001251	聽王國的大師們說。{nl}你們啟示者好像可以改變所學的職業和重置已習得的技能。{nl}到達歐勒夏後，身為啟示者的你會得到很多支援的。	왕국의 마스터들이 말하길.{nl}너희 계시자들은 배운 직업을 변경하거나 학습한 스킬을 초기화할 수 있는 것 같아.{nl}오르샤에 도착하면 계시자인 너에게 많은 지원이 있을 거야.				소녀의 환영
QUEST_LV_0500_20220302_001252	現在請不要猶豫選擇職業吧。	지금은 망설이지 말고 직업을 선택해줘.				소녀의 환영
QUEST_LV_0500_20220302_001253	真是果斷的決定。{nl}背包(F2)內有轉職職業的套裝，如果想突顯身分的話就穿看看吧。	과감한 결정이구나.{nl}인벤토리(F2)에 전직한 직업의 코스튬도 있으니 신분을 돋보이고 싶다면 입어보도록 해.				소녀의 환영
QUEST_LV_0500_20220302_001254	現在去見見這裡的負責人吧。{nl}她是為了躲避觀看者而從王國逃跑的王族之一。{nl}與其他王族相比，和莫洛斯群島保持著良好的關係，所以才得以在這裡定居。	이제 이곳의 책임자를 만나러 가봐.{nl}그녀는 주시자를 피해 왕국에서 도망친 왕족 중 한 명이야.{nl}비교적 왕족 중에선 모로스 군도와 좋은 관계를 유지하고 있어서 이곳에 정착할 수 있었지.				소녀의 환영
QUEST_LV_0500_20220302_001255	你現在該做的事情就是得到她的信任。{nl}等到她完全可以信任你的時候，我會再來找你的。	그녀에게 신뢰를 얻는 게 지금 네가 해야 할 일이야.{nl}그녀가 충분히 널 신뢰할 수 있게 되면 다시 널 찾아올게.				소녀의 환영
QUEST_LV_0500_20220302_001256	王族們為了躲避觀看者而消失後，國民們一直生活在恐懼和不安當中。{nl}國王和其後代下落不明的現在，卡歐尼拉公主才是國民們唯一的希望。	왕족들이 주시자를 피해 사라진 후 왕국민들은 공포와 불안 속에 살아왔지.{nl}국왕과 그 후손들의 행방이 묘연해진 지금, 카오닐라 공주만이 왕국민들의 유일한 희망이야.				소녀의 환영
QUEST_LV_0500_20220302_001257	卡歐尼拉·亨留西	카오닐라 헨류시				
QUEST_LV_0500_20220302_001258	聽說你消滅了入侵官邸的魔族。{nl}我代表王國向你表達感謝。	공관에 마족이 침입했고 그걸 당신이 처리했다고 들었습니다.{nl}왕국을 대표하여 감사를 표합니다.				카오닐라 헨류시
QUEST_LV_0500_20220302_001259	{nl}而且還說你做了啟示之夢。{nl}我有從歐勒夏和柯拉佩達那裡聽說關於你這樣的啟示者的事情。{nl}魔神吉特涅和牠的魔族手下們正在踐踏王國。{nl}看來魔族吉特涅是想要把王國給毀滅掉。	{nl}그리고 계시의 꿈을 꾸셨다고 하시더군요.{nl}오르샤와 클라페다로부터 당신 같은 계시자의 이야기를 전해 들었습니다.{nl}왕국은 지금 마신 길티네와 그분의 마족들에게 유린당하고 있습니다.{nl}아무래도 마신 길티네는 왕국을 멸망시키려고 하시는 것 같더군요.				카오닐라 헨류시
QUEST_LV_0500_20220302_001260	你在夢中應該也看到了，如果拉伊瑪女神的預知沒有錯的話，現在…	당신도 꿈에서 보았겠지만 라이마 여신의 예지가 틀리지 않았다면 지금쯤이면..				카오닐라 헨류시
QUEST_LV_0500_20220302_001261	{nl}應該不是你，而是其他啟示者為了阻止牠而正在奮鬥。	{nl}당신이 아닌 다른 계시자가 그분을 막아서기 위해 분투 중일 것입니다.				카오닐라 헨류시
QUEST_LV_0500_20220302_001262	{nl}當然我不是說你是假的啟示者。{nl}聽說那些主張自己是啟示者的人們，正以高超的實力從魔族的戰鬥中取得了成果。{nl}你應該也有相應的實力吧。	{nl}물론 당신이 가짜 계시자라는 의미는 아닙니다.{nl}계시자라 주장하는 자들은 뛰어난 실력으로 마족들과의 전투에서 성과를 보이고 있다고 합니다.{nl}당신도 그에 걸맞은 실력이 있겠죠.				카오닐라 헨류시
QUEST_LV_0500_20220302_001263	這裡是莫洛斯群島上為數不多國民們可以安全居住的地方之一。{nl}但最近魔族們開始頻繁入侵了。{nl}如果只是偵查隊的話還沒關係，但有可能是出於某種目的而接近的。	이곳은 모로스 군도에서 왕국민들이 비교적 안전하게 지낼 수 있는 몇 안 되는 곳 중 하나입니다.{nl}하지만 최근 마족들이 빈번하게 침입하고 있습니다.{nl}그저 정찰대라면 다행이겠지만, 뭔가 목적을 갖고 접근하는 것일 수도 있습니다.				카오닐라 헨류시
QUEST_LV_0500_20220302_001264	雖然我有猜測一些事情...{nl}但現在已經交給了奧維尼亞狄爾班，只能相信並等待她解決事情回來了。	짐작가는 게 있지만..{nl}지금은 오위니아 딜벤에게 맡겨두었으니 그녀가 해결할 때까지 믿고 기다리는 수밖에 없습니다.				카오닐라 헨류시
QUEST_LV_0500_20220302_001265	如果你打算留在官邸中幫助我們的話，這封信給你，請去尋找她。{nl}充滿智慧的她會安排適合的工作給你的。	당신이 이 공관에 머물며 우릴 도와줄 계획이라면 이 편지를 드릴 테니 그녀를 찾아가 보십시오.{nl}지혜로운 그녀라면 당신에게 적절한 일을 배정해 줄 것입니다.				카오닐라 헨류시
QUEST_LV_0500_20220302_001266	剛剛解決騷動的原來是你阿。{nl}事情鬧大的話通常會找我，但卻沒有任何的通知，我正好奇是誰呢。	방금 전 소란을 해결한 게 당신이군요.{nl}일이 커지면 저를 부를 텐데 아무런 연락도 없어서 누군지 궁금해하던 참이에요.				오위니아 딜벤
QUEST_LV_0500_20220302_001267	從柯拉佩達那裡聽到了魔族會變身成人類後綁架國民的事情。{nl}我們應該也要做一些準備。	클라페다로부터 마족들이 인간으로 변해 왕국민들을 납치한다는 이야기를 들었습니다.{nl}우리도 뭔가 대비를 해야 합니다.				카오닐라 헨류시
QUEST_LV_0500_20220302_001268	嗯…{nl}公主的疑心病真的很重啊。{nl}變身成人類的魔族…{nl}那是小孩子在胡鬧的時候才會說的話。	음..{nl}공주님은 정말 의심이 많군요.{nl}인간으로 변하는 마족이라니..{nl}그런건 어린 아이들이 말썽부릴 때나 써먹는 건데.				오위니아 딜벤
QUEST_LV_0500_20220302_001269	但因為是公主的命令，也沒辦法了。{nl}應該也要給你一些工作吧？	그래도 공주님의 명령이니 어쩔 수 없네요.{nl}당신에게도 뭔가 일거리를 줘야겠죠?				오위니아 딜벤
QUEST_LV_0500_20220302_001270	在我製作合適的工具時，你先在官邸到處晃晃。{nl}做完之後我會叫你的。	제가 적절한 도구를 만드는 동안 잠시 공관을 돌아보고 계세요.{nl}다 만들면 당신을 부를게요.				오위니아 딜벤
QUEST_LV_0500_20220302_001271	卡歐尼拉公主的疑心病重也是沒辦法的。{nl}因為很多人都死在觀看者辦的狩獵王族當中。	카오닐라 공주가 의심이 많은 건 어쩔 수 없어.{nl}주시자가 벌이는 왕족 사냥에 여러 인간이 당했으니까.				소녀의 환영
QUEST_LV_0500_20220302_001272	奧維尼亞狄爾班是一個比你想像還要受人敬仰的人物。{nl}卡歐尼拉公主在這裡能夠擁有摄政權，也都是因為她的關係。	오위니아 딜벤은 네가 생각하는 것보다 인간들 사이에선 추앙받는 인물이야.{nl}카오닐라 공주가 이곳에서 섭정 노릇을 영유할 수 있는 것도 다 그녀 덕이지.				소녀의 환영
QUEST_LV_0500_20220302_001273	不過，你是不是每次都親自進行遠距離的移動，看來我還有很多事情要告訴你啊…	그런데 너는 매번 먼 거리를 직접 이동하는 것 같은데, 내가 알려줄 게 아직 많이 남은 것 같구나..				소녀의 환영
QUEST_LV_0500_20220302_001274	做完之後我會叫你的。{nl}在這期間，你先在這周圍到處晃晃吧。	다 만들면 부를게요.{nl}그 동안 주변을 둘러보세요.				오위니아 딜벤
QUEST_LV_0500_20220302_001275	每次都要親自進行遠距離的移動，給你的旅程時間並不是很多。{nl}王國比你想像中還要廣大，以後還會有更多人需要你。{nl}雖然使用瓦卡麗涅女神像也是一種方法，但使用	매번 먼 거리를 직접 걸어 다닐 만큼, 네 여정은 여유롭지 않아.{nl}왕국은 네가 생각하는 것보다 훨씬 넓고 앞으로 널 필요로하는 사람들 더 많아질 거야.{nl}바카리네 여신상을 사용하는 것도 하나의 방법이지만 				소녀의 환영
QUEST_LV_0500_20220302_001276	功能的話會更方便。	 기능을 이용하면 훨씬 편할 거야.				소녀의 환영
QUEST_LV_0500_20220302_001277	完成了誰的委託或任務之後，可以直接移動到委託人的身邊。{nl}估計現在奧維尼亞狄爾班正在找你了。{nl}使用	누군가의 의뢰나 퀘스트를 완료했다면 의뢰인에게 바로 이동할 수 있어.{nl}아마 지금쯤 오위니아 딜벤이 널 찾을 거야.{nl}				소녀의 환영
QUEST_LV_0500_20220302_001278	功能，快速移動到她身邊看看。	 기능을 써서 그녀에게 빠르게 이동해봐.				소녀의 환영
QUEST_LV_0500_20220302_001279	嗯？我剛好要準備叫你，你怎麼剛好就來了？{nl}聽說啟示者們都有一個神奇的能力，是這樣嗎？	어? 마침 부르려고 했는데 어떻게 알고 딱 맞춰 온 거죠?{nl}계시자들은 다들 신기한 능력이 하나씩 있다고 하던데, 그런 건가요?				오위니아 딜벤
QUEST_LV_0500_20220302_001280	總之，我製作了不辜負公主期待的傑作，希望你能試驗一下。	아무튼 공주님의 기대에 부응할만한 역작을 만들었으니 이걸 당신이 시험해봤으면 해요.				오위니아 딜벤
QUEST_LV_0500_20220302_001281	快去找奧維尼亞狄爾班看看。{nl}	어서 오위니아 딜벤에게 가봐.{nl}				소녀의 환영
QUEST_LV_0500_20220302_001282	功能對你之後也很有用，一定要好好熟練。	 기능은 앞으로도 유용하게 쓰일 테니 꼭 익혀둬.				소녀의 환영
QUEST_LV_0500_20220302_001283	介紹一下這個道具…	이 도구를 소개하자면..				오위니아 딜벤
QUEST_LV_0500_20220302_001284	黃玉和各種魔石混合之後，透過光的照射可以從水晶中看出對方靈魂的顏色。{nl}投影的對象如果不是聖者時，通常會看起來像白色。{nl}因為聖者通常會看起來像藍色。	토파즈와 여러 마석을 섞고 살짝 빛을 비추는 것만으로 수정 너머로 상대방의 영혼의 색을 볼 수 있죠.{nl}투영하는 대상이 사두가 아니라면 보통 흰색으로 보일 거에요.{nl}사두는 보통 파란색으로 보이거든요.				오위니아 딜벤
QUEST_LV_0500_20220302_001285	那麼你可以用這個來投影我的靈魂看一下嗎？{nl}如果我是魔族的話，看起來會是紅色或紫色。	그래서 이걸로 한 번 제 영혼을 투영해서 봐주시겠어요?{nl}제가 마족이라면 붉은색이나 보라색으로 보이겠죠.				오위니아 딜벤
QUEST_LV_0500_20220302_001286	怎麼樣？我的靈魂是什麼顏色？	어때요? 제 영혼의 색깔이 어떤 색이었나요?				오위니아 딜벤
QUEST_LV_0500_20220302_001287	{nl}那麼你拿好這個，接下來我有事情要交給你去做。	{nl}자, 그럼 이걸 가지고 다음에 당신이 해줘야할 일이 있어요.				오위니아 딜벤
QUEST_LV_0500_20220302_001288	我剛剛有稍微觀察你一下。{nl}原來你不是魔族啊。	당신은 방금 잠시 들여다보았는데.{nl}마족은 아니더군요.				오위니아 딜벤
QUEST_LV_0500_20220302_001289	使用靈魂投射器確認一下與你一起進入官邸的難民們。{nl}如果確認沒有魔族的話，卡歐尼拉公主也不會感受到不安了。{nl}請一定要用雙眼確認過之後再說。{nl}因為卡歐尼拉公主非常討厭說謊的人。	이 영혼 투사기를 써서 당신과 함께 공관에 들어온 피난민들을 확인해주세요.{nl}이렇게 해서 마족이 없다는 걸 알게 되면 카오닐라 공주님도 불안해하지 않겠죠.{nl}꼭 두 눈으로 확인하고 말해주세요.{nl}카오닐라 공주님은 거짓말 하는 사람을 정말 싫어하니까요.				오위니아 딜벤
QUEST_LV_0500_20220302_001290	如果不是我製作的道具壞掉的話，那麼情況真的很嚴重。{nl}在難民之中竟然藏有魔族。{nl}現在該怎麼辦？	제가 만든 도구가 고장 난 게 아니라면 정말 심각한 상황이네요.{nl}피난민들 사이에 마족들이 숨어있다니.{nl}이제 어쩌면 좋죠?				오위니아 딜벤
QUEST_LV_0500_20220302_001291	進展順利嗎？{nl}應該不會有事吧…？	잘 되고 있나요?{nl}별일 없는 거겠죠...?				오위니아 딜벤
QUEST_LV_0500_20220302_001292	你先回宿舍休息吧。{nl}我先跟卡歐尼拉公主討論一下你發現的魔族。	당신은 일단 숙소로 돌아가 쉬고 계세요.{nl}저는 카오닐라 공주님과 당신이 발견한 마족에 대해 논의해봐야겠어요.				오위니아 딜벤
QUEST_LV_0500_20220302_001293	多虧了你的活躍，我才能發現這些魔族是按照觀看者的命令而侵入了官邸。{nl}雖然不知道目的是什麼，但從還沒有露出本性來看…	당신이 활약해주신 덕에 이 마족들이 주시자의 명령으로 이곳 공관에 침입했다는 걸 알아냈어요.{nl}목적이 무엇인지 모르겠지만 아직까지 본색을 드러내지 않는 거로 봐서는..				오위니아 딜벤
QUEST_LV_0500_20220302_001294	應該有我們不知道的目的存在。	우리가 모르는 목적이 있는 것 같아요.				오위니아 딜벤
QUEST_LV_0500_20220302_001295	連敵人的目的都不知道，我們不能就這樣浪費時間。{nl}看來只能去尋找統帥這群傢伙的魔族進行審問了。{nl}請前往禮拜堂。	적의 목적도 모른 채 이렇게 시간을 보낼 순 없습니다.{nl}이 녀석들의 통솔자로 보이는 마족을 찾아 심문해 보는 수밖에 없겠어요.{nl}예배당으로 가주세요.				오위니아 딜벤
QUEST_LV_0500_20220302_001296	{nl}這次一定要弄清楚牠們到底在計劃什麼事情。	{nl}무슨짓을 꾸미는지 이번에는 꼭 알아내야겠어요.				오위니아 딜벤
QUEST_LV_0500_20220302_001297	卡歐尼拉公主的計劃該不會被發現了吧…	카오닐라 공주님의 계획이 들킨 건 아니겠지..				오위니아 딜벤
QUEST_LV_0500_20220302_001298	你說是因為那些冉達的關係嗎？{nl}為什麼？	그 랑다들 때문이라고요?{nl}어째서?				오위니아 딜벤
QUEST_LV_0500_20220302_001299	看來她們對我們有什麼隱瞞。{nl}必須要趕快告訴公主。{nl}那些冉達們馬上就要離開了！	그녀들이 우리게 뭔가 숨기는 게 있는 모양이군요.{nl}어서 공주님께 알려야해요.{nl}곧 그 랑다들이 떠날거라고요!				오위니아 딜벤
QUEST_LV_0500_20220302_001300	快去公主那裡！{nl}然後跟公主說要先把那些冉達留住！	공주님께 가세요!{nl}그리고 일단 랑다들을 붙잡아 두어야한다고 말해주세요!				오위니아 딜벤
QUEST_LV_0500_20220302_001301	人類無法掌握的悠遠又高貴的力量。	인간이 손에 넣을 수 없는 아득하고 고귀한 힘.				소녀의 환영
QUEST_LV_0500_20220302_001302	後來消失的女神與魔神的力量，總有一天也會回來的。	이윽고 사라질 여신과 마신의 힘들도 언젠가는 되돌아 오게 돼.				소녀의 환영
QUEST_LV_0500_20220302_001303	很氣憤吧。{nl}但那也是沒辦法的。{nl}因為那是你們人類所扮演的角色。	분하겠지.{nl}그래도 어쩔 수 없어.{nl}그게 너희 인간의 역할이니까.				소녀의 환영
QUEST_LV_0500_20220302_001304	快一點！	어서 빨리요!				오위니아 딜벤
QUEST_LV_0500_20220302_001305	你們不能阻擋冉達們。{nl}因為她們現在必須前往無法返回的神之搖籃。	너희는 랑다들을 막아선 안 돼.{nl}그녀들은 이제 돌아올 수 없는 신의 요람으로 향해야만 하니까.				소녀의 환영
QUEST_LV_0500_20220302_001306	所以現在就按照我所希望的，把你看到的東西深深地埋在心中，回到奧維尼亞狄爾班的身邊吧。{nl}你就說什麼都沒有看到就可以了。	그러니 이제 내 바람대로 네가 본 것을 네 마음속 깊이 묻고 오위니아 딜벤에게 돌아가.{nl}아무것도 보지 못했다고 말하렴.				소녀의 환영
QUEST_LV_0500_20220302_001307	跑掉了？{nl}卡歐尼拉公主沒事嗎？	놓쳤다니요?{nl}카오닐라 공주님은 무사하신 건가요?				오위니아 딜벤
QUEST_LV_0500_20220302_001308	這個官邸到底發生了什麼事？	이 공관에 무슨 일이 벌어지고 있는 거죠?				오위니아 딜벤
QUEST_LV_0500_20220302_001309	人類不能窺視神的內心。{nl}只能聽從祂們的旨意。	인간이 신들의 마음을 들여다볼 순 없어.{nl}오직 그들 뜻만을 따르렴.				소녀의 환영
QUEST_LV_0500_20220302_001310	不能這樣什麼都沒有弄清楚後送走她們！{nl}我會沿著這條路去追她們，你去告訴公主。	이렇게 아무것도 알아내지 못하고 그녀들을 보낼 수 없어요!{nl}저는 이 길로 그녀들을 쫓아갈 테니 공주님께 전해주세요.				오위니아 딜벤
QUEST_LV_0500_20220302_001311	原來是你啊。{nl}什麼事情讓你這樣匆忙的過來？	당신이군요.{nl}무슨 일로 이렇게 급히 찾아오신 겁니까?				카오닐라 헨류시
QUEST_LV_0500_20220302_001312	奧維尼亞去追冉達們了嗎？	오위니아가 랑다들을 쫓아갔단 말입니까?				카오닐라 헨류시
QUEST_LV_0500_20220302_001313	我馬上就會離開，你先去公主那裡。	저는 곧 떠날 테니 당신은 공주님께 가주세요.				오위니아 딜벤
QUEST_LV_0500_20220302_001314	原來如此。{nl}我知道奧維尼亞會做出那樣的行動。{nl}應該追著冉達們去歐勒夏了吧。	그렇군요.{nl}오위니아가 그런 행동을 할 거란 건 알고 있었습니다.{nl}랑다들을 따라 오르샤로 향하겠지요.				카오닐라 헨류시
QUEST_LV_0500_20220302_001315	但是那些冉達們並沒有去歐勒夏，而是去了王國的首都。	하지만 그 랑다들은 오르샤가 아닌 왕국의 수도로 향했습니다.				카오닐라 헨류시
QUEST_LV_0500_20220302_001316	侵入官邸的魔族們想要的是這些冉達們前往歐勒夏。{nl}所以他們希望我活下來，讓她們平安到達歐勒夏吧。	공관에 침입한 마족들이 원하는 건 그 랑다들이 오르샤로 향하는 것.{nl}그러니 저를 살려둬서 그녀들이 무사히 오르샤에 도착하길 원했겠죠.				카오닐라 헨류시
QUEST_LV_0500_20220302_001317	你可能不知道，冉達部族追隨魔神吉特涅，他們部族長代代傳承下來的…	당신은 모르시겠지만 랑다 부족이 마신 길티네를 추종하고 그들의 부족장들이 대대로 전승한..				카오닐라 헨류시
QUEST_LV_0500_20220302_001318	宿命。	숙명.				카오닐라 헨류시
QUEST_LV_0500_20220302_001319	不讓其宿命受到妨礙。{nl}是重建王國的唯一方法。	그 숙명을 방해하지 않는 것이.{nl}왕국을 재건할 수 있는 유일한 방법입니다.				카오닐라 헨류시
QUEST_LV_0500_20220302_001320	看你的表情好像不太懂啊 。{nl}這是難免的。{nl}因為神的旨意總是超越人類的想像。{nl}無論是我還是你，在祂們的宿命論面前什麼都改變不了。	이해할 수 없다는 표정이군요.{nl}그럴 수 있습니다.{nl}신의 뜻은 언제나 인간의 상상을 초월하니까요.{nl}저도 당신도 그들의 숙명론 앞에선 그 무엇도 바꿀 수 없으니까요.				카오닐라 헨류시
QUEST_LV_0500_20220302_001321	現在這裡沒有你可以做的事情了。{nl}給你這海圖，請去找黑歐夏將軍。{nl}她會送你去歐勒夏的。	이제 이곳에서 당신이 더 이상 할 일이 없습니다.{nl}이 해도를 드릴 테니 헤오샤 장군에게 찾아가십시오.{nl}그녀가 당신을 오르샤로 보내줄 것입니다.				카오닐라 헨류시
QUEST_LV_0500_20220302_001322	黑歐夏	헤오샤				
QUEST_LV_0500_20220302_001323	啊，是啟示者你啊。{nl}是公主派你來的嗎？	아, 계시자님이시군요.{nl}공주님이 보내셨다고요?				헤오샤
QUEST_LV_0500_20220302_001324	我和我的軍隊也要開始準備離開這裡了。{nl}現在就等待時機吧。	저와 제 군대도 이제 이곳을 떠날 준비를 시작할 것입니다.{nl}그때를 기다리겠습니다.				카오닐라 헨류시
QUEST_LV_0500_20220302_001325	不久之前，公主講了關於你的事情。{nl}叫我讓你搭其它駛向歐勒夏的船…{nl}你還有聽說什麼事情嗎？	얼마 전에 공주님께서 당신에 대한 이야기를 하셨죠.{nl}오르샤로 향하는 다른 배를 태우라고 하셨는데..{nl}더 들으신 이야기가 있으십니까?				헤오샤
QUEST_LV_0500_20220302_001326	{nl}看你的表情應該是不知道啊。	{nl}표정을 보니 모르시는 모양이군요.				헤오샤
QUEST_LV_0500_20220302_001327	不久之前，官邸內曾傳出要回去歐勒夏的消息。{nl}公主將難民和入侵官邸的魔族分類之後讓他們上船。{nl}雖然兩艘船一起出發，但魔族們搭的船現在應該已經進入了尤拉泰女神的領域。{nl}那些傢伙們應該很難平安無事吧。	얼마 전에 오르샤로 돌아간다는 이야기가 공관 내에 퍼진 적이 있습니다.{nl}공주님은 피난민과 공관에 침입한 마족들을 분류해서 배에 태우셨죠.{nl}두 배는 같이 출발했지만, 마족들이 탄 배는 지금쯤 유라테 여신의 영역으로 들어갔을 겁니다.{nl}아마 녀석들은 무사하기 힘들 겁니다.				헤오샤
QUEST_LV_0500_20220302_001328	公主說，你搭的船要繞過尤拉泰女神的領域，平安地抵達歐勒夏。{nl}準備好之後請告訴我。{nl}這會是一段漫長的航程。	공주님은 당신이 탈 배는 유라테 여신의 영역을 우회하여 무사히 오르샤로 갈 수 있게 하라고 하시더군요.{nl}준비가 되면 말씀해주십시오.{nl}먼 항해가 될 겁니다.				헤오샤
QUEST_LV_0500_20220302_001329	看來卡歐尼拉公主讓你平安離開了。	카오닐라 공주가 널 무사히 보내줬구나.				소녀의 환영
QUEST_LV_0500_20220302_001330	還有尤拉泰…{nl}	그리고 유라테도..{nl}				소녀의 환영
QUEST_LV_0500_20220302_001331	現在抵達歐勒夏了，直到我再次找你為止，你就去幫助歐勒夏領主吧。	이제 오르샤에 도착했으니 내가 다시 찾을 때까지 오르샤 영주를 도와줘야 해.				소녀의 환영
QUEST_LV_0500_20220302_001332	以後不管你經歷什麼，不管遇到誰。	앞으로 네가 무엇을 겪던, 누구를 만나건.				소녀의 환영
QUEST_LV_0500_20220302_001333	我都會一直站在你的後面。	난 항상 네 뒤에 있을 거니까.				소녀의 환영
QUEST_LV_0500_20220302_001334	請一定要活下來。	살아 남아줘.				소녀의 환영
QUEST_LV_0500_20220302_001335	看來你還沒有做好活下來的準備。{nl}趕緊打開背包(F2)配戴裝備吧。	아직까지 살아남을 준비가 되지 않은 것 같구나.{nl}인벤토리(F2)를 열어서 장비를 착용하는 게 좋겠어.				소녀의 환영
QUEST_LV_0500_20220302_001336	還沒有把裝備拿出來配戴嗎？{nl}為什麼？	아직 장비를 꺼내입지 않은 거야?{nl}어째서?				소녀의 환영
QUEST_LV_0500_20220302_001337	這樣差不多應該可以從即將發生的戰鬥中存活下來了。	그 정도면 곧 있을 전투에서 살아남을 수 있을 거야.				소녀의 환영
QUEST_LV_0500_20220302_001338	我很忙，你快去找公主吧。	난 바쁘니 어서 공주님께 찾아가게.				대장군 라민
QUEST_LV_0500_20220302_001339	你說的那個難民…{nl}今天早上有和我一起吃早餐。{nl}怎麽會發生這樣的事情…	당신이 말한 그 피난민...{nl}오늘 아침에 저와 아침 식사를 했어요.{nl}어떻게 이런 일이..				오위니아 딜벤
QUEST_LV_0500_20220302_001340	啟示者。{nl}我把上次從亞夏克地牢回收的證據交給王室了。	계시자님.{nl}지난번 아샤크 지하감옥에서 회수했던 증거물들을 왕실에 전달했습니다.				이네사 해먼데일
QUEST_LV_0500_20220302_001341	最後，為了對抗攻擊奇雷恩地方和歐勒夏的觀看者軍力，我們再次拿起了劍。{nl}拉民大將軍率領王國軍對觀看者的大本營德慕爾展開了大規模的攻擊。	그리고 마침내, 키렌 지방과 오르샤를 공격한 주시자의 군세에 맞서기 위해 우리는 다시금 검을 쥐었습니다.{nl}주시자의 본거지인 델무어를 향해 라민 대장군이 이끄는 왕국군이 대대적인 공격을 개시했습니다.				이네사 해먼데일
QUEST_LV_0500_20220302_001342	現在這個時候應該已經進行了幾次大大小小的戰鬥。{nl}在開始攻擊前，與攻擊隊會合的帕亞烏塔為了邀你加入而來到了此地。	지금쯤이면, 크고 작은 전투가 몇 차례 치러진 후일 겁니다.{nl}공격에 앞서서 공격대에 합류한 파야우타씨께서 당신께 합류해 달라는 부탁을 남기기 위해 이곳에 들렀습니다.				이네사 해먼데일
QUEST_LV_0500_20220302_001343	啟示者。{nl}你受到許多人的尊敬，而對敵人來說則是敬畏的對象。{nl}身為歐勒夏的領主，我懇切地請求你務必幫忙守護奇雷恩地方。	계시자님.{nl}당신께서는 많은 이들에게 존경의 대상으로, 적에게는 경외의 대상입니다.{nl}부디, 키렌 지방의 수호를 위해 힘써주시길 오르샤의 영주로서 간곡히 부탁드리겠습니다.				이네사 해먼데일
QUEST_LV_0500_20220302_001344	感謝你做了這麼重大的決定。{nl}我一定會報答你的犧牲與付出。	크나큰 결정을 해주셔서 감사합니다.{nl}당신의 희생과 노고에 반드시 보답하겠습니다.				이네사 해먼데일
QUEST_LV_0500_20220302_001345	穿過現在的奇勒提瑪斯森林就能抵達德慕爾出入口的德慕爾佃農村了。{nl}德慕爾外城與蓮帕拉沙池塘銜接，可直接到德慕爾外城的補給路線受到戰爭波及已經中斷了。	델무어의 초입지인 델무어 소작촌은 현재 키르티마스 숲을 지나 도달하실 수 있을 겁니다.{nl}렘파라사 연못과 연결된 델무어 외성으로 곧바로 갈 수 있는 보급로는 전투의 여파로 차단되어 버렸습니다.				이네사 해먼데일
QUEST_LV_0500_20220302_001346	那請你務必平安。	그럼 부디 무사하시길 바랍니다.				이네사 해먼데일
QUEST_LV_0500_20220302_001347	穿過現在的奇勒提瑪斯森林就能抵達德慕爾出入口的德慕爾佃農村了。{nl}德慕爾外城與蓮帕拉沙池塘銜接，可直接到德慕爾外城的補給路線現在受到戰爭波及已經中斷了。	델무어의 초입지인 델무어 소작촌은 현재 키르티마스 숲을 지나 도달하실 수 있을 겁니다.{nl}렘파라사 연못과 연결된 델무어 외성으로 곧바로 갈 수 있는 보급로는 현재는 전투의 여파로 차단되어 버렸습니다.				이네사 해먼데일
QUEST_LV_0500_20220302_001348	原來你就是帕亞烏塔所說的啟示者。{nl}很榮幸見到你。	당신이 파야우타씨 께서 말씀하신 계시자로군요.{nl}뵙게 되어 영광입니다.				센츄리온 마스터
QUEST_LV_0500_20220302_001349	我經常聽說你的事蹟。{nl}但這裡是戰場，我們還是下次再閒聊吧。	당신의 이야기라면 익히 들었습니다.{nl}하지만 여긴 전쟁터이니 사담은 다음을 기약하기로 하죠.				센츄리온 마스터
QUEST_LV_0500_20220302_001350	帕亞烏塔說只有你才能為這場戰爭劃下休止符。	파야우타씨께서는 당신만이 이 전쟁의 종지부를 찍을 수 있는 사람이라고 말했습니다.				센츄리온 마스터
QUEST_LV_0500_20220302_001351	我一直守在此處等待你的到來。{nl}不過在敵人的攻勢下我們沒能支撐太久。	저는 여기서 당신을 맞이하기 위해 이곳을 지키고 있었습니다.{nl}하지만 적들의 공세에 오래 버티지는 못했습니다.				센츄리온 마스터
QUEST_LV_0500_20220302_001352	戰火持續不斷的狀況下士兵們又四散了。{nl}送啟示者你一個人進去不難，但戰爭的勝利也很重要。	난전이 계속되고 있고 와중에 병사들이 흩어져 버렸습니다.{nl}계시자님 한 분을 안쪽으로 들여보내기는 어렵지 않겠지만, 전쟁에서의 승리도 중요합니다.				센츄리온 마스터
QUEST_LV_0500_20220302_001353	必須重新集結四散的士兵們增援本部。{nl}可以先和我一起整頓此地嗎?	흩어진 병사들을 다시 합류시키고 본대를 증원할 필요가 있습니다.{nl}우선 저와 함께 이곳 상황을 정리해주시겠습니까?				센츄리온 마스터
QUEST_LV_0500_20220302_001354	趕緊尋找四散的士兵吧。	서둘러 흩어진 병사들을 찾죠.				센츄리온 마스터
QUEST_LV_0500_20220302_001355	士兵們似乎陷入了苦戰。{nl}所幸應該不會影響戰鬥。	병사들이 꽤 고전 중이었나 보군요.{nl}다행히 전투에는 지장이 없을 거 같습니다.				센츄리온 마스터
QUEST_LV_0500_20220302_001356	還有更多四散的士兵。{nl}先從鄰近的據點開始找起吧。	아직 흩어진 병사들이 더 많습니다.{nl}가까운 지점부터 찾아보도록 하죠.				센츄리온 마스터
QUEST_LV_0500_20220302_001357	動作快吧。{nl}戰況不理想。	서두르죠.{nl}전황이 좋지 않습니다.				센츄리온 마스터
QUEST_LV_0500_20220302_001358	果然也有受傷的人阿。{nl}而且還有一些武器受損的士兵。	역시나 부상자도 나오고 있군요.{nl}무기가 손상된 병사들도 더러 보입니다.				센츄리온 마스터
QUEST_LV_0500_20220302_001359	雖然有可以戰鬥的士兵，但卻沒有武器可用。{nl}如果從{#003399}變異雪貂{/}手中奪取武器的話，應該就可以確保士兵們使用的武器了。	싸울 수 있는 병사들은 있지만 정작 무기들이 제구실을 못하고 있습니다.{nl}{#003399}블릭페릿{/}들에게서 무기를 탈취한다면 병사들이 쓸 무기를 확보할 수 있을 겁니다.				센츄리온 마스터
QUEST_LV_0500_20220302_001360	如果從{#003399}變異雪貂{/}手中奪取武器的話，應該就可以確保士兵們使用的武器了。	{#003399}블릭페릿{/}들에게서 무기를 탈취한다면 병사들이 쓸 무기를 확보할 수 있을 겁니다.				센츄리온 마스터
QUEST_LV_0500_20220302_001361	這些應該很夠用了。	이 정도면 부족하지 않을 겁니다.				센츄리온 마스터
QUEST_LV_0500_20220302_001362	德慕爾佃農村內似乎聚集了大部分四散的士兵。{nl}多虧了啟示者才能入手武器，雖然不算太多，但戰力可以說是恢復了吧。	델무어 소작촌에서 흩어진 병사들은 대부분 모인 거 같습니다.{nl}계시자님 덕에 부족한 무기도 확보할 수 있었으니 미약하지만, 전력을 회복했다고 볼 수 있겠군요.				센츄리온 마스터
QUEST_LV_0500_20220302_001363	隨著我們的行動，敵人們也開始行動起來了。{nl}不管怎麼說，我們在數量上還是處於劣勢，如果敵人開始集結的話，就無法抵擋了。	우리의 움직임에 따라 적들도 움직이기 시작한 거 같습니다.{nl}아무래도 수적으로는 열세이니 적들이 모이기 시작하면 당해낼 도리가 없습니다.				센츄리온 마스터
QUEST_LV_0500_20220302_001364	讓我們先消滅敵人各部之間傳遞消息的聯絡書吧。{nl}多少能拖延一點敵人們集結的時間。	적들의 무리와 무리 사이의 연락을 넘기는 연락책을 미리 제거하도록 하죠.{nl}적들이 집결할 시간을 조금이나마 벌 수 있을 겁니다.				센츄리온 마스터
QUEST_LV_0500_20220302_001365	那快點行動吧。	그럼 어서 움직이죠.				센츄리온 마스터
QUEST_LV_0500_20220302_001366	如果消滅聯絡書的話，多少能拖延一點敵人們集結的時間。	연락책들을 제거한다면 적들이 집결할 시간을 조금이나마 늦출 수 있을 겁니다.				센츄리온 마스터
QUEST_LV_0500_20220302_001367	畢竟是在混亂的戰場上，一定會有顯著的效果。	혼란스러운 전쟁터의 한가운데이니 확실히 효과가 있을 겁니다.				센츄리온 마스터
QUEST_LV_0500_20220302_001368	附近有通往德慕爾莊園的升降機。{nl}這在意外發生時會是一條退路，先確認是否可使用怎麼樣？	근처에 델무어 장원으로 가는 승강기가 있습니다.{nl}혹시 모를 위기에 퇴로가 될 수도 있을 테니 미리 확인해 보는 게 어떠십니까?				센츄리온 마스터
QUEST_LV_0500_20220302_001369	好。{nl}在伊薛提十字路口沿著上方的路走，就是升降機所在之處。	좋습니다.{nl}이쉰티 사거리에서 윗길을 따라가면 승강기가 있는 곳입니다.				센츄리온 마스터
QUEST_LV_0500_20220302_001370	在伊薛提十字路口沿著上方的路走，就是升降機所在之處。	이쉰티 사거리에서 윗길을 따라가면 승강기가 있는 곳입니다.				센츄리온 마스터
QUEST_LV_0500_20220302_001371	不會吧…	이런..				센츄리온 마스터
QUEST_LV_0500_20220302_001372	士兵們要是知道沒了退路，一定會失去鬥志的。	병사들이 퇴로가 없다는 사실을 알게 되면 전의를 잃게 될 겁니다.				센츄리온 마스터
QUEST_LV_0500_20220302_001373	冒出的克魯比那屏障破壞了移動裝置。	솟아난 크루비나 장벽이 이동 장치를 파괴했다				PC
QUEST_LV_0500_20220302_001374	拿下連接德慕爾莊園的陸路是唯一的辦法。	방법은 델무어 장원으로 이어진 육로를 확보하는 방법뿐입니다.				센츄리온 마스터
QUEST_LV_0500_20220302_001375	有啟示者參戰，一定能給士兵們很大的力量。	계사자님 께서 참전해주신다면 병사들에게도 큰 힘이 될 겁니다.				센츄리온 마스터
QUEST_LV_0500_20220302_001376	我替士兵們謝謝你。	병사들을 대신하여 감사드립니다.				센츄리온 마스터
QUEST_LV_0500_20220302_001377	可以藉由公墓上方的路前往德慕爾莊園。{nl}去攻擊那裡。	공동묘지의 윗길을 통해 델무어 장원으로 갈 수 있습니다.{nl}그곳을 공격하죠.				센츄리온 마스터
QUEST_LV_0500_20220302_001378	若是沒有啟示者，士兵們的戰意不會如此高昂。	계시자님이 없었더라면 병사들도 용맹하게 싸우지 못했을 겁니다.				센츄리온 마스터
QUEST_LV_0500_20220302_001379	我會前往德慕爾莊園。	델무어 장원으로 이동하겠습니다.				센츄리온 마스터
QUEST_LV_0500_20220302_001380	那裡應該也有不少交戰中的士兵。	그곳에서도 고전 중인 병사들이 많이 있을 겁니다.				센츄리온 마스터
QUEST_LV_0500_20220302_001381	戰況比我想像中更不理想。	전황이 제 생각보다 안 좋습니다.				센츄리온 마스터
QUEST_LV_0500_20220302_001382	士兵們累了。	병사들이 지쳐있습니다.				센츄리온 마스터
QUEST_LV_0500_20220302_001383	我想應該是在被孤立的狀態下陷入恐慌所致。{nl}雖然是在戰場上，但需要一個能集結士兵，重新整備的場所。	아무래도 고립된 상황에서 공황을 겪은 탓일 겁니다.{nl}전장의 한가운데지만 병사들을 집결하고 재정비할 장소가 필요합니다.				센츄리온 마스터
QUEST_LV_0500_20220302_001384	哪怕周遭只有用殘破的物資做的簡易路障，士兵們也能稍微安心一點。	주변에 부서진 물자들을 이용한 간단한 바리케이드만 있어도 병사들이 조금은 안심할 수 있을 겁니다.				센츄리온 마스터
QUEST_LV_0500_20220302_001385	謝謝你連這種瑣碎的事也願意幫忙。{nl}請你找找不遠處的荒廢的苦力住所周遭。	시답지 않은 일이겠지만, 나서주셔서 감사합니다.{nl}근처에 버려진 인부 숙소 근처를 찾아보시길 바랍니다.				센츄리온 마스터
QUEST_LV_0500_20220302_001386	多虧你幫忙收集帳篷，有了可以讓傷兵們平躺的地方。	텐트 자재까지 모아 주신 덕에 부상병들의 몸을 누일 곳이 생겼군요.				센츄리온 마스터
QUEST_LV_0500_20220302_001387	現在再設置路障就可以了。	이제 바리케이드를 배치하면 되겠군요.				센츄리온 마스터
QUEST_LV_0500_20220302_001388	能麻煩你嗎？	그렇게 해주시겠습니까?				센츄리온 마스터
QUEST_LV_0500_20220302_001389	適當地設置路障，我想可以確保臨時據點的安全。	바리케이드를 적당히 배치해주시면 임시 거점의 안전을 확보할 수 있을 겁니다.				센츄리온 마스터
QUEST_LV_0500_20220302_001390	這些可以了。	충분합니다.				센츄리온 마스터
QUEST_LV_0500_20220302_001391	德慕爾莊園各處應該都有正在交戰的士兵。	델무어 장원에 곳곳에 흩어져 교전 중인 병사들이 있을 겁니다.				센츄리온 마스터
QUEST_LV_0500_20220302_001392	將四散的士兵們聚集到臨時據點重新整備，應該能支援後續發生的戰鬥。	흩어진 병사들을 이곳 임시 거점으로 모아 재정비한다면 추후 있을 전투를 지원할 수 있을 겁니다.				센츄리온 마스터
QUEST_LV_0500_20220302_001393	讓陷入恐慌的兩名士兵待在這裡實在不妥。{nl}我會留在此地加強臨時據點，啟示者你能將四散的士兵們帶過來嗎？	공황에 빠진 저 두 병사만 이곳에 두고 가기는 곤란합니다.{nl}저는 여기 남아 임시 거점을 보강할 테니 계시자님께서 흩어진 병사들을 이곳으로 보내주실 수 있겠습니까?				센츄리온 마스터
QUEST_LV_0500_20220302_001394	謝謝。{nl}請穿過三岔路與被埋沒的廣場，到城壁重建區域看看。	감사합니다.{nl}삼거리와 매몰된 광장을 지나 성벽 재건 구역으로 가보십시오.				센츄리온 마스터
QUEST_LV_0500_20220302_001395	因為地形廣闊，如果士兵們正在交戰，可以從那邊開始找。	넓은 지형이니 병사들이 교전 중이라면 그곳부터 찾아보실 수 있을 겁니다.				센츄리온 마스터
QUEST_LV_0500_20220302_001396	請穿過三岔路與被埋沒的廣場，到城壁重建區域看看。	삼거리와 매몰된 광장을 지나 성벽 재건 구역으로 가보십시오.				센츄리온 마스터
QUEST_LV_0500_20220302_001397	因為地形廣闊，如果士兵們正在交戰，可以從那邊開始找。	넓은 지형이니 병사들이 교전 중이라면 그 곳부터 찾아 보실 수 있을 겁니다.				센츄리온 마스터
QUEST_LV_0500_20220302_001398	差點就大事不妙了。{nl}多虧你及時趕到，才度過了危機。	하마터면 큰일 날 뻔 했군요.{nl}제때 와주신 덕에 위기를 넘겼습니다.				센츄리온 마스터
QUEST_LV_0500_20220302_001399	我想我得去找還留在此處尚未會合的士兵們。{nl}往前面走，大將軍率領的王國軍本部與你的同伴帕亞烏塔正在戰鬥。	아무래도 저는 여기 남아 주변에서 아직 합류하지 못한 병사들을 찾아야겠습니다.{nl}이 앞으로는 대장군께서 이끄는 왕국군의 본대와 당신의 동료인 파야우타씨가 교전 중일 겁니다.				센츄리온 마스터
QUEST_LV_0500_20220302_001400	你的幫忙一定會大有助益。	그렇게 해주신다면 큰 도움이 될 겁니다.				센츄리온 마스터
QUEST_LV_0500_20220302_001401	那再見了。	그럼, 다시 뵙겠습니다,				센츄리온 마스터
QUEST_LV_0500_20220302_001402	往前面走，大將軍率領的王國軍本部與你的同伴帕亞烏塔正在戰鬥。	이 앞으로는 대장군께서 이끄는 왕국군의 본대와 당신의 동료인 파야우타씨가 교전 중일 겁니다.				센츄리온 마스터
QUEST_LV_0500_20220302_001403	那再見了。	그럼, 다시 뵙겠습니다.				센츄리온 마스터
QUEST_LV_0500_20220302_001404	我們好像經常以這種方式見面。	우리는 항상 이런 식으로 만나는 거 같네.				파야우타
QUEST_LV_0500_20220302_001405	來這裡的路上你應該有看見，戰況非常不理想。{nl}不過你願意過來，我安心多了。	여기까지 지나오며 봤겠지만, 상황이 마냥 좋지 않아.{nl}그래도 네가 와줬으니 안심이야.				파야우타
QUEST_LV_0500_20220302_001406	大將軍與王國軍本部在更裡面的地方。{nl}我在這裡單獨行動，尋找著在此處安營紮寨的{#003399}變異雪貂{/}的據點。	대장군과 왕국군 본대는 더 안쪽에 있어.{nl}나는 여기에 거점을 잡고 있는 {#003399}블릭페릿{/}들의 거점을 찾으며 별도로 움직이고 있어.				파야우타
QUEST_LV_0500_20220302_001407	那些傢伙手上一定有整個德慕爾的防禦計畫與作戰計畫書。{nl}只要能拿到手，就能扭轉不利的戰況。	녀석들이 델무어 전체의 방어 계획과 작전 계획서를 가지고 있을 거야.{nl}그것만 손에 넣는다면 불리한 전황을 뒤집을 수 있어.				파야우타
QUEST_LV_0500_20220302_001408	好。{nl}先消滅在戴加倫姆入口集結的敵人吧。	좋아.{nl}데가름 진입로에 집결한 적들을 먼저 처리하자.				파야우타
QUEST_LV_0500_20220302_001409	這裡的{#003399}變異雪貂{/}手上一定有整個德慕爾的防禦計畫與作戰計畫書。{nl}只要能拿到手，就能扭轉不利的戰況。	이곳의 {#003399}블릭페릿{/}들이 델무어 전체의 방어 계획과 작전 계획서를 가지고 있을 거야.{nl}그것만 손에 넣는다면 불리한 전황을 뒤집을 수 있어.				파야우타
QUEST_LV_0500_20220302_001410	德慕爾佃農村與德慕爾莊園的防禦計畫…{nl}是王國軍本部已經突破的地方，應該沒有太大用處。	델무어 소작촌과 델무어 장원의 방어 계획..{nl}왕국군 본대가 이미 돌파한 곳이라 큰 소용은 없겠어.				파야우타
QUEST_LV_0500_20220302_001411	至少確定了敵人手中握有防禦計畫。	적어도 적들이 방어 계획을 가지고 있다는 사실은 명확해졌네.				파야우타
QUEST_LV_0500_20220302_001412	尋找敵人作為據點的地方吧。	적들이 거점으로 삼고 있는 곳을 찾자.				파야우타
QUEST_LV_0500_20220302_001413	泰吉卡岔路是敵人很常經過的地方，在那裡追蹤足跡應該可以找到路。	타지카 갈림길은 적들이 많이 지나는 곳이니 그곳에서 족적을 추적해보면 길을 찾을 수 있을 거야.				파야우타
QUEST_LV_0500_20220302_001414	在泰吉卡岔路調查敵人的足跡吧。	타지카 갈림길에서 적들의 족적을 조사해보자.				파야우타
QUEST_LV_0500_20220302_001415	連接奧蘭集會場的足跡特別多。	유난히 오렘 집회장으로 이어지는 족적이 많아.				파야우타
QUEST_LV_0500_20220302_001416	去奧蘭集會場看看吧。{nl}那裡應該有敵人的據點，或者至少也能查出點什麼。	오렘 집회장으로 가보자.{nl}그곳에 적들의 거점이 있거나, 적어도 뭔가를 알아낼 수 있을 거야.				파야우타
QUEST_LV_0500_20220302_001417	快行動吧，晚了會有更多人犧牲。	서두르자, 우리가 늦으면 더 많은 사람이 희생될 거야.				파야우타
QUEST_LV_0500_20220302_001418	要是有敵人的據點，最好將其摧毀。	적의 거점이 있다면 시설을 파괴하는 게 좋겠어.				파야우타
QUEST_LV_0500_20220302_001419	不能放任敵人的據點不管。{nl}破壞他們的設施可以讓他們陷入混亂。	적들의 거점을 이대로 놔둘 수 없어.{nl}시설을 파괴하면 적들을 혼란에 빠뜨릴 수 있을 거야.				파야우타
QUEST_LV_0500_20220302_001420	防禦計畫不在這裡，應該已經帶到其他地方了。	방어 계획은 여기에 없어 이미 다른 곳으로 가져간 거 같아.				파야우타
QUEST_LV_0500_20220302_001421	上面那條路。{nl}是通往蓮帕拉沙池塘的路。	저 윗길.{nl}렘파라사 연못으로 이어지는 길이야.				파야우타
QUEST_LV_0500_20220302_001422	如果那條路能通，一定會對我軍大有益處。	저 길을 쓸 수 있다면 아군에게 큰 이점이 될 거야.				파야우타
QUEST_LV_0500_20220302_001423	好，行動吧。	좋아 움직이자.				파야우타
QUEST_LV_0500_20220302_001424	把那條路拿下，就能使用德慕爾外城與蓮帕拉沙池塘相連的道路了。	저 길을 확보하면 델무어 외성과 렘파라사 연못이 이어진 길을 사용할 수 있어.				파야우타
QUEST_LV_0500_20220302_001425	成功了，現在交給這裡的士兵們吧。	성공이야 이제 여긴 병사들에게 맡기자.				파야우타
QUEST_LV_0500_20220302_001426	從周遭的足跡看來，敵人不久前才成群離開這個據點。	주변의 족적들을 보니 적들이 이 거점에서 무리 지어 떠나간 지 얼마 되지 않았어.				파야우타
QUEST_LV_0500_20220302_001427	動作快點應該能追上。	서두르면 따라잡을 수 있을 거야.				파야우타
QUEST_LV_0500_20220302_001428	足跡通往外城廣場。{nl}快走吧。	족적이 외성 광장을 향해 이어져 있어.{nl}어서 가자.				파야우타
QUEST_LV_0500_20220302_001429	這是德慕爾外城的防禦計畫。	델무어 외성의 방어 계획이야.				파야우타
QUEST_LV_0500_20220302_001430	用這個應該就能找到那些傢伙的重要據點。	이거라면 녀석들의 중요 거점을 찾을 수 있어.				파야우타
QUEST_LV_0500_20220302_001431	根據計畫圖，城堡山頂上有著那些傢伙的上級據點。{nl}看規模，那裡一定有其餘的防禦計畫與作戰計畫書。	계획도에 따르면 성채 마루에 녀석들의 상부 거점이 있어.{nl}규모를 보니 나머지 방어 계획과 작전 계획서도 여기 있을 거야.				파야우타
QUEST_LV_0500_20220302_001432	把城堡山頂裡的設施也破壞吧。	성채 마루에 있는 시설도 파괴하자.				파야우타
QUEST_LV_0500_20220302_001433	很好，目標應該不遠了。	좋아 목표가 머지않은 거 같아.				파야우타
QUEST_LV_0500_20220302_001434	目標不遠了。{nl}把城堡山頂裡的據點設施也破壞吧。	목표가 머지않았어.{nl}성채 마루에 있는 거점 시설도 파괴하자.				파야우타
QUEST_LV_0500_20220302_001435	據點已消失，那些傢伙想必會很頭痛。	거점이 사라졌으니 녀석들이 꽤 곤란할 거야.				파야우타
QUEST_LV_0500_20220302_001436	從那個階梯上去，就是那些傢伙的上級據點了。	저 계단을 올라가면 녀석들의 상부 거점이야.				파야우타
QUEST_LV_0500_20220302_001437	若是從他們身上奪來德慕爾內城與德慕爾莊園的防禦計畫、作戰計畫書，一定能對我軍大有助益。	녀석들에게서 델무어 내성과 델무어 정원의 방어 계획, 작전 계획서를 빼앗는다면 아군에게 큰 도움이 될 거야.				파야우타
QUEST_LV_0500_20220302_001438	很好。{nl}你果然是個值得信賴的人。	좋아.{nl}역시 너는 믿음직한 친구구나.				파야우타
QUEST_LV_0500_20220302_001439	我剛剛發生什麼事了…？	방금 내게 무슨 일이 일어난 거지..?				파야우타
QUEST_LV_0500_20220302_001440	可以的話，剛剛的事麻煩幫我保密。	괜찮다면 방금 있었던 일은 비밀로 해줘.				파야우타
QUEST_LV_0500_20220302_001441	王國軍的士兵們一定對我寄予厚望。{nl}雖然以後要付出代價…{nl}但現在打贏這場戰爭是第一要務。	왕국군의 병사들이 내게 걸고 있는 기대가 클 거야.{nl}죗값은 나중에 치러야 겠지만..{nl}지금은 일단 이 전쟁에서 이기는 게 우선이야.				파야우타
QUEST_LV_0500_20220302_001442	往上面的路走，有拉明大將軍帶領的本部據點。{nl}到那裡去吧。	윗길을 따라가면 라민 대장군이 이끄는 본대가 거점으로 삼은 곳이 있어.{nl}그곳으로 가자.				파야우타
QUEST_LV_0500_20220302_001443	必須快點將敵人的防禦計畫與作戰計畫書交給王國軍。	서둘러 적들의 방어 계획과 작전 계획서를 왕국군에게 넘겨줘야 해.				파야우타
QUEST_LV_0500_20220302_001444	拉民	라민				
QUEST_LV_0500_20220302_001445	是帕亞烏塔啊。{nl}我指示的文件拿來了嗎？	파야우타로군.{nl}지시한 문서들은 가져왔겠지?				라민
QUEST_LV_0500_20220302_001446	王國軍的大將軍拉明在戰場上是個嚴守紀律之人。{nl}他是個能力很強的戰士，也是許多士兵尊敬的英雄。	왕국군의 대장군인 라민은 전장에서만큼은 규율에 철저한 사람이야.{nl}유능한 전사이고 많은 병사가 존경하는 영웅과도 같아.				파야우타
QUEST_LV_0500_20220302_001447	你就是帕亞烏塔所說的啟示者啊。{nl}我是王國的大將軍拉明。	네가 파야우타가 이야기한 계시자군.{nl}난 왕국의 대장군인 라민이라고 한다.				라민
QUEST_LV_0500_20220302_001448	這裡是戰場，我是此處的負責人，你若是幫助王國軍之人，那就是我的屬下。	이곳은 전장이고 네가 왕국군을 돕는 사람이라면, 이곳의 책임자인 나의 부하라는 건 알아두도록.				라민
QUEST_LV_0500_20220302_001449	我不能百分百相信你帶來的防禦計畫與作戰計畫書。{nl}我會先派人確認真假。{nl}此事就交給帕亞烏塔吧。	가져온 방어 계획과 작전 계획서를 곧이곧대로 믿을 수는 없다.{nl}병사에게 시켜 사실 여부를 판단하겠다.{nl}파야우타는 이 일을 돕도록.				라민
QUEST_LV_0500_20220302_001450	我有其他任務要交給啟示者。{nl}前陣子我派了偵察兵探查敵人的動向，但他遲遲沒有回來。	계시자 네게는 다른 임무를 주겠다.{nl}한참 전에 적들의 동향을 살피러 정찰병을 내보냈으나 아직 돌아오지 않았다.				라민
QUEST_LV_0500_20220302_001451	也許他已經得到了重要的情報，你去把他帶回來吧。	중요한 정보를 획득했을 수도 있으니 그 병사를 찾아 데려오도록.				라민
QUEST_LV_0500_20220302_001452	萬一戰死了，將他的身上的東西帶回來也好。	만약 전사했다면 병사의 소지품이라도 가지고 와라.				라민
QUEST_LV_0500_20220302_001453	行動吧。	움직이도록.				라민
QUEST_LV_0500_20220302_001454	沿著被敵人切斷的補給路線走，應該能找到。	적들에게 차단된 보급로를 따라가면 찾을 수 있을 거다.				라민
QUEST_LV_0500_20220302_001455	路上小心。	조심히 다녀와.				파야우타
QUEST_LV_0500_20220302_001456	幸好來得及。{nl}辛苦你了。	다행히 늦지 않았군.{nl}수고했다.				라민
QUEST_LV_0500_20220302_001457	我感覺偵查兵應該查到了什麼。{nl}你也一起聽吧。	아무래도 정찰병이 무언가를 알아낸 거 같다.{nl}자네도 함께 듣도록.				라민
QUEST_LV_0500_20220302_001458	獲救的偵查兵	구출된 정찰병				
QUEST_LV_0500_20220302_001459	報告！	보고드립니다!				구출된 정찰병
QUEST_LV_0500_20220302_001460	在此地盤旋的奇特烏鴉又名{#003399}格列斯密{/}，跟剛才守在佃農村與莊園的雪貂是同一類的怪物。	이곳을 떠돌고 있는 기이한 까마귀인 일명 {#003399}그레스미{/}들은 앞선 소작촌과 장원을 지키던 페릿들과 같은 존재들입니다.				구출된 정찰병
QUEST_LV_0500_20220302_001461	已經確認了將雪貂變成{#003399}格列斯密{/}的強悍魔族。	페릿들을 {#003399}그레스미{/}로 변형시키는 강력한 마족을 확인했습니다.				구출된 정찰병
QUEST_LV_0500_20220302_001462	那個強悍的魔族肯定就是此地的頭領。	그 강력한 마족이 이 지역의 우두머리임이 확실하다.				라민
QUEST_LV_0500_20220302_001463	我們的軍隊尚須重新整備。{nl}正好帕亞烏塔與啟示者在，可以試試看用最少的人力來解決。	우리 군은 아직 재정비가 필요하다.{nl}마침 파야우타와 계시자가 있으니 최소한의 인원으로 해결을 해보는 게 좋겠군.				라민
QUEST_LV_0500_20220302_001464	帕亞烏塔、啟示者。{nl}你們和我組成機動隊，找出魔族。	파야우타, 계시자.{nl}너희는 나와 함께 별동대를 꾸려 그 마족을 찾아낸다.				라민
QUEST_LV_0500_20220302_001465	啟示者。{nl}在組建機動隊期間，請你去收拾包圍我軍據點的魔族。	계시자.{nl}별동대를 꾸리는 동안 아군 거점을 포위하고 있는 마족들을 처리하도록.				라민
QUEST_LV_0500_20220302_001466	組建機動隊期間，去收拾包圍我軍據點的魔族。	별동대를 꾸리는 동안 아군 거점을 포위한 마족들을 처리해라.				라민
QUEST_LV_0500_20220302_001467	辛苦你了。{nl}這樣機動隊就能安全出發了。	수고했다.{nl}별동대가 안전히 출발할 수 있을 거다.				라민
QUEST_LV_0500_20220302_001468	準備大抵完成了。{nl}前往中心地後，我們分頭尋找頭領。	준비는 거의 끝났다.{nl}중심지로 이동한 뒤 나뉘어 우두머리를 찾도록 한다.				라민
QUEST_LV_0500_20220302_001469	啟示者打頭陣吧。	계시자가 앞장서도록.				라민
QUEST_LV_0500_20220302_001470	我帶領機動隊跟著。	별동대를 이끌고 따라가겠다.				라민
QUEST_LV_0500_20220302_001471	確實有效果。	확실히 효과가 있었군.				라민
QUEST_LV_0500_20220302_001472	現在帶著所有還能戰鬥的士兵，前往內部。	이제 싸울 수 있는 병사들을 모두 이끌고 안쪽으로 진입한다.				라민
QUEST_LV_0500_20220302_001473	現在要把分散的士兵們聚集起來。{nl}本部增員的時候，能成為極強的戰力。	흩어진 병사들을 규합해야 합니다.{nl}본대를 증원할 때 막강한 전력이 될 수 있습니다.				센츄리온 마스터
QUEST_LV_0500_20220302_001474	看見徘徊在此處的敵人了嗎？{nl}他們是隸屬歐勒夏的士兵、居民或商人。{nl}裡面也有許多人是神樹之日後往德慕爾避難的人。	이 곳을 배회하고 있는 적들의 모습을 보았나?{nl}오르샤에 소속되었던 병사이거나, 시민 혹은 상인들이 었다.{nl}신수의 날 이후 델무어로 피신한 피난민들도 다수 있었겠지.				라민
QUEST_LV_0500_20220302_001475	然而他們擋住了我們王國軍的路，的的確確是我們的敵人。{nl}只不過士兵們的眼神充滿了猶豫。	그러나 저들이 우리 왕국군의 길을 막고 있으니 적이라는 사실은 명확하다.{nl}다만 병사들의 눈빛에 망설임이 만연하군.				라민
QUEST_LV_0500_20220302_001476	若是就這樣開始戰鬥，大概來不及抵抗就全滅了。{nl}需要對士兵們進行鼓勵。	이대로 전투가 시작되면 제대로 싸워보지도 못하고 전멸당할 거다.{nl}병사들을 독려할 필요가 있다.				라민
QUEST_LV_0500_20220302_001477	為了我軍的戰備，請收集變異士兵們棄置的補給品，重新整備吧。	아군의 전투를 준비하기 위해 변질된 병사들이 버려둔 보급품을 확보하고 재정비해라.				라민
QUEST_LV_0500_20220302_001478	很好。{nl}趕緊行動吧。	좋다.{nl}서둘러 움직이도록.				라민
QUEST_LV_0500_20220302_001479	確保變異士兵們棄置的補給品。	변질된 병사들이 버려둔 보급품을 확보해라.				라민
QUEST_LV_0500_20220302_001480	準備好了嗎？{nl}這是歐勒夏的旗幟啊。{nl}	준비가 끝났나?{nl}이건 오르샤의 깃발이군.{nl}				라민
QUEST_LV_0500_20220302_001481	不能再拖了。{nl}你也準備好了嗎？	시간을 더 지체할 수는 없다.{nl}자네도 준비가 끝났나?				라민
QUEST_LV_0500_20220302_001482	很好。	좋다.				라민
QUEST_LV_0500_20220302_001483	你去崗位上準備吧。{nl}將王國軍的旗幟與歐勒夏的旗幟一同升起。{nl}適當地建立他們仇恨的心理，在戰鬥上也能有挺大的效果。	자리로 가서 준비해라.{nl}왕국군의 깃발과 함께 오르샤의 깃발을 함께 세워라.{nl}적당한 복수심을 심어준다면 전투에 있어서도 큰 효과를 가져올 거다.				라민
QUEST_LV_0500_20220302_001484	打得很好。{nl}雖然德慕爾外部偶爾會發現一些敵對的零散群體，但不至於對王國軍造成威脅。	잘 싸워주었다.{nl}델무어 외부에는 간간히 적대적인 무리들이 발견되긴 하지만, 왕국군에 큰 위협이 될 정도는 아니다.				라민
QUEST_LV_0500_20220302_001485	已經把後方警戒與清除殘黨交給百夫長大師了。	센츄리온 마스터에게는 후방 경계와 잔당 처리를 맡겼다.				라민
QUEST_LV_0500_20220302_001486	我聽到消息了。{nl}我會依循大將軍的命令，掃蕩後方區域的殘黨。	소식을 들었습니다.{nl}저는 대장군의 명령에 따라 후방 지역의 잔당을 소탕하겠습니다.				센츄리온 마스터
QUEST_LV_0500_20220302_001487	王國軍十分肯定你的活耀。	당신의 활약에 대해 왕국군은 높이 사고 있습니다.				센츄리온 마스터
QUEST_LV_0500_20220302_001488	戰爭還沒有結束。{nl}集合可以戰鬥的夥伴吧。	아직 전쟁이 끝난 건 아니다.{nl}싸울 수 있는 동료들을 모아라.				라민
QUEST_LV_0500_20220302_001489	就定位。{nl}沒有時間再磨蹭了。	자리로 이동해라.{nl}뭉그적거릴 여유는 없다.				라민
QUEST_LV_0500_20220302_001490	等等，我聽到了士兵們的尖叫聲。{nl}啟示者你也聽到了嗎？	잠깐, 병사들의 비명 소리가 들린다.{nl}계시자 너도 들었나?				라민
QUEST_LV_0500_20220302_001491	歐勒夏的攻城裝備到了。{nl}為了讓攻城裝備越過路障，犧牲了很多王國軍。	오르샤의 공성장비가 도착했다.{nl}공성장비를 바리케이드 너머로 옮기는 데에만 많은 왕국군이 희생을 치렀다.				라민
QUEST_LV_0500_20220302_001492	據說，受到女神啟示的啟示者們可以發揮出超越人類的力量。{nl}我從上次和你一起戰鬥的士兵們口中聽說的。	여신의 계시를 받은 계시자들은 인간의 한계를 넘어선 힘을 발휘한다고 하지.{nl}지난 전투에서 너와 함께 싸운 병사들 사이에서 네 이야기가 들리더군.				라민
QUEST_LV_0500_20220302_001493	對他們來說，你是一位英雄。{nl}士兵們之所以在失去朋友及戰友且被孤立的情況下也沒有放棄，{nl}是因為你正在和他們一起戰鬥。	그들에게 너는 영웅이 되었다.{nl}친구이자 전우를 잃고 전장에 고립된 상황에서도 병사들이 포기하지 않은 건{nl}네가 병사들과 함께 싸워주고 있기 때문이었다.				라민
QUEST_LV_0500_20220302_001494	士兵們賭上性命成功地將攻城裝備帶進戰場幫助你作戰。{nl}現在輪到你了。	병사들이 목숨을 걸고 너의 전투를 돕기위해 공성장비를 전장에 들여 놓는 데는 성공했다.{nl}이제 네 차례다.				라민
QUEST_LV_0500_20220302_001495	去打開{#003399}城門{/}。	가서 {#003399}성문{/}을 열어라.				라민
QUEST_LV_0500_20220302_001496	前往{#003399}激戰地{/}。	{#003399}격전지{/}로 진입한다.				라민
QUEST_LV_0500_20220302_001497	前往{#003399}激戰地{/}。	{#003399}격전지{/}로 진입하도록.				라민
QUEST_LV_0500_20220302_001498	多虧你，通往德慕爾內部的路打開了。{nl}卡歐尼拉公主肯定會大力讚賞你的功勞。	덕분에 델무어 내부로 가는 길이 열렸군.{nl}이 공로는 카오닐라 공주님께서 크게 치하하실 거다.				라민
QUEST_LV_0500_20220302_001499	當然，我也認可是你的功勞。{nl}你做的非常好。	물론, 나 역시 네 공로를 인정하고 있다.{nl}잘 싸워주었다.				라민
QUEST_LV_0500_20220302_001500	做好進入內部的準備後我再來找你。	내부로 들어갈 준비가 끝나면 다시 너를 찾겠다.				라민
QUEST_LV_0500_20220302_001501	      {img GuideQuest_StartLine3_MiniMap_2 300 240}{nl}看似粗糙的海圖可以估計出歐勒夏和王國領莫洛斯官邸距離有多遠。	      {img GuideQuest_StartLine3_MiniMap_2 300 240}{nl}조잡해 보이는 해도는 오르샤와 왕국령 모로스 공관이 얼마나 멀리 떨어져 있는지 가늠하게 한다.				PC
QUEST_LV_0500_20220302_001502	莫洛斯的啟示者(1)	모로스의 계시자(1)				
QUEST_LV_0500_20220302_001503	請前往王國領莫洛斯官邸	왕국령 모로스 공관으로 진입하세요				
QUEST_LV_0500_20220302_001504	[新手導覽]對話與互動	[튜토리얼] 대화와 상호작용				
QUEST_LV_0500_20220302_001505	好像有問題。{nl}與等待檢查的難民們進行對話。	문제가 있는 것 같습니다.{nl}검사를 기다리고 있는 피난민들과 대화해봅시다.				
QUEST_LV_0500_20220302_001506	與少女的幻影進行對話。	소녀의 환영과 대화해봅시다.				
QUEST_LV_0500_20220302_001507	[新手導覽]配戴成長裝備	[튜토리얼] 성장 장비 착용				
QUEST_LV_0500_20220302_001508	莫洛斯的啟示者(2)	모로스의 계시자(2)				
QUEST_LV_0500_20220302_001509	莫洛斯的啟示者(3)	모로스의 계시자(3)				
QUEST_LV_0500_20220302_001510	少女的幻影正在找你。	소녀의 환영이 당신을 찾고 있습니다.				
QUEST_LV_0500_20220302_001511	[新手導覽]第一次轉職	[튜토리얼] 첫 번째 전직				
QUEST_LV_0500_20220302_001512	我要轉職	전직해 보겠다고 한다				
QUEST_LV_0500_20220302_001513	莫洛斯的啟示者(4)	모로스의 계시자(4)				
QUEST_LV_0500_20220302_001514	太不負責任了	무책임하다고 한다				
QUEST_LV_0500_20220302_001515	莫洛斯的啟示者(5)	모로스의 계시자(5)				
QUEST_LV_0500_20220302_001516	我去找奧維尼亞狄爾班	오위니아 딜벤을 찾아가겠다고 한다				
QUEST_LV_0500_20220302_001517	我沒有打算在這裡待太久	이곳에 오래 머무를 생각이 없다고 한다				
QUEST_LV_0500_20220302_001518	莫洛斯的啟示者(6)	모로스의 계시자(6)				
QUEST_LV_0500_20220302_001519	我去周圍晃晃再回來	잠시 둘러보고 오겠다고 한다				
QUEST_LV_0500_20220302_001520	莫洛斯的啟示者(7)	모로스의 계시자(7)				
QUEST_LV_0500_20220302_001521	我會走路過去	걸어가겠다고 한다				
QUEST_LV_0500_20220302_001522	[新手導覽]使用任務道具	[튜토리얼] 퀘스트 아이템 사용				
QUEST_LV_0500_20220302_001523	感覺很奇怪，我不想做	수상해서 하기 싫다고 한다				
QUEST_LV_0500_20220302_001524	莫洛斯的啟示者(8)	모로스의 계시자(8)				
QUEST_LV_0500_20220302_001525	我不想惹麻煩	문제를 일으키고 싶지 안핟고 한다				
QUEST_LV_0500_20220302_001526	莫洛斯的啟示者(9)	모로스의 계시자(9)				
QUEST_LV_0500_20220302_001527	[新手導覽]與BOSS怪物戰鬥	[튜토리얼] 보스 몬스터와의 전투				
QUEST_LV_0500_20220302_001528	我會查出來的	알아내겠다고 한다				
QUEST_LV_0500_20220302_001529	自己一個人很危險	혼자선 위험하다고 한다				
QUEST_LV_0500_20220302_001530	莫洛斯的啟示者(10)	모로스의 계시자(10)				
QUEST_LV_0500_20220302_001531	莫洛斯的啟示者(11)	모로스의 계시자(11)				
QUEST_LV_0500_20220302_001532	只能遵從了	어쩔 수 없이 따른다				
QUEST_LV_0500_20220302_001533	莫洛斯的啟示者(12)	모로스의 계시자(12)				
QUEST_LV_0500_20220302_001534	請不要興奮	흥분하지 말라고 한다				
QUEST_LV_0500_20220302_001535	莫洛斯的啟示者(13)	모로스의 계시자(13)				
QUEST_LV_0500_20220302_001536	莫洛斯的啟示者(14)	모로스의 계시자(14)				
QUEST_LV_0500_20220302_001537	我準備好離開了	떠날 준비가 되었다고 한다				
QUEST_LV_0500_20220302_001538	前往戰場	전장 속으로				
QUEST_LV_0500_20220302_001539	我會即刻加入	곧장 합류하겠다고 한다				
QUEST_LV_0500_20220302_001540	重新集結兵力(1)	병력 재집결(1)				
QUEST_LV_0500_20220302_001541	我不方便幫忙	돕기 어렵다고 한다				
QUEST_LV_0500_20220302_001542	重新集結兵力(2)	병력 재집결(2)				
QUEST_LV_0500_20220302_001543	快點行動吧	서둘러 가자고 한다				
QUEST_LV_0500_20220302_001544	重新集結兵力(3)	병력 재집결(3)				
QUEST_LV_0500_20220302_001545	重新集結兵力(4)	병력 재집결(4)				
QUEST_LV_0500_20220302_001546	確認移動裝置	이동 장치 확인				
QUEST_LV_0500_20220302_001547	好麻煩	번거롭다고 한다				
QUEST_LV_0500_20220302_001548	前往德慕爾莊園	델무어 장원으로				
QUEST_LV_0500_20220302_001549	我會參戰	참전하겠다고 한다				
QUEST_LV_0500_20220302_001550	臨時據點	임시 거점				
QUEST_LV_0500_20220302_001551	前往德慕爾莊園吧	델무어 장원으로 가자고 한다				
QUEST_LV_0500_20220302_001552	我還有事要做	아직 할 일이 있다고 한다				
QUEST_LV_0500_20220302_001553	收集物資	물자 모으기				
QUEST_LV_0500_20220302_001554	我會去找物資	물자들을 찾아보겠다고 한다				
QUEST_LV_0500_20220302_001555	這是微不足道的事	시답지 않은 일이라고 한다				
QUEST_LV_0500_20220302_001556	搭建路障	바리케이드 구축				
QUEST_LV_0500_20220302_001557	我會親自幫忙設置	직접 설치해주겠다고 한다				
QUEST_LV_0500_20220302_001558	解決混戰(1)	난전 해결 (1)				
QUEST_LV_0500_20220302_001559	我會去找士兵們	병사들을 찾아보겠다고 한다				
QUEST_LV_0500_20220302_001560	解決混戰(2)	난전 해결 (2)				
QUEST_LV_0500_20220302_001561	解決混戰(3)	난전 해결 (3)				
QUEST_LV_0500_20220302_001562	各得其所	적재 적소				
QUEST_LV_0500_20220302_001563	各自要做的事	각자가 할 일				
QUEST_LV_0500_20220302_001564	那我會整頓好通往德慕爾外城的路	그럼 델무어 외성으로 가는 길을 정리해두고 가겠다고 한다				
QUEST_LV_0500_20220302_001565	我有事要先做	먼저 할 일이 있다고 한다				
QUEST_LV_0500_20220302_001566	先抵達的同伴	먼저 온 동료				
QUEST_LV_0500_20220302_001567	魔族的防禦計畫(1)	마족의 방어 계획 (1)				
QUEST_LV_0500_20220302_001568	魔族的防禦計畫(2)	마족의 방어 계획 (2)				
QUEST_LV_0500_20220302_001569	同意尋找據點	거점을 찾는 데 동의한다				
QUEST_LV_0500_20220302_001570	魔族的防禦計畫(3)	마족의 방어 계획 (3)				
QUEST_LV_0500_20220302_001571	拿下補給路	보급로 확보				
QUEST_LV_0500_20220302_001572	魔族的防禦計畫(4)	마족의 방어 계획 (4)				
QUEST_LV_0500_20220302_001573	趕緊追蹤吧	어서 추적하자고 한다				
QUEST_LV_0500_20220302_001574	魔族的防禦計畫(5)	마족의 방어 계획 (5)				
QUEST_LV_0500_20220302_001575	魔族的防禦計畫(6)	마족의 방어 계획 (6)				
QUEST_LV_0500_20220302_001576	王國軍結構	왕국군 구조				
QUEST_LV_0500_20220302_001577	拉民大將軍	라민 대장군				
QUEST_LV_0500_20220302_001578	稍微休息一下比較好	조금 쉬는 게 좋겠다고 한다				
QUEST_LV_0500_20220302_001579	搜索倖存者	생존자 탐색				
QUEST_LV_0500_20220302_001580	我會遵從命令	명령을 따르겠다고 한다				
QUEST_LV_0500_20220302_001581	需要做些準備來遵守命令	명령을 따르기 위해 준비가 필요하다고 한다				
QUEST_LV_0500_20220302_001582	解除包圍	포위 해제				
QUEST_LV_0500_20220302_001583	機動隊	별동대				
QUEST_LV_0500_20220302_001584	格列斯密的真面目	그레스미의 정체				
QUEST_LV_0500_20220302_001585	凶兆的由來	흉조의 실체				
QUEST_LV_0500_20220302_001586	被丟棄的武器	버려진 무기들				
QUEST_LV_0500_20220302_001587	總體戰	총력전				
QUEST_LV_0500_20220302_001588	我會到崗位上	자리로 가겠다고 한다				
QUEST_LV_0500_20220302_001589	目前還沒準備好	아직 준비가 끝나지 않았다고 한다				
QUEST_LV_0500_20220302_001590	左側戰線(1)	좌측 전선(1)				
QUEST_LV_0500_20220302_001591	左側戰線(2)	좌측 전선(2)				
QUEST_LV_0500_20220302_001592	深入中央	중앙 진출				
QUEST_LV_0500_20220302_001593	右側戰線	우측 전선				
QUEST_LV_0500_20220302_001594	側面突破	측면 돌파				
QUEST_LV_0500_20220302_001595	捷報	승전보				
QUEST_LV_0500_20220302_001596	人類的關卡	인간의 관문				
QUEST_LV_0500_20220302_001597	聽到了	들었다				
QUEST_LV_0500_20220302_001598	沒聽到	못 들었다				
QUEST_LV_0500_20220302_001599	德慕爾激戰地	델무어 격전지				
QUEST_LV_0500_20220302_001600	準備好了	준비가 끝났다고 한다				
QUEST_LV_0500_20220302_001601	跨越門檻	문턱을 넘는다				
QUEST_LV_0500_20220302_001602	莫洛斯的啟示者	모로스의 계시자				
QUEST_LV_0500_20220302_001603	前往王國領莫洛斯官邸	왕국령 모로스 공관 진입				
QUEST_LV_0500_20220302_001604	在夢中少女執意的勸說下，你終於來到了這裡。這是新的開始嗎？雖然現在什麼都還不知道，但只要問看看這裡的人，應該就能找到線索。向官邸警備兵說明狀況後，尋找看看可對話的人吧。	꿈 속 소녀의 집요한 설득으로 당신은 결국 이 곳에 도착했습니다. 이것이 새로운 시작일까요? 아직 아무것도 알 수 없지만 이 곳 사람들에게 물어보면 실마리를 찾을 수 있을 것 같습니다. 공관 경비병에게 사정을 이야기하고 말이 통하는 사람을 찾아봅시다.				
QUEST_LV_0500_20220302_001605	與難民們對話	피난민들과 대화하기				
QUEST_LV_0500_20220302_001606	看來要前往官邸的話，應該會需要一段時間。與入口處的難民們對話，了解一下最近在莫洛斯發生的事情吧。	아무래도 공관으로 들어가려면 시간이 걸릴 것 같습니다. 입구의 피난민들과 대화하며 최근 모로스에서 벌어진 일들을 알아봅시다.				
QUEST_LV_0500_20220302_001607	與少女的幻影對話	소녀의 환영과 대화하기				
QUEST_LV_0500_20220302_001608	長時間出現在你夢裡的少女幻影出現了，她與啟示之夢都要你去尋找該官邸。	오랜 기간 당신의 꿈 속에 나타나 계시의 꿈과 이 공관을 찾아가라고 말하던 소녀의 환영이 나타났습니다. 소녀의 환영과 대화해 봅시다.				
QUEST_LV_0500_20220302_001609	配戴成長裝備	성장 장비 착용				
QUEST_LV_0500_20220302_001610	打開背包，選擇成長裝備後配戴吧。	인벤토리를 열어 성장 장비를 선택하고 착용하세요				
QUEST_LV_0500_20220302_001611	與少女的幻影對話	소녀의 환영과 대화				
QUEST_LV_0500_20220302_001612	與大將軍拉明對話	대장군 라민과 대화				
QUEST_LV_0500_20220302_001613	完成轉職1次	전직 1회 완료				
QUEST_LV_0500_20220302_001614	前往官邸室	공관실 찾아가기				
QUEST_LV_0500_20220302_001615	與卡歐尼拉·亨留西對話	카오닐라 헨류시와 대화				
QUEST_LV_0500_20220302_001616	回去找奧維尼亞狄爾班	오위니아 딜벤에게 되돌아 가기				
QUEST_LV_0500_20220302_001617	使用靈魂投射器	영혼 투사기 사용				
QUEST_LV_0500_20220302_001618	對奧維尼亞狄爾班使用靈魂投射器	오위니아 딜벤에게 영혼 투사기 사용				
QUEST_LV_0500_20220302_001619	休息一下	휴식 취하기				
QUEST_LV_0500_20220302_001620	消滅潛入的魔族幹部	숨어든 마족 간부 처치				
QUEST_LV_0500_20220302_001621	跟隨冉達大師	랑다 마스터 따라가기				
QUEST_LV_0500_20220302_001622	與護衛隊長 黑歐夏對話	호위대장 헤오샤와 대화				
QUEST_LV_0500_20220302_001623	去找歐勒夏的領主伊內沙黑蒙戴伊	오르샤의 영주 이네사 해먼데일을 찾아가기				
QUEST_LV_0500_20220302_001624	歐勒夏的領主正急著找你。{nl}請前往歐勒夏與領主見面。	오르샤의 영주가 급히 당신을 찾고 있습니다{nl}오르샤로 가 영주를 만나세요				
QUEST_LV_0500_20220302_001625	穿過奇勒提瑪斯森林前往德慕爾佃農村	키르티마스 숲을 지나 델무어 소작촌으로 가기				
QUEST_LV_0500_20220302_001626	據歐勒夏領主所言，為了對抗侵略奇雷恩地方的觀看者兵力，王國軍對觀看者的大本營德慕爾進行了攻擊。{nl}帕亞烏塔雖然早早就加入王國軍，但她希望你也能協助王國軍。{nl}前往德慕爾佃農村可以走蓮帕拉沙池塘與奇勒提瑪斯森林連接起來的陸路， 但受戰爭波及，連接蓮帕拉沙池塘的道路目前是中斷的。{nl}請穿過奇勒提瑪斯森林，前往德慕爾佃農村。{nl}	오르샤 영주의 말에 의하면, 키렌 지방을 침공한 주시자의 군세에 맞서기 위하여 왕국군이 주시자의 본거지인 델무어를 공격했다고 합니다{nl}파야우타는 일찍이 왕국군에 합류했으며 그녀는 당신 역시 왕국군에 가세해 주기를 바라고 있습니다{nl}델무어 소작촌으로 가는 방법은 렘파라사 연못과 키르티마스 숲을 통해 이어진 육로가 있으나, 전쟁의 여파로 렘파라사 연못과 이어진 통로는 차단된 상태입니다{nl}키르티마스 숲을 지나 델무어 소작촌으로 이동하세요{nl}				
QUEST_LV_0500_20220302_001627	與百夫長大師對話	센츄리온 마스터와 대화하기				
QUEST_LV_0500_20220302_001628	一進到德慕爾佃農村就見到交戰中的王國軍與百夫長大師。{nl}百夫長大師看起來似乎知道你。{nl}請與百夫長大師對話。	델무어 소작촌에 진입하자 교전 중이던 왕국군과 센츄리온 마스터를 만났습니다{nl}센츄리온 마스터는 당신을 알고 있는 눈치입니다{nl}센츄리온 마스터와 이야기하세요				
QUEST_LV_0500_20220302_001629	百夫長大師說他從帕亞烏塔那邊聽到了你的事蹟。{nl}不過閒聊就留到下次，請與百夫長大師對話，與他會合。	센츄리온 마스터는 파야우타로 부터 당신의 이야기를 들었다고 합니다{nl}그러나 사담은 다음을 기약하고 센츄리온 마스터와 합류할 수 있도록 그와 이야기하세요				
QUEST_LV_0500_20220302_001630	尋找分散的士兵們	흩어진 병사들을 찾기				
QUEST_LV_0500_20220302_001631	百夫長大師說他受帕亞烏塔委託，守在這裡為了讓你順利與王國軍本部會合。{nl}然而他卻沒能在敵人的攻勢下堅守住，士兵們目前正四散各處與敵人交戰。{nl}必須幫助百夫長大師集結四散的士兵，讓王國軍在戰爭中取得勝利。	센츄리온 마스터는 파야우타의 부탁으로 당신을 왕국군 본대에 무사히 합류시키기 위해 이곳을 지키던 중이었습니다{nl}그러나 적의 공세에 오래 버티지는 못했고 그를 따르던 병사들이 흩어져 곳곳에서 교전 중이라고 합니다{nl}전쟁에서 왕국군이 승리할 수 있도록 센츄리온 마스터를 도와 흩어진 병사들을 합류시켜야 합니다				
QUEST_LV_0500_20220302_001632	找到了部分交戰中的士兵。{nl}前往下個區域前，請與百夫長大師對話。	교전 중이던 병사들을 일부 찾았습니다{nl}다음 지역으로 이동하기 전에 센츄리온 마스터와 대화하세요				
QUEST_LV_0500_20220302_001633	找到了部分士兵。{nl}前往下個區域前，請與百夫長大師對話。	병사들을 일부 찾았습니다{nl}다음 지역으로 이동하기 전에 센츄리온 마스터와 대화하세요				
QUEST_LV_0500_20220302_001634	尋找隱藏在劣勢中的士兵	열세 속에 숨어 있는 병사들을 찾아보기				
QUEST_LV_0500_20220302_001635	請前往附近地區驅逐敵人，找到士兵們。	가까운 지역으로 이동해 적들을 몰아내고 병사들을 찾으세요				
QUEST_LV_0500_20220302_001636	找到了一部分躲起來的士兵。{nl}前往下個區域前，請與百夫長大師對話。	숨어있던 병사들을 일부 찾았습니다{nl}다음 지역으로 이동하기 전에 센츄리온 마스터와 대화하세요				
QUEST_LV_0500_20220302_001637	請與百夫長大師對話	센츄리온 마스터와 대화하세요				
QUEST_LV_0500_20220302_001638	打倒周遭的怪物，獲取可做為武器的東西。	주변의 몬스터를 처치하고 무기로 쓸만한 것들을 획득하기				
QUEST_LV_0500_20220302_001639	為了應對以後的戰鬥，士兵們必須要有能戰鬥的條件。{nl}請從變異雪貂手上奪取武器。	앞으로 있을 전투에 대비하기 위해 병사들이 싸울 수 있는 여건이 되어야 합니다{nl}블릭페릿들로부터 무기를 탈취하세요				
QUEST_LV_0500_20220302_001640	已經拿到了足夠多的武器。{nl}請與百夫長大師對話。	충분히 많은 무기를 확보했습니다{nl}센츄리온 마스터와 대화하세요				
QUEST_LV_0500_20220302_001641	與百夫長大師商議下個目標	센츄리온 마스터와 다음 목표에 대해 상의하세요				
QUEST_LV_0500_20220302_001642	找出變異雪貂之間的聯絡書並將其消滅	블릭페릿 사이에서 연락책을 찾아 처치하기				
QUEST_LV_0500_20220302_001643	找到了大部分四散在德慕爾佃農村的士兵。{nl}然而變異雪貂也感知到了你與百夫長大師的行動。{nl}請找到負責聯絡書的敵人並將其消滅，拖延他們集結的時間。	델무어 소작촌에 흩어진 병사들은 대부분 찾았습니다{nl}그러나 당신과 센츄리온 마스터의 움직임을 블릭페릿들도 감지했습니다{nl}적들의 집결 시간을 지연시키기 위해 연락책을 맡은 적들을 찾아 제거하세요				
QUEST_LV_0500_20220302_001644	已經消滅足夠數量的聯絡書。{nl}請與百夫長大師對話。	연락책들을 찾아 충분히 제거했습니다{nl}센츄리온 마스터와 대화하세요				
QUEST_LV_0500_20220302_001645	確認前往德慕爾莊園的移動裝置	델무어 장원으로 가는 이동 장치 확인하기				
QUEST_LV_0500_20220302_001646	過去有銜接德慕爾佃農村與德慕爾外城的升降機。{nl}為了確認升降機是否可使用，請在伊薛提十字路口沿著上方的路走，確認升降機。	과거 델무어 소작촌과 델무어 외성을 잇던 승강기가 있습니다{nl}승강기를 사용할 수 있는 지 확인하기 위해 이쉰티 사거리에서 윗길을 따라가 승강기를 확인하세요				
QUEST_LV_0500_20220302_001647	巨大的克魯比那屏障將升降機完全摧毀了。{nl}請與百夫長大師對話。	거대한 크루비나 장벽이 승강기를 완전히 박살 냈습니다{nl}센츄리온 마스터와 대화하세요				
QUEST_LV_0500_20220302_001648	為了探索前往德慕爾莊園的方法，請與百夫長大師進行商議	델무어 장원으로 이동할 방법을 모색하기 위해 센츄리온 마스터와 상의하세요				
QUEST_LV_0500_20220302_001649	拿下德慕爾莊園入口區域	델무어 장원 입구 지역을 확보하기				
QUEST_LV_0500_20220302_001650	拿下連接德慕爾莊園的陸路是唯一的辦法。{nl}請與百夫長大師和他的士兵們一起攻擊德慕爾莊園入口周遭，拿下入口。	델무어 장원으로 이어진 육로를 확보하는 게 유일한 방법입니다{nl}센츄리온 마스터와 그의 병사들과 함께 델무어 장원 진입지 근처를 공격해 입구를 확보하세요				
QUEST_LV_0500_20220302_001651	成功拿下了德慕爾莊園出入口周圍。{nl}請與德慕爾莊園入口附近的百夫長大師對話。	델무어 장원 진입지 근처를 성공적으로 확보했습니다{nl}델무어 장원 입구 근처의 센츄리온 마스터와 대화하세요				
QUEST_LV_0500_20220302_001652	前往德慕爾莊園前，請與百夫長大師對話。	델무어 장원으로 이동하기 전에 센츄리온 마스터와 대화하세요				
QUEST_LV_0500_20220302_001653	在德慕爾莊園與百夫長大師會合，並調查附近區域。	델무어 장원에서 센츄리온 마스터와 합류하고 근처를 조사하기				
QUEST_LV_0500_20220302_001654	德慕爾莊園中應該也有正在交戰的王國軍。{nl}請先在德慕爾莊園中與百夫長大師會合，然後調查周遭。	델무어 장원에서도 교전 중인 왕국군들이 있을 겁니다{nl}우선 델무어 장원에서 센츄리온 마스터와 합류하고 근처를 조사하세요				
QUEST_LV_0500_20220302_001655	已救下在德慕爾莊園中命懸一線的王國軍。{nl}請與百夫長大師對話。	델무어 장원에서 위기에 처해 죽을 뻔한 왕국군을 구했습니다{nl}센츄리온 마스터와 대화하세요				
QUEST_LV_0500_20220302_001656	百夫長大師表達了對戰況不佳的憂慮。{nl}然而這種狀況下必須找出能做的事。{nl}請與百夫長大師商量。	센츄리온 마스터는 전황이 안좋다는 우려를 표했습니다{nl}그러나 이런 상황에서 할 수 있는 일을 찾아야만 합니다{nl}센츄리온 마스터와 상의하세요				
QUEST_LV_0500_20220302_001657	收集補強臨時據點的物資	임시 거점을 보강할 물자를 모으기				
QUEST_LV_0500_20220302_001658	百夫長大師表示需要讓陷入恐慌或受傷的士兵有安全的臨時休息處。{nl}此處是戰場，周遭有很多殘破的物資。{nl}可以收集物資製作簡單的路障。	센츄리온 마스터는 공황을 겪고 있거나 다친 병사들이 잠시나마 안전한 휴식을 취할 수 있는 장소가 필요하다고 합니다{nl}현재 이곳은 전쟁터이고 주변에는 부서진 자재들이 많습니다{nl}간단한 바리케이드를 만들 수 있는 물자를 모을 수 있습니다				
QUEST_LV_0500_20220302_001659	將物資交給百夫長大師	센츄리온 마스터에게 물자를 가져다주기				
QUEST_LV_0500_20220302_001660	已經拿到足夠的殘破物資，{nl}也切掉了附近一些被丟棄的帳篷，收集了可用的部分。{nl}請把所有物資交給百夫長大師。	부족하지 않을 만큼 부서진 자재를 확보했으며{nl}근처에서 버려진 텐트의 일부를 잘라내 쓸만한 텐트 자재도 모았습니다{nl}센츄리온 마스터에게 모은 물자들을 가져가세요				
QUEST_LV_0500_20220302_001661	多虧你收集的物資，才能準備好讓傷兵們能平躺的臨時帳篷。{nl}請與百夫長大師對話。	당신이 모아온 물자 덕분에 부상병들을 눕게 할 임시 텐트도 마련했습니다{nl}센츄리온 마스터와 대화하세요				
QUEST_LV_0500_20220302_001662	在據點設置路障	거점에 바리게이트 설치하기				
QUEST_LV_0500_20220302_001663	請在指定地點設置路障，以利防禦臨時據點。	임시 거점을 방어할 수 있도록 지정된 곳에 바리케이드를 설치하세요				
QUEST_LV_0500_20220302_001664	向百夫長大師報告結果	센츄리온 마스터에게 결과를 보고하기				
QUEST_LV_0500_20220302_001665	已設置了足夠的路障。{nl}請與百夫長大師對話。	바리케이드를 충분히 설치했습니다{nl}센츄리온 마스터와 대화하세요				
QUEST_LV_0500_20220302_001666	幫助在城壁重建區域戰鬥中的士兵，引導他們到據點。	성벽 재건 구역에서 전투 중인 병사들을 돕고 병사들을 거점으로 안내하기				
QUEST_LV_0500_20220302_001667	請在城壁重建區域中找到王國軍，掃除與之交戰的敵人後，命令他們退至臨時據點。	성벽 재건 구역에서 교전 중인 왕국군들을 찾아 그들과 교전 중인 적들을 몰아내고, 왕국군들이 임시 거점으로 후퇴하도록 명령하세요				
QUEST_LV_0500_20220302_001668	移動至下一個地區	다음 지역으로 이동하기				
QUEST_LV_0500_20220302_001669	幫助在卡爾博斯空地戰鬥中的士兵，引導他們到據點。	칼보스 공터에서 전투 중인 병사들을 돕고 병사들을 거점으로 안내하기				
QUEST_LV_0500_20220302_001670	請在卡爾博斯空地中找到王國軍，掃除與之交戰的敵人後，命令他們退至臨時據點。	칼보스 공터에서 교전 중인 왕국군들을 찾아 그들과 교전 중인 적들을 몰아내고, 왕국군들이 임시 거점으로 후퇴하도록 명령하세요				
QUEST_LV_0500_20220302_001671	幫助在拉塔斯十字路口戰鬥中的士兵，引導他們到據點。	라타스 사거리에서 전투 중인 병사들을 돕고 병사들을 거점으로 안내하기				
QUEST_LV_0500_20220302_001672	請在拉塔斯十字路口中找到王國軍，掃除與之交戰的敵人後，命令他們退至臨時據點。	라타스 사거리에서 교전 중인 왕국군들을 찾아 그들과 교전 중인 적들을 몰아내고, 왕국군들이 임시 거점으로 후퇴하도록 명령하세요				
QUEST_LV_0500_20220302_001673	移動至工房街	공방 거리로 이동하기				
QUEST_LV_0500_20220302_001674	請在工房街中找到王國軍，掃除與之交戰的敵人後，命令他們退至臨時據點。	공방 거리에서 교전 중인 왕국군들을 찾아 그들과 교전 중인 적들을 몰아내고, 왕국군들이 임시 거점으로 후퇴하도록 명령하세요				
QUEST_LV_0500_20220302_001675	消滅攻擊我軍據點的敵人	아군 거점을 공격하는 적들을 저지하기				
QUEST_LV_0500_20220302_001676	敵人集結起來打算攻擊王國軍的臨時據點。{nl}請阻止襲來的敵人。	적들이 왕국군의 임시 거점을 공격하기 위해 집결했습니다{nl}공격해오는 적들을 막으세요				
QUEST_LV_0500_20220302_001677	幸虧你來得及時，臨時據點才能守住。{nl}請與百夫長大師對話。	다행히 당신이 늦지 않은 덕에 임시 거점을 지켜낼 수 있었습니다{nl}센츄리온 마스터와 대화하세요				
QUEST_LV_0500_20220302_001678	請保住德慕爾外城入口，並前往德慕爾外城	델무어 외성 진입로를 확보하고 델무어 외성으로 이동하기				
QUEST_LV_0500_20220302_001679	百夫長大師為了召集四散的士兵，決定留在這裡的臨時據點。{nl}他打算重新整備完成後再與本部會合。{nl}為了那一天的到來，請掃除守在德慕爾外城道路的敵人。	센츄리온 마스터는 아직 흩어져 있는 병사들을 규합하기 위해 이곳 임시 거점에 남겠다고 합니다{nl}추후 그가 재정비를 마치면 본대에 합류할 계획입니다{nl}그때를 위해 델무어 외성으로 이어지는 통로를 지키는 적들을 몰아내세요				
QUEST_LV_0500_20220302_001680	前往德慕爾外城	델무어 외성으로 이동하기				
QUEST_LV_0500_20220302_001681	請往德慕爾外城移動	델무어 외성으로 이동하세요				
QUEST_LV_0500_20220302_001682	在德慕爾外城見到了帕亞烏塔。{nl}請與帕亞烏塔對話。	델무어 외성에서 파야우타를 만났습니다{nl}파야우타와 이야기를 나누세요				
QUEST_LV_0500_20220302_001683	聽聽看帕亞烏塔在這個地方做什麼。	파야우타가 이곳에서 무엇을 하고 있었는 들어보세요				
QUEST_LV_0500_20220302_001684	掃蕩目標據點的敵人，並奪取持有物	목표 지점의 적들을 소탕하고 소지품을 탈취하기				
QUEST_LV_0500_20220302_001685	帕亞烏塔受王國軍指揮官大將軍之命正在尋找敵人的據點。{nl}推測敵人的據點中應有敵人持有的防禦計畫書與作戰文書，請與帕亞烏塔一起行動。{nl}請攻擊正在戴加倫姆入口集結的敵人。	파야우타는 왕국군의 지휘관인 대장군의 명령으로 적들의 거점을 찾고 있었습니다{nl}적의 거점에서 적들이 가지고 있을 거라 추정되는 방어 계획서들과 작전 문서를 찾기 위해 파야우타와 함께 움직이세요{nl}데가름 진입로에 집결 중인 적들을 공격하세요				
QUEST_LV_0500_20220302_001686	獲得了德慕爾佃農村與德慕爾莊園的防禦計畫圖。{nl}請與帕亞烏塔對話。	델무어 소작촌과 델무어 장원의 방어 계획도를 획득했습니다{nl}파야우타와 대화하세요				
QUEST_LV_0500_20220302_001687	獲得防禦計畫圖	방어 계획도 획득				
QUEST_LV_0500_20220302_001688	與帕亞烏塔談論下個計畫	파야우타와 다음 계획을 이야기하기				
QUEST_LV_0500_20220302_001689	兩張防禦計畫圖都是已經經過的地方，沒有太大用處。{nl}為了下一步計畫，請與帕亞烏塔對話。	두 방어 계획도는 이미 지나온 곳이라 큰 소용이 있지는 않습니다{nl}다음 계획을 위해 파야우타와 대화하세요				
QUEST_LV_0500_20220302_001690	在目標據點內調查怪物的足跡	목표 지점에서 몬스터들의 족적을 조사하기				
QUEST_LV_0500_20220302_001691	帕亞烏塔表示至少確認了敵人們手上有防禦計畫圖，並鼓足了幹勁。{nl}為了尋找敵人據點，請在連接德慕爾外城各處的泰吉卡岔路中調查足跡。	파야우타는 적어도 적들이 방어 계획도를 가지고 있다는 사실을 확인했다며 의기를 다졌습니다{nl}적의 거점을 찾기 위해 델무어 외성 곳곳으로 이어져 있는 타지카 갈림길에서 족적을 조사하세요				
QUEST_LV_0500_20220302_001692	和帕亞烏塔談談足跡的調查結果	족적의 조사 결과를 파야우타와 이야기하기				
QUEST_LV_0500_20220302_001693	有許多足跡連接到奧蘭集會場{nl}請和帕亞烏塔討論足跡	유난히 많은 족적이 오렘 집회장으로 이어져 있습니다{nl}파야우타와 족적에 대해 논의하세요				
QUEST_LV_0500_20220302_001694	和帕亞烏塔討論下個計劃	파야우타와 다음 계획을 논의하기				
QUEST_LV_0500_20220302_001695	請和帕亞烏塔商議下個計劃	다음 계획에 대해 파야우타와 상의하세요				
QUEST_LV_0500_20220302_001696	根據足跡襲擊敵人的據點	족적을 따라 적의 거점을 습격하기				
QUEST_LV_0500_20220302_001697	帕亞烏塔說前往奧蘭集會場後，就會看見敵人們的據點。{nl}請前往奧蘭集會場消滅敵人，並破壞據點吧。	파야우타는 오렘 집회장으로 가면 적들의 거점이 있을 거라고 합니다{nl}오렘 집회장으로 이동해 적들을 처치하고 거점을 파괴하세요				
QUEST_LV_0500_20220302_001698	雖然破壞了據點，但是沒能找到防禦計劃圖。{nl}請和帕亞烏塔交談吧。	거점을 파괴했지만, 방어 계획도는 찾지 못했습니다{nl}파야우타와 이야기하세요				
QUEST_LV_0500_20220302_001699	帕亞烏塔留心觀察著奧蘭集會場的上方道路。{nl}請聽聽帕亞烏塔的想法吧。	파야우타는 오렘 집회장의 윗길을 유심히 살피고 있습니다{nl}파야우타의 생각을 들어보세요				
QUEST_LV_0500_20220302_001700	確保與蓮帕拉沙池塘連接的補給路的安全	렘파라사 연못과 이어지는 보급로의 안전을 확보하기				
QUEST_LV_0500_20220302_001701	雖然奧蘭集會場的上方道路和歐勒夏的領主所說的蓮帕拉沙池塘連結，但是受到戰爭的影響，現在是被封鎖的通道。{nl}為了我軍的補給路，請確保通道	오렘 집회장의 윗길이 바로 오르샤의 영주가 말한 렘파라사 연못과 연결되었으나 전쟁의 여파로 차단된 통로입니다{nl}아군의 보급로를 확보하기 위해 통로를 확보하세요				
QUEST_LV_0500_20220302_001702	已消滅為了擋住被封鎖的通道而一擁而上的敵人了{nl}請和帕亞烏塔交談吧。	차단된 통로를 막아서기 위해 몰려오는 적들을 저지했습니다{nl}파야우타와 대화하세요				
QUEST_LV_0500_20220302_001703	請和帕亞烏塔商議下個計劃	파야우타와 다음 계획에 대해 상의하세요				
QUEST_LV_0500_20220302_001704	追擊離開據點且在移動中的怪物	거점에서 벗어나 이동 중인 몬스터를 추적하기				
QUEST_LV_0500_20220302_001705	帕亞烏塔說據點裡還有其它的足跡。{nl}因為是剛留下不久的足跡，可以追蹤{nl}移動到足跡所連接的外城廣場並消滅敵人，尋找防禦計劃書吧	파야우타의 말에 의하면 거점에서 이어지는 또 다른 족적들이 있다고 합니다{nl}생긴 지 얼마 안 된 족적이니 추적할 수 있습니다{nl}족적이 이어지는 외성 광장으로 이동해 적들을 처치하고 방어 계획서를 찾으세요				
QUEST_LV_0500_20220302_001706	找到德慕爾外城的防禦計劃書了{nl}請給帕亞烏塔看吧。	델무어 외성의 방어 계획서를 찾았습니다{nl}파야우타에게 보여주세요				
QUEST_LV_0500_20220302_001707	獲得防禦計劃書	방어 계획서 획득				
QUEST_LV_0500_20220302_001708	關於下個計劃，請以德慕爾外城的防禦計劃圖為基礎，與帕亞烏塔商議吧	다음 계획에 대해 델무어 외성의 방어 계획도를 토대로 파야우타와 상의하세요				
QUEST_LV_0500_20220302_001709	破壞敵人的主要據點	적의 주요 거점을 파괴하기				
QUEST_LV_0500_20220302_001710	根據德慕爾外城的防禦計劃圖，城堡山頂地區有規模較大的據點{nl}如果是那地方，應該可以找到剩餘的防禦計劃圖和作戰文件{nl}請消滅在城堡山頂的敵人們並破壞據點吧	델무어 외성의 방어 계획도에 따르면 성채 마루 지역에 규모가 큰 거점이 있습니다{nl}그곳이라면 나머지 방어 계획도와 작전 문서를 찾을 수 있을 겁니다{nl}성채 마루에 있는 적들을 처치하고 거점을 파괴하세요				
QUEST_LV_0500_20220302_001711	已破壞所有據點了{nl}請與帕亞烏塔對話	거점을 모조리 파괴했습니다{nl}파야우타와 대화하세요				
QUEST_LV_0500_20220302_001712	為了下個計劃，請與帕亞烏塔對話吧	다음 계획을 위해 파야우타와 대화하세요				
QUEST_LV_0500_20220302_001713	攻擊上部據點	상부 거점을 공격하기				
QUEST_LV_0500_20220302_001714	請攻擊和城堡山頂連結的上部據點	성채 마루와 이어져 있는 상부 거점을 공격하세요				
QUEST_LV_0500_20220302_001715	在時間內破壞%s	시간내에 %s 파괴하기				
QUEST_LV_0500_20220302_001716	在德慕爾內城尋找帕亞烏塔	델무어 내성에서 파야우타를 찾기				
QUEST_LV_0500_20220302_001717	已確保所有德慕爾內城和庭園的防禦計劃圖和作戰文件了{nl}請移動至德慕爾內城和帕亞烏塔見面	모든 델무어 내성과 정원의 방어 계획도와 작전문서를 확보했습니다{nl}델무어 내성으로 이동해 파야우타를 찾으세요				
QUEST_LV_0500_20220302_001718	與帕亞烏塔一起存活下來	파야우타와 함께 살아남기				
QUEST_LV_0500_20220302_001719	帕亞烏塔釋放的可疑力量吞噬了附近的敵人和王國軍{nl}雖然不知道是什麼原因，但請從對騷亂作出反應一擁而上的敵人那裡存活下來吧	파야우타로 부터 방출된 의문의 힘이 근처의 적들과 왕국군까지 집어삼켰습니다{nl}어떻게 된 영문인지는 모르겠지만, 소란에 반응해 몰려오는 적들로부터 살아남으세요				
QUEST_LV_0500_20220302_001720	幸好攻擊好像都平靜下來了{nl}請確認帕亞烏塔的狀態	다행히 공격이 잠잠해진 듯합니다{nl}파야우타의 상태를 확인하세요				
QUEST_LV_0500_20220302_001721	帕亞烏塔本人也顯得相當驚慌{nl}請和帕亞烏塔對話	파야우타 본인도 적지 않게 당황해 보입니다{nl}파야우타와 대화하세요				
QUEST_LV_0500_20220302_001722	去找王國軍的據點	왕국군의 거점을 찾아가기				
QUEST_LV_0500_20220302_001723	據說大將軍拉民率領的王國軍主力部隊正在附近建立據點。{nl}請去找王國軍據點	라민 대장군이 이끄는 왕국군 본대가 근처에 거점을 지었다고 합니다{nl}왕국군 거점을 찾아가세요				
QUEST_LV_0500_20220302_001724	去找大將軍拉民	대장군 라민을 찾기				
QUEST_LV_0500_20220302_001725	請到王國軍據點與大將軍拉民見面	왕국군 거점에서 라민 대장군을 찾으세요				
QUEST_LV_0500_20220302_001726	與大將軍拉民對話	대장군 라민과 대화하기				
QUEST_LV_0500_20220302_001727	找到大將軍拉民了{nl}請與大將軍交談	라민 대장군을 찾았습니다{nl}대장군과 이야기를 나누세요				
QUEST_LV_0500_20220302_001728	尋找掉隊的偵察兵並護衛至據點	낙오된 정찰병을 찾아 거점까지 호위하기				
QUEST_LV_0500_20220302_001729	帕亞烏塔決定留在據點，幫助解讀文件{nl}在這期間，拉民指示你去尋找掉隊的偵察兵。{nl}搜索被切斷的補給線，然後尋找掉隊的偵察兵，護送他到據點吧。	파야우타는 거점에 남아 문서들의 판독을 돕기로 했습니다{nl}그사이 라민은 당신에게 낙오된 정찰병을 찾을 것을 지시했습니다{nl}차단된 보급로를 수색하고 낙오된 정찰병을 찾아 거점까지 호위하세요				
QUEST_LV_0500_20220302_001730	把掉隊的偵察兵安全地護到據點了{nl}請向大將軍拉民報告	낙오되었던 정찰병을 무사히 거점까지 호위했습니다{nl}라민 대장군에게 보고하세요				
QUEST_LV_0500_20220302_001731	和拉民大將軍一起聽取被救出的偵查兵的報告吧	라민 대장군과 함께 구출된 정찰병의 보고를 들으세요				
QUEST_LV_0500_20220302_001732	消滅據點前面的敵人們	거점 앞의 적들을 처치하기				
QUEST_LV_0500_20220302_001733	為了尋找被推測為敵人首領的魔族，你和帕亞烏塔、大將軍將組成機動隊行動。{nl}拉民大將軍和帕亞烏塔組織機動隊的期間，請消滅包圍據點的前方敵人吧	적의 우두머리로 추정되는 마족을 찾기 위해 당신과 파야우타, 대장군은 별동대를 꾸려 움직일 겁니다{nl}라민 대장군과 파야우타가 별동대를 꾸리는 동안 거점을 포위하고 있는 전방의 적들을 처치하세요				
QUEST_LV_0500_20220302_001734	向大將軍拉民報告	대장군 라민에게 보고하기				
QUEST_LV_0500_20220302_001735	已適當地處理了包圍據點的敵人們{nl}請向拉民大將軍報告	거점을 포위하고 있던 적들을 적당히 정리했습니다{nl}라민 대장군에게 보고하세요				
QUEST_LV_0500_20220302_001736	機會隊即將結束準備{nl}請和拉民大將軍對話	곧 별동대가 준비를 마칠 겁니다{nl}라민 대장군과 대화하세요				
QUEST_LV_0500_20220302_001737	前往中心地	중심지로 향하기				
QUEST_LV_0500_20220302_001738	為了讓機動隊出發，請前往中心地吧{nl}機動隊會各自前往自己所負責的道路{nl}你也負責一個道路，消滅敵人前進吧	별동대가 출발하기 위해 중심지로 향하세요{nl}별동대는 각자 맡은 길로 흩어질 겁니다{nl}당신도 한 경로를 맡아 적들을 처치하고 나아가세요				
QUEST_LV_0500_20220302_001739	消滅敵人並前進	적을 처치하고 나아가기				
QUEST_LV_0500_20220302_001740	確認通往下一個地點的道路上的黑色形狀	다음 지점으로 가는 길의 검은 형상을 확인하기				
QUEST_LV_0500_20220302_001741	在連接中心地帶和侵蝕地區的道路上，有一個未知的黑色形狀	중심지와 침식 지역 사이를 잇는 길에 정체를 알 수 없는 검은 형상이 있습니다{nl}검은 형상을 조사하세요				
QUEST_LV_0500_20220302_001742	侵蝕地區有注視者的黑色水晶{nl}注視者的黑色水晶正在侵蝕雪貂們{nl}如果繼續這樣下去，也會給王國軍帶來很大的傷害{nl}請找出破壞注視者的黑色水晶的方法{nl}或許可以找到使注視者的黑色水晶過度負荷的力量	침식 지역에 주시자의 검은 수정이 있습니다{nl}주시자의 검은 수정이 페릿들을 침식하고 있습니다{nl}이대로 둔다면 왕국군에게도 큰 피해를 가져올 겁니다{nl}주시자의 검은 수정을 파괴할 방법을 찾아보세요{nl}어쩌면 주시자의 검은 수정을 과부하 시킬 힘을 찾아볼 수 있을 겁니다				
QUEST_LV_0500_20220302_001743	移動至烏鴉巢穴	까마귀 둥지로 이동하기				
QUEST_LV_0500_20220302_001744	已成功破壞注視者的黑色水晶{nl}請移動至烏鴉巢穴地區	주시자의 검은 수정을 성공적으로 파괴했습니다{nl}까마귀 둥지 지역으로 이동하세요				
QUEST_LV_0500_20220302_001745	消滅格列斯密特魯斯	그레스미 트루스를 처치하기				
QUEST_LV_0500_20220302_001746	到達烏鴉巢穴，偵察兵應該看過的敵人首領出現了{nl}請消滅格列斯密特魯斯	까마귀 둥지에 도착하자, 정찰병이 보았을 법한 적의 우두머리가 나타났습니다{nl}그레스미 트루스를 처치하세요				
QUEST_LV_0500_20220302_001747	和拉民大將軍對話	라민 대장군과 이야기하기				
QUEST_LV_0500_20220302_001748	正好到達的拉民大將軍和帕亞烏塔一起消滅了格列斯密特魯斯{nl}在移動到下個地區之前，請和拉民大將軍對話	때마침 도착한 라민 대장군과 파야우타와 함께 그레스미 트루스를 처치했습니다{nl}다음 지역으로 이동하기 전에 라민 대장군과 대화하세요				
QUEST_LV_0500_20220302_001749	在德慕爾庭園與拉民大將軍會合	델무어 정원에서 라민 대장군과 합류하기				
QUEST_LV_0500_20220302_001750	請前往德慕爾庭園與拉民大將軍會合	델무어 정원으로 가서 라민 대장군과 합류하세요				
QUEST_LV_0500_20220302_001751	請收集變質的士兵們所丟棄的補給品	변질되어 버린 병사들이 버려둔 보급품을 모으세요				
QUEST_LV_0500_20220302_001752	拉民大將軍說在戰鬥之前，應該要激勵累積許多疲勞感的士兵{nl}在德慕爾庭園大搖大擺的變質士兵們丟棄了他們生前使用的武器，所以下達幫助重新整頓的命令。{nl}為了重新整備，請確認被丟棄的補給品，還有為了拉民大將軍的演說，請設置旗幟	라민 대장군은 전투에 앞서 많은 피로감이 누적된 병사들을 독려해야한다고 합니다{nl}델무어 정원을 활보하는 변질된 병사들이 생전에 사용하던 무기들을 버려두었으니, 재정비를 도우라는 명령 하달했습니다{nl}재정비를 위해 버려진 보급품을 확인하고, 라민 대장군의 연설을 위해 깃발을 설치하세요				
QUEST_LV_0500_20220302_001753	向拉民大軍將報告準備就緒	라민 대장군에게 준비가 끝났음을 보고하기				
QUEST_LV_0500_20220302_001754	已確保補給品並設置旗幟{nl}請向拉民大軍將報告準備已就緒。	보급품을 확보 했고 깃발을 설치했습니다{nl}라민 대장군에게 준비가 끝났음을 보고하세요				
QUEST_LV_0500_20220302_001755	從被棄置的補給品回收武器	방치된 보급품에서 무기 회수				
QUEST_LV_0500_20220302_001756	從被棄置的補給品回收急救工具	방치된 보급품에서 긴급 구급 키트 회수				
QUEST_LV_0500_20220302_001757	回收折斷的歐勒夏旗幟	부러진 오르샤 깃발 회수				
QUEST_LV_0500_20220302_001758	與拉民大將軍對話	라민 대장군과 대화하기				
QUEST_LV_0500_20220302_001759	拉民大將軍的演說就快要開始了{nl}請與拉民大將軍對話	라민 대장군의 연설이 곧 시작됩니다{nl}라민 대장군과 이야기하세요				
QUEST_LV_0500_20220302_001760	移動至目標據點	목표 지점으로 이동하기				
QUEST_LV_0500_20220302_001761	拉民大將軍的演說就快要開始了{nl}請移動至目標據點	라민 대장군의 연설이 곧 시작됩니다{nl}목표 지점으로 이동하세요				
QUEST_LV_0500_20220302_001762	攻擊左側戰線	좌측 전선을 공격하기				
QUEST_LV_0500_20220302_001763	戰鬥開始了！{nl}請攻擊左側戰線	전투가 시작되었습니다!{nl}좌측 전선을 공격하세요				
QUEST_LV_0500_20220302_001764	繼續往左側戰線前進	좌측 전선으로 계속 나아가기				
QUEST_LV_0500_20220302_001765	移動至中央增援拉民大將軍	중앙으로 이동해 라민 대장군을 증원하기				
QUEST_LV_0500_20220302_001766	左側戰線被堵住了{nl}請移動至中央戰線，幫助拉民大將軍	좌측 전선이 막혔습니다{nl}중앙 전선으로 이동해 라민 대장군을 지원하세요				
QUEST_LV_0500_20220302_001767	加入右側戰線，幫助帕亞烏塔	우측 전선으로 합류해 파야우타를 돕기				
QUEST_LV_0500_20220302_001768	請遵從拉民大將軍的命令，在右側戰線幫助帕亞烏塔	라민 대장군의 명령에 따라 우측 전선에서 파야우타를 도우세요				
QUEST_LV_0500_20220302_001769	沿著右側戰線前進	우측 전선을 따라 나아가기				
QUEST_LV_0500_20220302_001770	已和帕亞烏塔會合了{nl}請一起突破右側戰線	파야우타와 합류했습니다{nl}함께 우측 전선을 돌파하세요				
QUEST_LV_0500_20220302_001771	對前院地區進行總攻擊	앞마당 지역을 총공격하기				
QUEST_LV_0500_20220302_001772	終於只剩下最後的攻擊地點了{nl}請和王國軍的總攻擊一起攻擊前院吧	마침내 마지막 공격 지점만이 남았습니다{nl}왕국군의 총공격과 함께 앞마당을 공격하세요				
QUEST_LV_0500_20220302_001773	在所有的戰爭中獲得勝利了{nl}拉民大將軍正在等待與你對話{nl}請和拉民大將軍對話	모든 전투에서 승리했습니다{nl}라민 대장군이 당신과 대화하기를 기다리고 있습니다{nl}라민대장군과 대화하세요				
QUEST_LV_0500_20220302_001774	戰爭的勝機似乎靠向我軍了{nl}請和拉民大將軍談論下個計劃。	전쟁의 승기가 아군 쪽으로 기울어 보입니다{nl}라민 대장군과 다음 계획에 대해서 이야기하세요				
QUEST_LV_0500_20220302_001775	剛才的戰爭雖然勝利了，但戰爭還沒有結束{nl}請與拉民大將軍對話	방금의 전투는 이겼으나, 전쟁은 아직 끝나지 않았습니다{nl}라민 대장군과 대화하세요				
QUEST_LV_0500_20220302_001776	與拉民大將軍會合	라민 대장군과 합류하기				
QUEST_LV_0500_20220302_001777	拉民大將軍和王國軍結束重新整頓了。{nl}為了進入德慕爾內部的最後一場戰鬥，請與拉民大將軍會合。	라민 대장군과 왕국군이 재정비를 끝마쳐갑니다.{nl}델무어 내부로 들어가기 위한 마지막 전투를 위해 라민 대장군과 합류하세요.				
QUEST_LV_0500_20220302_001778	完成[女神：德慕爾激戰地]	[가디스 : 델무어 격전지] 완수하기				
QUEST_LV_0500_20220302_001779	請完成女神遠征隊德慕爾激戰地	가디스 레이드 델무어 격전지를 완수하세요				
QUEST_LV_0500_20220302_001780	請與拉民大將軍對話	라민 대장군과 대화하세요				
QUEST_LV_0500_20220502_001781	雖然伊薩巫古迪森林的{#003399}莫提尼斯{/}已全部清除，但是還有注視者收集的{#003399}莫提尼斯{/}。{nl}而且巴烏巴斯和巴以卡仍然覬覦著{#003399}莫提尼斯{/}。	비록 이사우고티 숲의 {#003399}머티니스{/}는 모두 제거했지만, 주시자가 모은 {#003399}머티니스{/}가 남아 있을 겁니다.{nl}그리고 바우바스와 바이가 역시 여전히 {#003399}머티니스{/}를 노리고 있는 상황입니다.	QUEST_LV_0500_20210119_000281	雖然消除了伊薩巫古迪森林的所有莫提尼斯，但一定還殘存有注視者收集的莫提尼斯。{nl}另外巴烏巴斯和巴以卡也仍是覬覦著莫提尼斯的狀態。	비록 이사우고티 숲의 머티니스는 모두 제거했지만, 주시자가 모은 머티니스가 남아 있을 겁니다.{nl}그리고 바우바스와 바이가 역시 여전히 머티니스를 노리고 있는 상황입니다.	여신 라다
QUEST_LV_0500_20220502_001782	歐勒夏附近的{#003399}莫提尼斯{/}並沒有完全被消滅，{nl}魔族們一定會回來的。	오르샤 일대의 {#003399}머티니스{/}가 완전히 소멸한 건 아니니,{nl}마족들은 반드시 돌아올 겁니다.	QUEST_LV_0500_20210119_000282	歐勒夏一帶的莫提尼斯並非完全消除，{nl}因此魔族們一定會再回來的。	오르샤 일대의 머티니스가 완전히 소멸한 건 아니니,{nl}마족들은 반드시 돌아올 겁니다.	여신 라다
QUEST_LV_0500_20220502_001783	在伊薩巫古迪森林感受到比森林的某部份還要強烈的{#003399}莫提尼斯{/}的氣息。	이사우고티 숲에서는 숲의 어느 부분보다 강렬한 {#003399}머티니스{/}의 기운이 느껴집니다.	QUEST_LV_0500_20210119_000286	在伊薩巫古迪森林裡能感受到比森林任何一處都還更強烈的莫提尼斯氣息。	이사우고티 숲에서는 숲의 어느 부분보다 강렬한 머티니스의 기운이 느껴집니다.	여신 라다
QUEST_LV_0500_20220502_001784	那裡明明就有注視者的魔族們挖掘的{#003399}莫提尼斯{/}。{nl}明明就有很多魔族人士掌握了那裡。	분명히 그곳에 주시자의 마족들이 채굴한 {#003399}머티니스{/}가 있을 겁니다.{nl}분명히 많은 마족들이 그 곳을 장악하고 있겠죠.	QUEST_LV_0500_20210119_000287	那裡一定有注視者的魔族們採集的莫提尼斯。{nl}那裡一定被許多魔族掌握了。	분명히 그곳에 주시자의 마족들이 채굴한 머티니스가 있을 겁니다.{nl}분명히 많은 마족들이 그 곳을 장악하고 있겠죠.	여신 라다
QUEST_LV_0500_20220502_001785	注視者行動都有計劃性的。{nl}{#003399}莫提尼斯{/}的保管一定也準備好對策了。	주시자는 항상 계획적으로 움직였습니다.{nl}분명 {#003399}머티니스{/}의 보관에도 대비책을 마련해놨겠죠.	QUEST_LV_0500_20210119_000288	注視者通常都是採取有計畫的行動的。{nl}他們對莫提尼斯的保存也一定有做好應對之策。	주시자는 항상 계획적으로 움직였습니다.{nl}분명 머티니스의 보관에도 대비책을 마련해놨겠죠.	여신 라다
QUEST_LV_0500_20220502_001786	注視者的魔族們一定已經儲存了很多{#003399}莫提尼斯{/}。{nl}光靠你一人之力，很難清除…	주시자의 마족들은 이미 많은 {#003399}머티니스{/}를 저장해두었을 겁니다.{nl}당신의 힘만으로는 한 번에 제거하기는 버거운 일..	QUEST_LV_0500_20210119_000290	注視者的魔族們一定已儲藏許多莫提尼斯了，{nl}光靠你一人的力量看來是很難一次清除..	주시자의 마족들은 이미 많은 머티니스를 저장해두었을 겁니다.{nl}당신의 힘만으로는 한 번에 제거하기는 버거운 일..	여신 라다
QUEST_LV_0500_20220502_001787	我擔心用我的力量清除{#003399}莫提尼斯{/}，我的力量會和{#003399}莫提尼斯{/}內存的力量產生衝突。{nl}加上魔族們很快會發現我的氣息。	제 힘으로 {#003399}머티니스{/}를 제거하는 건 {#003399}머티니스{/}에 내재된 제 힘과의 충돌이 우려됩니다.{nl}게다가 마족들이 저의 기운을 금방 알아차릴 겁니다.	QUEST_LV_0500_20210119_000291	我擔心透過我的力量來清除莫提尼斯可能會與在莫提尼斯內我的力量產生衝突。{nl}除此，魔族剛才也察覺到我的氣息了。	제 힘으로 머티니스를 제거하는 건 머티니스에 내재된 제 힘과의 충돌이 우려됩니다.{nl}게다가 마족들이 저의 기운을 금방 알아차릴 겁니다.	여신 라다
QUEST_LV_0500_20220502_001788	為了快點清除最多的{#003399}莫提尼斯{/}，還是具有充份威力的人類炸彈最適合。	{#003399}머티니스{/}를 최대한 빨리, 최대한 많이 제거하기 위해서는 충분한 위력을 지닌 인간의 폭탄이 적당하겠군요.	QUEST_LV_0500_20210119_000292	為了最快速、最大量消除莫提尼斯，我認為擁有巨大威力的人類的炸彈是最適合的。	머티니스를 최대한 빨리, 최대한 많이 제거하기 위해서는 충분한 위력을 지닌 인간의 폭탄이 적당하겠군요.	여신 라다
QUEST_LV_0500_20220502_001789	原來如此。{nl}現在已經找到破壞{#003399}莫提尼斯{/}的手段，只剩下接近牠們了。	그렇군요.{nl}이제 {#003399}머티니스{/}를 파괴할 수단을 찾았으니, 접근을 하는 일만 남았습니다.	QUEST_LV_0500_20210119_000304	這樣啊。{nl}現在既然已找到破壞莫提尼斯的工具了，那剩下的就只有接近它的事了。	그렇군요.{nl}이제 머티니스를 파괴할 수단을 찾았으니, 접근을 하는 일만 남았습니다.	여신 라다
QUEST_LV_0500_20220502_001790	這樣羅迦娜和巴以卡的勢力將會對立，注視者的勢力也不會放任不管的。{nl}只要趁亂接近{#003399}莫提尼斯{/}儲藏所就可以了。{nl}我雖然會和你一起出發到伊薩巫古迪森林，但是如果我冒然行動被魔族發現一切就完蛋了。	그러면 라가나와 바이가의 세력이 대립할테고, 주시자의 세력도 지켜보고만 있지는 않을 겁니다.{nl}전장이 혼란한 틈을 타 {#003399}머티니스{/} 저장소로 접근하시면 됩니다.{nl}이사우고티 숲까지는 같이 이동하겠지만, 제가 섣불리 움직이면 마족들의 눈을 돌린 게 소용없어질 겁니다.	QUEST_LV_0500_20210119_000307	那麼羅迦娜和巴以卡的勢力就會對立，注視者的勢力也不會袖手旁觀的。{nl}我們就可趁戰場混亂時接近莫提尼斯儲藏所了。{nl}雖我會與你一同前往伊薩巫古迪森林，但如我輕率行動被魔族察覺，那一切就都白費了。	그러면 라가나와 바이가의 세력이 대립할테고, 주시자의 세력도 지켜보고만 있지는 않을 겁니다.{nl}전장이 혼란한 틈을 타 머티니스 저장소로 접근하시면 됩니다.{nl}이사우고티 숲까지는 같이 이동하겠지만, 제가 섣불리 움직이면 마족들의 눈을 돌린 게 소용없어질 겁니다.	여신 라다
QUEST_LV_0500_20220502_001791	我會在歐勒夏附近尋找是否還有其他{#003399}莫提尼斯{/}儲藏所。	저는 오르샤 근처에 또 다른 {#003399}머티니스{/} 저장소가 있는지 찾아보겠습니다.	QUEST_LV_0500_20210119_000309	我就去歐勒夏附近找找看是否還有其他的莫提尼斯儲藏所吧。	저는 오르샤 근처에 또 다른 머티니스 저장소가 있는지 찾아보겠습니다.	여신 라다
QUEST_LV_0500_20220502_001792	別忘記。{nl}比起巴以卡和羅迦娜勢力的魔族，應該優先找出{#003399}莫提尼斯{/}的位置。	잊지마십시오.{nl}바이가와 라가나 세력의 마족들보다 {#003399}머티니스{/}의 위치를 알아내는 것이 우선입니다.	QUEST_LV_0500_20210119_000310	請別忘了！{nl}比起巴以卡和羅迦娜勢力的魔族，找出莫提尼斯的位置更為重要。	잊지마십시오.{nl}바이가와 라가나 세력의 마족들보다 머티니스의 위치를 알아내는 것이 우선입니다.	여신 라다
QUEST_LV_0500_20220502_001793	發現看起來像是{#003399}莫提尼斯{/}儲藏所的地方了嗎? 	{#003399}머티니스{/} 저장소로 보이는 곳은 발견하셨나요?	QUEST_LV_0500_20210119_000313	你有發現看似莫提尼斯儲藏所的地方嗎？	머티니스 저장소로 보이는 곳은 발견하셨나요?	여신 라다
QUEST_LV_0500_20220502_001794	幸好除了這裡，歐勒夏附近看不到其他的{#003399}莫提尼斯{/}儲藏所。	다행히 이곳을 제외한 오르샤 근처에서 다른 {#003399}머티니스{/} 저장소는 보이지 않았습니다.	QUEST_LV_0500_20210119_000314	幸好除了這裡之外，在歐勒夏附近並沒有看見其他的莫提尼斯儲藏所。	다행히 이곳을 제외한 오르샤 근처에서 다른 머티니스 저장소는 보이지 않았습니다.	여신 라다
QUEST_LV_0500_20220502_001795	只要傳達假消息說普羅納斯空地有注視者的魔族們挖掘的{#003399}莫提尼斯{/}儲藏所就可以了。	거짓 정보의 내용은 플라나스 공터에 주시자의 마족들이 채굴한 {#003399}머티니스{/} 저장소가 있다고 전하면 될 겁니다.	QUEST_LV_0500_20210119_000321	假情報的內容是說在普羅納斯空地有注視者的魔族們所採集的莫提尼斯儲藏所。	거짓 정보의 내용은 플라나스 공터에 주시자의 마족들이 채굴한 머티니스 저장소가 있다고 전하면 될 겁니다.	여신 라다
QUEST_LV_0500_20220502_001796	把假消息傳給羅迦娜和巴以卡的傳令們，如果在普羅納斯空地引起戰鬥，{nl}一定可以轉移位在{#003399}莫提尼斯{/}儲藏所的魔族視線。{nl}快點行動。	라가나와 바이가의 전령들에게 거짓 정보를 주고 플라나스 공터에서 싸움을 일으키면,{nl}분명 {#003399}머티니스{/} 저장소에 있는 마족들의 시선을 돌릴 수 있을 겁니다.{nl}서둘러 주십시오.	QUEST_LV_0500_20210119_000327	如對羅迦娜和巴以卡傳令傳達假情報並在普羅納斯空地引起爭鬥的話，{nl}一定能轉移莫提尼斯儲藏所魔族們的注意。{nl}請加快動作吧。	라가나와 바이가의 전령들에게 거짓 정보를 주고 플라나스 공터에서 싸움을 일으키면,{nl}분명 머티니스 저장소에 있는 마족들의 시선을 돌릴 수 있을 겁니다.{nl}서둘러 주십시오.	여신 라다
QUEST_LV_0500_20220502_001797	只要在魔族的視線被拉走時接近{#003399}莫提尼斯{/}儲藏所即可。{nl}準備好就出發吧!	반응을 보인 마족들이 시선을 끄는 사이에 {#003399}머티니스{/} 저장소에 접근하시면 될 겁니다.{nl}준비가 되면 출발하세요.	QUEST_LV_0500_20210119_000332	只要在開始產生反應魔族被引開時接近莫提尼斯儲藏所就行了。{nl}準備好了就請出發吧。	반응을 보인 마족들이 시선을 끄는 사이에 머티니스 저장소에 접근하시면 될 겁니다.{nl}준비가 되면 출발하세요.	여신 라다
QUEST_LV_0500_20220502_001798	魔族們要前往歐勒夏，一定會經過這裡，{nl}剛好我得回收魔族手上的{#003399}莫提尼斯{/}…	마족들이 오르샤로 향하기 위해서는 이곳을 지나야 할 터,{nl}마침 저는 마족들이 지니고 있을 {#003399}머티니스{/}를 회수해야 하니..	QUEST_LV_0500_20210119_000334	魔族為了前往歐勒夏必會經過這裡，{nl}正好我需要回收魔族身上的莫提尼斯..	마족들이 오르샤로 향하기 위해서는 이곳을 지나야 할 터,{nl}마침 저는 마족들이 지니고 있을 머티니스를 회수해야 하니..	여신 라다
QUEST_LV_0500_20220502_001799	你不是很爽快地把注視者的{#003399}莫提尼斯{/}給滅掉了嗎?{nl}真乖。	주시자의 {#003399}머티니스{/}를 아주 시원하게 날려버렸잖아?{nl}기특해.	QUEST_LV_0500_20210119_000341	你不是很痛快的毀了注視者的莫提尼斯嗎？{nl}了不起。	주시자의 머티니스를 아주 시원하게 날려버렸잖아?{nl}기특해.	마신 라가나
QUEST_LV_0500_20220502_001800	你打算騙我這件雖然無法原諒…{nl}但是你把注視者收集的{#003399}莫提尼斯{/}消滅了，這次我就算了。	나를 속이려 든 건 용서할 수 없는 일이지만..{nl}주시자가 모은 {#003399}머티니스{/}를 날려버렸으니 특별히 이번은 넘어가도록 하마.	QUEST_LV_0500_20210119_000342	雖然欺騙我這件事是不被原諒的..{nl}但既然你毀了注視者收集的莫提尼斯，那這次就特別饒你一命吧。	나를 속이려 든 건 용서할 수 없는 일이지만..{nl}주시자가 모은 머티니스를 날려버렸으니 특별히 이번은 넘어가도록 하마.	마신 라가나
QUEST_LV_0500_20220502_001801	幸好發現了礦石的真面目。{nl}礦石的名字叫{#003399}莫提尼斯{/}…{nl}注視者這樣叫這個邪惡的礦石。	다행히 광석의 정체를 알아냈습니다.{nl}광석의 이름은 {#003399}머티니스{/}..{nl}주시자는 이 사악한 광석을 두고 그렇게 이름 불렀습니다.	QUEST_LV_0500_20210119_000388	終於查出礦石的來歷了。{nl}礦石的名字叫做莫提尼斯..{nl}注視者看著這邪惡的礦石並取了這個名字。	다행히 광석의 정체를 알아냈습니다.{nl}광석의 이름은 머티니스..{nl}주시자는 이 사악한 광석을 두고 그렇게 이름 불렀습니다.	여신 라다
QUEST_LV_0500_20220502_001802	啟示者，{nl}注視者打算透過{#003399}莫提尼斯{/}破壞世界…{nl}說的更正確一點是打算要破壞神樹。	계시자여,{nl}주시자가 {#003399}머티니스{/}를 통해 세계를..{nl}정확하게는 신수를 파괴하려 하고 있습니다.	QUEST_LV_0500_20210119_000389	啟示者啊，{nl}注視者想透過莫提尼斯破壞世界..{nl}更精準的來說，是想要破壞神樹。	계시자여,{nl}주시자가 머티니스를 통해 세계를..{nl}정확하게는 신수를 파괴하려 하고 있습니다.	여신 라다
QUEST_LV_0500_20220502_001803	{#003399}莫提尼斯{/}是可以比擬貝爾寶珠的魔力源。{nl}吉特涅中斷貝爾寶珠的供給，讓神樹暴走了。	{#003399}머티니스{/}는 벨로브에 견줄 수 있는 마력원입니다.{nl}길티네는 벨로브의 공급을 중단하여 신수를 폭주시켰습니다.	QUEST_LV_0500_20210119_000390	莫提尼斯是可媲美貝爾寶珠的魔力源。{nl}吉特涅曾中斷了貝爾寶珠的供給並令神樹暴走。	머티니스는 벨로브에 견줄 수 있는 마력원입니다.{nl}길티네는 벨로브의 공급을 중단하여 신수를 폭주 시켰습니다.	여신 라다
QUEST_LV_0500_20220502_001804	相反的…{nl}如果注視者不停地對神樹供給{#003399}莫提尼斯{/}，世界會和神樹之根一起整個腐爛，世界會變得很可怕。{nl}如果{#003399}莫提尼斯{/}的數量足夠的話。	반대로..{nl}주시자가 이 {#003399}머티니스{/}를 신수에 끊임없이 공급한다면 세계는 신수의 뿌리와 함께 통째로 썩어 끔찍한 세계로 변해버릴 겁니다.{nl}{#003399}머티니스{/}의 양이 충분하다면 말이죠.	QUEST_LV_0500_20210119_000391	相反的..{nl}如注視者持續不斷地對神樹供給莫提尼斯，那麼世界就會與神樹的樹根一起腐壞變成可怕的世界了。{nl}如果莫提尼斯的量足夠的話。	반대로..{nl}주시자가 이 머티니스를 신수에 끊임없이 공급한다면 세계는 신수의 뿌리와 함께 통째로 썩어 끔찍한 세계로 변해버릴 겁니다.{nl}머티니스의 양이 충분하다면 말이죠.	여신 라다
QUEST_LV_0500_20220502_001805	魔族的記憶中在馬爾柯斯伐木場看見了不尋常的裂縫。{nl}{#003399}莫提尼斯{/}會從那個裂縫跑出來。	마족의 기억 속 말코스 벌목지에서 심상치 않은 균열을 보았습니다.{nl}{#003399}머티니스{/}는 그 균열에서 나왔을 겁니다.	QUEST_LV_0500_20210119_000392	在魔族的記憶中看到了在馬爾柯斯伐木場有不尋常的龜裂。{nl}莫提尼斯是從那龜裂中出現的。	마족의 기억 속 말코스 벌목지에서 심상치 않은 균열을 보았습니다.{nl}머티니스는 그 균열에서 나왔을 겁니다.	여신 라다
QUEST_LV_0500_20220502_001806	這個通道和你剛才經過的蓮帕拉沙池塘相連。{nl}為了挖掘{#003399}莫提尼斯{/}和攻擊歐勒夏，集結的魔族們掌握了加橋森林。	여기는 방금 당신이 지나온 렘파라사 연못과 연결되는 통로입니다.{nl}{#003399}머티니스{/} 채굴과 오르샤를 공격하기 위해 집결한 마족들이 덧댄다리 숲을 장악하고 있습니다.	QUEST_LV_0500_20210119_000404	這裡是與你剛才經過的蓮帕拉沙池塘相連接的通道。{nl}為了採集莫提尼斯和攻擊歐勒夏，集結的魔族們正掌握著加橋森林。	여기는 방금 당신이 지나온 렘파라사 연못과 연결되는 통로입니다.{nl}머티니스 채굴과 오르샤를 공격하기 위해 집결한 마족들이 덧댄다리 숲을 장악하고 있습니다.	여신 라다
QUEST_LV_0500_20220502_001807	我需要回收這些魔族們正在挖掘的{#003399}莫提尼斯{/}。{nl}您要做什麼呢?	저는 이 마족들이 채굴하고 있는 {#003399}머티니스{/}를 회수할 필요가 있습니다.{nl}당신은 무슨 일을 하실 거죠?	QUEST_LV_0500_20210119_000405	我必須回收魔族正在採集的莫提尼斯，{nl}那你要做些什麼呢？	저는 이 마족들이 채굴하고 있는 머티니스를 회수할 필요가 있습니다.{nl}당신은 무슨 일을 하실 거죠?	여신 라다
QUEST_LV_0500_20220502_001808	你的任務執行得很好。{nl}我也已經回收了部份的{#003399}莫提尼斯{/}。	당신의 임무를 훌륭히 수행하고 있군요.{nl}저 역시 {#003399}머티니스{/}를 일부 회수할 수 있었습니다.	QUEST_LV_0500_20210119_000408	你非常優秀地完成了任務。{nl}而我也回收了一部分的莫提尼斯。	당신의 임무를 훌륭히 수행하고 있군요.{nl}저 역시 머티니스를 일부 회수할 수 있었습니다.	여신 라다
QUEST_LV_0500_20220502_001809	為了繼續回收{#003399}莫提尼斯{/}，我打算進入加橋森林深處。	저는 {#003399}머티니스{/} 회수를 계속하기 위해 덧댄다리 숲의 더 깊은 곳으로 갈 생각입니다.	QUEST_LV_0500_20210119_000409	為了繼續回收莫提尼斯，我打算前往加橋森林更深處。	저는 머티니스 회수를 계속하기 위해 덧댄다리 숲의 더 깊은 곳으로 갈 생각입니다.	여신 라다
QUEST_LV_0500_20220502_001810	剛好這附近的吉貝尼大道有魔族們挖掘的{#003399}莫提尼斯{/}裂縫。{nl}那裡的裂縫和你看過的蓮帕拉沙池塘的裂縫不同，還沒有凝固，值得調查看看。	마침 여기서 가까운 지베니 대로에서 마족들이 {#003399}머티니스{/}를 채굴하던 균열이 있습니다.{nl}그곳의 균열은 당신이 봤던 렘파라사 연못의 균열과 달리 굳어있지 않으니 조사할 가치도 있습니다.	QUEST_LV_0500_20210119_000410	正好離這裡不遠的吉貝尼大道有魔族採集莫提尼斯的龜裂。{nl}那裡的龜裂與你見過的蓮帕拉沙池塘的龜裂不同，那個龜裂並不堅硬看來有調查的價值。	마침 여기서 가까운 지베니 대로에서 마족들이 머티니스를 채굴하던 균열이 있습니다.{nl}그곳의 균열은 당신이 봤던 렘파라사 연못의 균열과 달리 굳어있지 않으니 조사할 가치도 있습니다.	여신 라다
QUEST_LV_0500_20220502_001811	這裡是前往加橋森林的唯一道路，現在正被魔族佔據了。	여기서 덧댄다리 숲으로 들어가는 유일한 길이고, 마족들이 점거하고 있습니다.	QUEST_LV_0500_20210119_000411	這裡是進入加橋森林唯一的一條路，並且由魔族們佔據著。	여기서 덧댄다리 숲으로 들어가는 유일한 길이고, 마족들이 점거하고있습니다.	여신 라다
QUEST_LV_0500_20220502_001812	推測魔族們為了挖掘{#003399}莫提尼斯{/}一定會需要魔力。{nl}再說一次，只要能找到魔力的根源力並破壞它，可以阻止{#003399}莫提尼斯{/}挖掘。	추측이지만, 마족들이 {#003399}머티니스{/}를 채굴하기 위해서는 반드시 이 마력이 필요할 겁니다.{nl}다시 말해, 마력의 근원지를 찾아 파괴할 수만 있다면 {#003399}머티니스{/} 채굴을 막을 수 있습니다.	QUEST_LV_0500_20210119_000413	雖是推測，但魔族為採集莫提尼斯就必須要有那個魔力。{nl}再說一次，只要找到魔力的根源地並進行破壞，就可以阻止莫提尼斯的採集了。	추측이지만, 마족들이 머티니스를 채굴하기 위해서는 반드시 이 마력이 필요할 겁니다.{nl}다시 말해, 마력의 근원지를 찾아 파괴할 수만 있다면 머티니스 채굴을 막을 수 있습니다.	여신 라다
QUEST_LV_0500_20220502_001813	如果這樣可以阻止{#003399}莫提尼斯{/}落入注視者的手裡。{nl}而且為了侵略歐勒夏，集結的魔族也會受到不小的傷害。	그렇게 된다면 주시자의 손에 {#003399}머티니스{/}가 들어가는 일을 막을 수 있겠군요.{nl}그리고 오르샤를 침공하기 위해 집결한 마족들에게도 적지 않은 피해를 줄 수 있습니다.	QUEST_LV_0500_20210119_000414	那麼就可以阻止莫提尼斯落入注視者的手中了。{nl}另外也可以給予為侵略攻擊歐勒夏而集結的魔族們不少的打擊。	그렇게 된다면 주시자의 손에 머티니스가 들어가는 일을 막을 수 있겠군요.{nl}그리고 오르샤를 침공하기 위해 집결한 마족들에게도 적지 않은 피해를 줄 수 있습니다.	여신 라다
QUEST_LV_0500_20220502_001814	這段時間魔族應該有挖掘了{#003399}莫提尼斯{/}，{nl}但是這裡找不到{#003399}莫提尼斯{/}。	그러나{nl}그동안 마족들이 채굴한 {#003399}머티니스{/}가 있을 텐데,{nl}여기서는 {#003399}머티니스{/}를 찾을 수 없었습니다.	QUEST_LV_0500_20210119_000425	但{nl}仍有這段期間魔族們採集的莫提尼斯，{nl}在這裡無法找到莫提尼斯。	그러나{nl}그동안 마족들이 채굴한 머티니스가 있을 텐데,{nl}여기서는 머티니스를 찾을 수 없었습니다.	여신 라다
QUEST_LV_0500_20220502_001815	那個{#003399}莫提尼斯{/}不行落入注視者的手裡。{nl}我必須找到儲藏所，回收{#003399}莫提尼斯{/}。	그 {#003399}머티니스{/}들이 주시자의 손에 들어가서는 안 됩니다.{nl}저는 그 저장소를 찾아 {#003399}머티니스{/}를 회수해야 합니다.	QUEST_LV_0500_20210119_000426	那些莫提尼斯絕不能落入注視者的手中，{nl}我必須要找到那個儲藏所並將莫提尼斯回收回來。	그 머티니스들이 주시자의 손에 들어가서는 안 됩니다.{nl}저는 그 저장소를 찾아 머티니스를 회수해야 합니다.	여신 라다
QUEST_LV_0500_20220502_001816	你發現了吧?{nl}不是只有注視者侵略了歐勒夏。{nl}除了剛才看到的二個魔族勢力，加上注視者，有三個勢力侵略了歐勒夏。	눈치채셨겠죠?{nl}오르샤를 침공한 건 주시자뿐만이 아니라는 이야기입니다.{nl}방금 본 두 개 세력의 마족들만 하더라도 주시자를 포함하여 세 개의 세력이 오르샤를 침공했군요.	QUEST_LV_0500_20210119_000430	你應該察覺到了吧？{nl}侵略攻擊歐勒夏的並非只有注視者一人，{nl}加上你剛才所見的兩勢力魔族包含注視者，就足足有三個勢力在侵略歐勒夏了。	눈치 채셨겠죠?{nl}오르샤를 침공한 건 주시자 뿐만이 아니라는 이야기입니다.{nl}방금 본 두개 세력의 마족들만 하더라도 주시자를 포함하여 세 개의 세력이 오르샤를 침공했군요.	여신 라다
QUEST_LV_0500_20220502_001817	但是所有勢力的目標一定都是{#003399}莫提尼斯{/}。{nl}他們分別是魔王卡魯塔斯的魔族和魔神羅迦娜低下的魔族。	하지만 모두 {#003399}머티니스{/}가 목표인 건 확실합니다.{nl}저들은 각각 마왕 카르타스의 마족과 마신 라가나의 휘하 마족들입니다.	QUEST_LV_0500_20210119_000431	但可以確認的是他們的目標全都是莫提尼斯。{nl}他們分別是魔王卡魯塔斯的魔族和魔神羅迦娜旗下的魔族。	하지만 모두 머티니스가 목표인 건 확실합니다.{nl}저들은 각각 마왕 카르타스의 마족과 마신 라가나의 휘하 마족들입니다.	여신 라다
QUEST_LV_0500_20220502_001818	我還是去找覬覦{#003399}莫提尼斯{/}的勢力。	그럼 저 역시 {#003399}머티니스{/}를 노리는 존재들이 누구인지 찾아보겠습니다.	QUEST_LV_0500_20210119_000436	那麼我會繼續去尋找到底覬覦莫提尼斯的存在是誰的。	그럼 저 역시 머티니스를 노리는 존재들이 누구인지 찾아보겠습니다.	여신 라다
QUEST_LV_0500_20220502_001819	巴以卡的魔族們一定貪圖著{#003399}莫提尼斯{/}。{nl}羅迦娜的魔族很奇怪地只是防礙挖掘{#003399}莫提尼斯{/}，並沒有他們覬覦{#003399}莫提尼斯{/}的證據。 	바이가의 마족들은 확실히 {#003399}머티니스{/}를 노리고 있었습니다.{nl}라가나의 마족들은 이상하게도 {#003399}머티니스{/} 채굴을 방해하려고만 했지, {#003399}머티니스{/} 자체를 노리는 정황은 없더군요.	QUEST_LV_0500_20210119_000443	巴以卡的魔族們的確在覬覦著莫提尼斯，{nl}但奇怪的是羅迦娜的魔族卻想妨礙莫提尼斯的採集，並沒有覬覦莫提尼斯的情況。	바이가의 마족들은 확실히 머티니스를 노리고 있었습니다.{nl}라가나의 마족들은 이상하게도 머티니스 채굴을 방해하려고만 했지, 머티니스 자체를 노리는 정황은 없더군요.	여신 라다
QUEST_LV_0500_20220502_001820	撇開他們的目的，不管是對女神還是人類，魔族成為{#003399}莫提尼斯{/}的主人都不是好事。{nl}最好還是快點找出{#003399}莫提尼斯{/}儲藏所。	아무튼 그들의 목적을 떠나 {#003399}머티니스{/}의 주인이 마족이 되는 건 여신에게든 인간에게든 좋을 수 없을 겁니다.{nl}서둘러 {#003399}머티니스{/} 저장소를 찾는 게 좋겠습니다.	QUEST_LV_0500_20210119_000444	不管怎麼樣撇開他們的目的，要是莫提尼斯的主人是魔族，那對女神、對人類來說都不是件好事。{nl}請盡快去尋找莫提尼斯儲藏所。	아무튼 그들의 목적을 떠나 머티니스의 주인이 마족이 되는 건 여신에게든 인간에게든 좋을 수 없을 겁니다.{nl}서둘러 머티니스 저장소를 찾는게 좋겠습니다.	여신 라다
QUEST_LV_0500_20220502_001821	羅迦娜和巴以卡對立是真的。{nl}他們的提議看起來對我們有利，{nl}但是魔族是無法相信的。{nl}所以不管是什麼誘惑絕對都不能接受。	라가나와 바이가가 서로 대립하고 있는 건 확실하군요.{nl}그들의 제안은 궁극적으로 우리에게 이점인 것처럼 보이겠지만,{nl}마족의 속내는 믿을 수 없습니다.{nl}그러니 어떤 유혹에도 결코 선뜻 받아들여서는 안 됩니다.	QUEST_LV_0500_20210119_000455	但可確定的是羅迦娜和巴以卡彼此是對立的。{nl}他們的提議對我們來說雖看似有好處，{nl}但仍無法相信魔族的內心。{nl}因此不管是什麼樣的誘惑，都不能欣然地接受。	라가나와 바이가가 서로 대립하고 있는 건 확실하군요.{nl}그들의 제안은 궁극적으로 우리에게 이점인 것 처럼 보이겠지만,{nl}마족의 속내는 믿을 수 없습니다.{nl}그러니 어떤 유혹에도 결코 선뜻 받아들여서는 안 됩니다.	여신 라다
QUEST_LV_0500_20220502_001822	如果注視者的魔族先他們先找到挖掘的{#003399}莫提尼斯{/}，{nl}就可以獲得主導權。{nl}因此得快點找到{#003399}莫提尼斯{/}的儲藏所。	주시자의 마족들이 채굴한 {#003399}머티니스{/}를 그들보다 먼저 찾아내 확보한다면,{nl}분명히 주도권을 쥘 수 있습니다.{nl}그러니 서둘러 {#003399}머티니스{/}의 저장소를 찾죠.	QUEST_LV_0500_20210119_000459	如能確保可比注視者的魔族更先找到採集的莫提尼斯，{nl}那就一定能取得主導權了。{nl}因此得盡快找到莫提尼斯的儲藏所。	주시자의 마족들이 채굴한 머티니스를 그들보다 먼저 찾아내 확보한다면,{nl}분명히 주도권을 쥘 수 있습니다.{nl}그러니 서둘러 머티니스의 저장소를 찾죠.	여신 라다
QUEST_LV_0500_20220502_001823	喀貝斯街道也有{#003399}莫提尼斯{/}裂縫。{nl}請先前往喀貝斯街道。	갓베스 가도에도 {#003399}머티니스{/} 균열이 있습니다.{nl}갓베스 가도로 먼저 가세요	QUEST_LV_0500_20210119_000468	在喀貝斯街道也有莫提尼斯龜裂。{nl}請先前往喀貝斯街道。	갓베스 가도에도 머티니스 균열이 있습니다.{nl}갓베스 가도로 먼저 가세요	여신 라다
QUEST_LV_0500_20220502_001824	我就知道你會來這裡。{nl}在前方深處的森林有很多{#003399}莫提尼斯{/}的力量正在流出。	이쪽으로 오실 줄 알았습니다.{nl}이 앞으로 들어가는 깊은 숲에서 너무 많은 {#003399}머티니스{/}의 힘이 흘러나오고 있습니다.	QUEST_LV_0500_20210119_000471	我就知道會往這個方向。{nl}在要進入森林更深處的地方將會有更多莫提尼斯的力量流散的。	이쪽으로 오실 줄 알았습니다.{nl}이 앞으로 들어가는 깊은 숲에서 너무 많은 머티니스의 힘이 흘러나오고 있습니다.	여신 라다
QUEST_LV_0500_20220502_001825	{#003399}莫提尼斯{/}儲藏所一定在裡面。{nl}情況很危急，{nl}但是事情比想象中還要嚴重，最好先重新整頓再回到拉伊瑪的聖所。	분명 {#003399}머티니스{/} 저장소는 이 안쪽에 있을 겁니다.{nl}상황이 위급한 건 사실이지만,{nl}생각보다 일이 커지고 있으니 재정비를 위해 잠시 라이마의 성소로 돌아가는 게 좋겠습니다.	QUEST_LV_0500_20210119_000472	莫提尼斯儲藏所一定就在裡面。{nl}雖然情況很危急，{nl}但事情似乎比想像中的還要嚴重，所以為了做好整頓準備，我想你最好先去拉伊瑪的聖所。	분명 머티니스 저장소는 이 안쪽에 있을 겁니다.{nl}상황이 위급한 건 사실이지만,{nl}생각보다 일이 커지고 있으니 재정비를 위해 잠시 라이마의 성소로 돌아가는 게 좋겠습니다.	여신 라다
QUEST_LV_0500_20220502_001826	覬覦注視者大人珍貴的{#003399}莫提尼斯{/}小偷就是你這個傢伙嗎？	주시자님의 소중한 {#003399}머티니스{/}를 탐내는 도둑이 네 녀석인가?	QUEST_LV_0500_20210119_000485	貪圖注視者珍貴莫提尼斯的小偷是你嗎？	주시자님의 소중한 머티니스를 탐내는 도둑이 네 녀석인가?	소거마스 집행자
QUEST_LV_0500_20220502_001827	[每週] 征服 - 自由地下城遠征隊	[주간] 정복 - 프리던전 레이드				
QUEST_LV_0500_20220502_001828	完成自由地下城遠征隊	프리던전 레이드 클리어				
QUEST_LV_0500_20220624_001829	但在那之前，有想找你的人。{nl}如透過村莊的女神奧施莉奈之像前往名叫拉伊瑪聖所的地方，你會找到正在等待你的人。{nl}他說那個地方只有你能前往。	그러나 그 전에, 당신을 찾는 분이 계십니다.{nl}마을의 여신 아우슈리네의 상을 통해 라이마의 성소라 불리는 곳으로 간다면 그분께서 기다리고 계실 겁니다.{nl}당신만은 그곳에 올 수 있으리라 하시더군요.	QUEST_LV_0500_20210119_000367	但在那之前，有想找你的人。{nl}如透過村莊的女神奧施莉奈之像前往名叫拉伊瑪聖所的地方，你會找到正在等待你的人。{nl}他說那個地方只有你能前往。	그러나 그 전에, 당신을 찾는 분이 계십니다.{nl}마을의 여신 아우슈리네의 상을 통해 라이마의 성소라 불리는 곳으로 간다면 그 분께서 기다리고 계실 겁니다.{nl}당신만은 그 곳에 올수 있으리라 하시더군요.	이네사 해먼데일
QUEST_LV_0500_20220624_001830	請從周遭的魔族身上找來與注視者相關的證據吧。	주변의 마족들로부터 주시자와 연관이 있을 만한 증거를 찾아주세요.	QUEST_LV_0500_20210119_000377	請從周遭的魔族身上找來與注視者相關的證據吧。	주변의 마족들로부터 주시자와 연관이 있을만한 증거를 찾아주세요.	여신 라다
QUEST_LV_0500_20220624_001831	這個真的是在魔族的額頭像角一樣長出來的嗎？	이게 정말 마족의 이마에 뿔처럼 나 있었다는 말인가요?	QUEST_LV_0500_20210119_000395	這個真的是在魔族的額頭像角一樣長出來的嗎？	이게 정말 마족의 이마에 뿔처럼 나있었다는 말인가요?	여신 라다
QUEST_LV_0500_20220624_001832	我也是正好感受到那魔力而停留在這裡的。{nl}那絕對是注視者的魔力。	저도 마침 그 마력을 느끼고 여기서 멈춰 섰습니다.{nl}틀림없이 주시자의 마력이군요.	QUEST_LV_0500_20210119_000412	我也是正好感受到那魔力而停留在這裡的。{nl}那絕對是注視者的魔力。	저도 마침 그 마력을 느끼고 여기서 멈춰섰습니다.{nl}틀림없이 주시자의 마력이군요.	여신 라다
QUEST_LV_0500_20220624_001833	神樹的樹根不是你這種小毛頭該費心的東西。	신수의 뿌리는 너 같은 애송이가 신경 쓸 물건이 아니다.	QUEST_LV_0500_20210119_000450	神樹的樹根不是你這種小毛頭該費心的東西。	신수의 뿌리는 너같은 애송이가 신경쓸 물건이 아니다.	마왕 바이가
QUEST_LV_0500_20220624_001834	你了解的世界連在現實存在世界中的塵埃都還不如。{nl}僅擁有短暫生命的人類竟有如此狂妄的好奇心。	네 녀석이 알고 있는 세계는 실제 존재하는 세계의 티끌만큼도 안 된다.{nl}고작 순간의 삶을 살다 죽을 필멸의 인간 따위가 건방진 호기심을 가지고 있군.	QUEST_LV_0500_20210119_000451	你了解的世界連在現實存在世界中的塵埃都還不如。{nl}僅擁有短暫生命的人類竟有如此狂妄的好奇心。	네 녀석이 알고 있는 세계는 실제 존재하는 세계의 티끌 만큼도 안 된다.{nl}고작 순간의 삶을 살다 죽을 필멸의 인간따위가 건방진 호기심을 가지고 있군.	마왕 바이가
QUEST_LV_0500_20220624_001835	羅迦娜啊，{nl}在森林裡追擊她時，當我發現這是件不可能的事後就錯失了。	라가나는,{nl}숲속에서 그녀를 쫓는 건 거의 불가능한 일이라 놓치고 말았습니다.	QUEST_LV_0500_20210119_000454	羅迦娜啊，{nl}在森林裡追擊她時，當我發現這是件不可能的事後就錯手了。	라가나는,{nl}숲 속에서 그녀를 쫓는 건 거의 불가능한 일이라 놓치고 말았습니다.	여신 라다
QUEST_LV_0500_20220624_001836	就這麼辦吧。{nl}我不會花太多時間休息恢復的。	그러시죠.{nl}회복하는 데 오래 걸리지는 않을 겁니다.	QUEST_LV_0500_20210119_000461	就這麼辦吧。{nl}我不會花太多時間休息恢復的。	그러시죠.{nl}회복하는데 오래 걸리지는 않을 겁니다.	여신 라다
QUEST_LV_0500_20220624_001837	反正我們都有各自要做的事情，{nl}啟示者你先啟程也沒關係。	어차피 우리는 각자가 해야 할 일을 하고 있을 뿐이니,{nl}계시자님께서 먼저 가셔도 괜찮습니다.	QUEST_LV_0500_20210119_000466	反正我們都有各自要做的事情，{nl}啟示者你先啟程也沒關係。	어차피 우리는 각자가 해야할 일을 하고 있을 뿐이니,{nl}계시자님 께서 먼저 가셔도 괜찮습니다.	여신 라다
QUEST_LV_0500_20220624_001838	車輪痕跡的方向是朝向著伊薩巫古迪森林的。	수레바퀴 자국의 방향이 이사우고티 숲을 향하고 있다	QUEST_LV_0500_20210119_000470	車輪痕跡的方向是朝向著伊薩巫古迪森林的。	수레 바퀴 자국의 방향이 이사우고티 숲을 향하고있다	PC
QUEST_LV_0500_20220624_001839	聽說現在{#003399}德慕爾{/}地區發現了分裂特別傳點。{nl}我也是想準備一結束，就會整理這裡，然後前往{#003399}德慕爾{/}。	지금은 {#003399}델무어{/} 지역에 분열 특이점이 발견되고 있다고 들었어요.{nl}저도 준비가 끝나는대로 여기를 정리하고 {#003399}델무어{/}로 이동할 생각입니다.	QUEST_LV_0500_20220302_001229	請注意不要被捲入分裂特別傳點中而失去寶貴的生命。{nl}分裂特別傳點是非常危險的地方，請小心行動。	분열 특이점에 휘말려 아까운 목숨을 잃지 않도록 주의하세요.{nl}분열 특이점에서는 행동을 주의하세요. 무척 위험한 장소입니다.	세이지 파견원
QUEST_LV_0500_20220624_001840	完成了誰的委託或任務之後，可以直接移動到委託人的身邊。{nl}在迷你地圖下方的任務目錄上，點擊出現在任務左側的圖示就可以了。	누군가의 의뢰나 퀘스트를 완료했다면 의뢰인에게 바로 이동할 수 있어.{nl}미니맵 아래에 있는 퀘스트 목록에서 퀘스트 왼쪽에 띄워져있는 아이콘을 클릭하면 될거야.	QUEST_LV_0500_20220302_001277	完成了誰的委託或任務之後，可以直接移動到委託人的身邊。{nl}估計現在奧維尼亞狄爾班正在找你了。{nl}使用	누군가의 의뢰나 퀘스트를 완료했다면 의뢰인에게 바로 이동할 수 있어.{nl}아마 지금쯤 오위니아 딜벤이 널 찾을 거야.{nl}	소녀의 환영
QUEST_LV_0500_20220624_001841	估計現在奧維尼亞狄爾班正在找你{nl}	지금쯤 오위니아 딜벤이 널 찾을 거야.{nl}	ETC_20180327_006315	返回	되돌아가기	소녀의 환영
QUEST_LV_0500_20220624_001842	現在抵達歐勒夏了，直到我再次找你為止，你就去幫助歐勒夏領主領主伊內沙黑蒙戴伊吧。	이제 오르샤에 도착했으니 내가 다시 찾을 때까지 오르샤 영주 이네사 헤먼데일 도와줘야 해.	QUEST_LV_0500_20220302_001331	現在抵達歐勒夏了，直到我再次找你為止，你就去幫助歐勒夏領主吧。	이제 오르샤에 도착했으니 내가 다시 찾을 때까지 오르샤 영주를 도와줘야 해.	소녀의 환영
QUEST_LV_0500_20220624_001843	伊內沙黑蒙戴伊	이네사 헤먼데일				
QUEST_LV_0500_20220624_001844	我收到卡歐尼拉公主的聯絡了。{nl}我收到為啟示者提供便利的內容。	카오닐라 공주님께 연락을 받았습니다.{nl}계시자님들의 편의를 봐달라는 이야기를 전달받았습니다.				이네사 헤먼데일
QUEST_LV_0500_20220624_001845	不過，冒充是啟示者的人很多，我需要稍微確認一下。{nl}能稍等一下嗎？	그러나 계시자를 사칭하는 이가 많아서 잠시 확인이 필요합니다.{nl}조금만 기다려주시겠나요?				이네사 헤먼데일
QUEST_LV_0500_20220624_001846	造成不便真是抱歉。{nl}但這是必要的程序，敬請見諒。	불편을 끼쳐드려서 죄송합니다.{nl}그러나 필요한 절차인지라 너그럽게 봐주시면 감사하겠습니다.				이네사 헤먼데일
QUEST_LV_0500_20220624_001847	即然啟示者已經證明是真的啟示者了，{nl}我想提供有助於啟示者冒險的物品。	계시자님이 진짜 계시자라는 것이 증명되었으니{nl}계시자님의 모험에 도움이 되는 물품을 전달해드려고 합니다.				이네사 헤먼데일
QUEST_LV_0500_20220624_001848	不過，這是{#FF0000}只能提供一次的物品{/}，請慎重使用。	그러나 {#FF0000}한번 밖에 드릴 수 없는 물품{/}이니 신중하게 쓰시기 바랍니다.				이네사 헤먼데일
QUEST_LV_0500_20220624_001849	物品為{#003399}460等級飛躍券{/}和{#003399}EP12 完成券{/}。{nl}使用後，有助於啟示者的成長。	물품은 {#003399}460레벨 점핑권{/}과 {#003399}에피소드 12 클리어권{/}입니다.{nl}사용하시면 계시자님의 성장에 도움이 되실 겁니다.				이네사 헤먼데일
QUEST_LV_0500_20220624_001850	按下F4進入{#003399}成就{/}後，完成{#003399}主要成就 - 任務 - [冒險的開始！快速成長]{/}的成就吧。{nl}你會獲得我告訴你的物品。{nl}希望對冒險有很大的幫助。	F4를 눌러{#003399} 업적{/}에 들어가셔서 {#003399}주요업적 - 퀘스트 - [모험의 시작! 빠른 성장]{/}이라는 업적을 완료해주십시오.{nl}말씀드린 물품을 받으실 수 있을 겁니다.{nl}모험에 큰 도움이 되셨으면 합니다.				이네사 헤먼데일
QUEST_LV_0500_20220624_001851	歐勒夏入港手續負責人	오르샤 입항 수속 담당자				
QUEST_LV_0500_20220624_001852	停止！{nl}請表示身份和所屬吧。	정지!{nl}신분과 소속을 밝히십시오.				오르샤 입항 수속 담당자
QUEST_LV_0500_20220624_001853	這是要給你的..{nl}如果可以的話..{nl}請高抬貴手吧..	당신이 가져가야 할 게..{nl}괜찮으시다면..{nl}눈을 감아주세요..	QUEST_LV_0500_20210119_000479	你必須要有的..{nl}如不介意..{nl}請閉上眼睛..	당신이 가져가야할 게..{nl}괜찮으시다면..{nl}눈을 감아주세요..	라이마
QUEST_LV_0500_20220624_001854	入港手續負責人	입항 수속 담당자				
QUEST_LV_0500_20220624_001855	搜查作業嗎？	수색 작업이요?				입항 수속 담당자
QUEST_LV_0500_20220624_001856	沒錯。{nl}從莫洛斯官邸入港的船的難民名單中有一部份人員沒有看見，所以正在搜查這一帶。	맞습니다.{nl}모로스 공관에서 입항한 배의 피난민 명단에서 일부 인원이 보이지 않아 일대를 수색 중입니다.				입항 수속 담당자
QUEST_LV_0500_20220624_001857	但是，雖然仔細搜查了船，但完全看不到失蹤人員們的痕跡。{nl}很可能是一開始就沒有搭上船吧。	하지만, 배를 샅샅이 수색했지만 실종된 인원들의 흔적이 전혀 보이질 않습니다.{nl}애초에 배에 타지 못한 게 아닐까 싶네요.				입항 수속 담당자
QUEST_LV_0500_20220624_001858	啟示者如果能給予幫忙，會有很大的幫助的。	계시자님께서 도와주신다면 큰 도움이 될 겁니다.				입항 수속 담당자
QUEST_LV_0500_20220624_001859	正好，我有事情想拜託像啟示者一樣可以旅行且堅強的人。	마침, 계시자님처럼 여행이 가능하시고 강한 분께 부탁드리고 싶은 일이 있었습니다.				입항 수속 담당자
QUEST_LV_0500_20220624_001860	從莫洛斯官邸入港的船上發現了一些魔族的隨身物品。	모로스 공관에서 입항한 배에서 마족의 소지품을 일부 발견했습니다.				입항 수속 담당자
QUEST_LV_0500_20220624_001861	調查之後，{#003399}	조사해보니 {#003399}				입항 수속 담당자
QUEST_LV_0500_20220624_001862	{/}的名字被提到了。{nl}這是很常見的人類名字，不管怎麼樣都是從魔族的隨身物品中發現的，真是可疑呢。	{/}라는 이름이 언급되더군요.{nl}흔한 인간의 이름인데 아무래도 마족의 소지품에서 발견되어서 의심스럽습니다.				입항 수속 담당자
QUEST_LV_0500_20220624_001863	是否有人和魔族勾結呢？{nl}最重要的是這不知道是否與失蹤事件有關，請進行調查吧。	마족과 내통하고 있는 인간이 있는 건 아닌지,{nl}무엇보다 실종 사건과 연관이 있을지 모르니 조사를 부탁드립니다.				입항 수속 담당자
QUEST_LV_0500_20220624_001864	在啟示者到來之前，我已經進行可能的調查了。	계시자님이 오시기 전까지 가능한 조사는 이미 해두었습니다.				입항 수속 담당자
QUEST_LV_0500_20220624_001865	據說在帕薩卡峽谷和大王關口、伊基提沿岸都有叫尼悠雷名字的人，請你調查一下吧。	파사카 협곡과 대왕의 관문, 이기티 연안에 니욜레라는 이름을 가진 사람이 있다고 하니 조사를 부탁드립니다.				입항 수속 담당자
QUEST_LV_0500_20220624_001866	咦？{nl}有關我的介紹嗎？{nl}	네?{nl}저에 대한 소개요?{nl}				니욜레
QUEST_LV_0500_20220624_001867	我的…名字叫尼悠雷，我是耐斯透斯派的人。{nl}堅信女神到底的信念…{nl}	제.. 이름은 니욜레고, 네스토스파의 사람이에요.{nl}여신을 끝까지 믿고자 하는 신념을..{nl}				니욜레
QUEST_LV_0500_20220624_001868	啊！{nl}對了，您是哪位？	아니.{nl}그보다 당신은 누구신 거죠?				니욜레
QUEST_LV_0500_20220624_001869	原來在歐勒夏有過那樣的事情啊。{nl}雖然情況可以理解，但是我很想說我和那件事情沒有關係。{nl}我在這裡待很久囉。{nl}	오르샤에서 그런 일이 있었군요.{nl}사정은 이해하겠습니다만, 저는 그 일과는 상관이 없다고 말씀드리고 싶네요.{nl}저는 이곳에 머문 지 오래됐거든요.{nl}				니욜레
QUEST_LV_0500_20220624_001870	如果您不相信，可以跟其它人確認一下。	믿지 못하시겠다면, 다른 분께 확인해보셔도 괜찮습니다.				니욜레
QUEST_LV_0500_20220624_001871	你在問我的名字嗎？{nl}我叫尼悠雷。{nl}我在這裡和研究員們一起共事。	제 이름을 묻는 건가요?{nl}저는 니욜레라고 합니다.{nl}이곳에서 연구원들과 함께하고 있어요.				니욜레
QUEST_LV_0500_20220624_001872	雖然不是經常停留在這裡，但是在這一帶度過了大半輩子。{nl}您應該也知道，在神樹之日之後，刺激研究員的好奇心的事情變得更多了。{nl}	항상 이곳에 머물고 있지는 않지만, 이 일대에서 대부분의 일생을 보냈죠.{nl}아시겠지만 신수의 날 이후로는 연구원의 호기심을 자극할만한 것들이 더 많아졌죠.{nl}				니욜레
QUEST_LV_0500_20220624_001873	失蹤者們的事情真的很遺憾。{nl}希望大家平安無事。	실종자들의 일은 유감입니다.{nl}모두 무사하길 바랄게요.				니욜레
QUEST_LV_0500_20220624_001874	我的名字叫尼悠雷。{nl}我是服侍尤拉泰女神的繼承者。	제 이름은 니욜레입니다.{nl}유라테 여신을 모시는 전승자이죠.				니욜레
QUEST_LV_0500_20220624_001875	您是說進入歐勒夏的船上出現了失蹤者嗎？{nl}您說在潛入的魔族的隨身物品中有和我一樣的名字啊。	오르샤에 입항한 배에서 실종자가 발생했다는 말씀이신가요?{nl}숨어든 마족의 소지품에서 저와 같은 이름이 언급되었다는 말씀이시군요.				니욜레
QUEST_LV_0500_20220624_001876	你是說從莫洛斯出發的船有兩艘，{nl}本來應該要搭這艘船的難民們因為搞錯了而搭上了其它的船，然後遭到魔族的襲擊啊。	모로스에서 출발한 배가 두 개였고,{nl}이쪽 배에 탔어야 할 피난민들이 착오로 다른 배에 승선했다가 마족의 습격을 받았다는 말씀이시군요.				입항 수속 담당자
QUEST_LV_0500_20220624_001877	那麼，尼悠雷這個人物的真實身份是什麼呢？	그럼 그, 니욜레라는 인물의 정체는 무엇이었나요?				입항 수속 담당자
QUEST_LV_0500_20220624_001878	什麼？{nl}你是說藥草嗎？	네?{nl}약초라는 말씀입니까?				입항 수속 담당자
QUEST_LV_0500_20220624_001879	真是虛無啊…	허무하네요..				입항 수속 담당자
QUEST_LV_0500_20220624_001880	那麼，我會向上級報告，失蹤者們的營救委託給啟示者了。	그럼 실종자들의 구출은 계시자님께 의뢰하였다고 상부에 보고하겠습니다.				입항 수속 담당자
QUEST_LV_0500_20220624_001881	順利完成了嗎？{nl}	잘 처리하고 오셨나요?{nl}				니욜레
QUEST_LV_0500_20220624_001882	藥草…嗎？{nl}你相信那個嗎？{nl}	약초.. 말입니까?{nl}그걸 믿던가요?{nl}				니욜레
QUEST_LV_0500_20220624_001883	{nl}沒關係。{nl}重要的不是那個部分。{nl}{nl}準備好了嗎？	{nl}상관은 없습니다.{nl}중요한 건 그 부분이 아니니.{nl}{nl}준비 되셨습니까?				니욜레
QUEST_LV_0500_20220624_001884	為了對在歐勒夏委託您這件事情的人隱藏魔神尼悠雷的存在，請您處理後再回來吧。{nl}然後就能進入尤拉泰女神的領域了。	오르샤에서 당신께 이 일을 의뢰한 자에게 마신 니욜레의 존재를 숨길 수 있도록 처리하고 오십시오.{nl}그 후에 유라테 여신의 영역으로 들어가도록 하죠.				니욜레
QUEST_LV_0500_20220624_001885	您還在這裡呀。{nl}如果一直懷疑我的話，希望你知道這是誤會。	아직 이곳에 계셨군요.{nl}저를 계속 의심하고 계신다면 오해라는 점을 알아주시길 바랍니다.				니욜레
QUEST_LV_0500_20220624_001886	我知道你的任務很重要，{nl}但我希望你不要再耽誤我的時間了。{nl}因為我真的真的很忙。	당신의 임무가 중요한 건 알겠지만,{nl}더는 저의 시간을 빼앗지 않으셨으면 좋겠네요.{nl}정말 정말 바쁘거든요.				니욜레
QUEST_LV_0500_20220624_001887	莫洛斯的啟示者(15)	모로스의 계시자(15)				
QUEST_LV_0500_20220624_001888	什麼都不是	아무것도 아니라고 한다.				
QUEST_LV_0500_20220624_001889	失蹤的人員	실종된 인원				
QUEST_LV_0500_20220624_001890	幫助搜索	수색을 돕겠다고 한다				
QUEST_LV_0500_20220624_001891	不要在意	신경끈다				
QUEST_LV_0500_20220624_001892	同名同姓之人的尼悠雷 (1)	동명이인의 니욜레 (1)				
QUEST_LV_0500_20220624_001893	同名同姓之人的尼悠雷 (2)	동명이인의 니욜레 (2)				
QUEST_LV_0500_20220624_001894	很抱歉懷疑你	의심해서 미안하다고 한다				
QUEST_LV_0500_20220624_001895	保持沉默	침묵한다				
QUEST_LV_0500_20220624_001896	同名同姓之人的尼悠雷 (3)	동명이인의 니욜레 (3)				
QUEST_LV_0500_20220624_001897	沉沒的海盜船 (1)	가라앉는 나포선 (1)				
QUEST_LV_0500_20220624_001898	詢問沉默的意義	침묵의 의미에 대해 묻는다				
QUEST_LV_0500_20220624_001899	沉沒的海盜船 (2)	가라앉는 나포선 (2)				
QUEST_LV_0500_20220624_001900	還沒有	아직이라고 한다				
QUEST_LV_0500_20220624_001901	與歐勒夏手續負責人說話	오르샤 수속 담당자와 이야기하기				
QUEST_LV_0500_20220624_001902	從莫洛斯官邸抵達歐勒夏了。{nl} 少女的幻影要求幫助領主。{nl}和入港手續負責人交談，詢問有關伊內沙的位置。	모로스 공관에서 오르샤로 도착했다. {nl} 소녀의 환영은 영주를 도우라고 했다. {nl} 입항 수속자에게 말을 걸어 이네사의 위치에 대해서 물어보자.				
QUEST_LV_0500_20220624_001903	手續負責人在表示是啟示者後，就很親切地告知了領主的位置。{nl}請和歐勒夏的領主伊內沙黑蒙戴伊說話。	수속 담당자는 계시자인 것을 밝히자 친절하게 영주의 위치에 대해서 알려주었다.{nl}오르샤의 영주 이네사 헤먼데일과 이야기를 하자.				
QUEST_LV_0500_20220624_001904	與伊內沙黑蒙戴伊說話	이네사 헤먼데일과 이야기하기				
QUEST_LV_0500_20220624_001905	知道我們是啟示者的伊內決定提供我們所需要的支援。{nl}和伊內沙說話吧。	우리가 계시자임을 안 이네사는 우리에게 필요한 지원을 해주기로 한다.{nl}이네사와 이야기하자.				
QUEST_LV_0500_20220624_001906	女神遠征隊 	가디스 레이드 				
QUEST_LV_0500_20220624_001907	沉沒的海盜船	 가라앉는 나포선				
QUEST_LV_0500_20220624_001908	尋找歐勒夏入港手續負責人	오르샤의 입항 수속 담당자를 찾기				
QUEST_LV_0500_20220624_001909	聽說進入歐勒夏的船舶們的入港手續負責人正在搜索失蹤的難民們。{nl}請了解一下發生了什麼事，並幫助入港手續負責人吧。	오르샤로 들어오는 선박들의 입항 수속 담당자가 실종된 피난민들을 수색하고 있다고 합니다.{nl}무슨 일이 있는지 파악하고 입항 수속 담당자를 도우세요.				
QUEST_LV_0500_20220624_001910	在帕薩卡峽谷尋找尼悠雷進行調查	파사카 협곡에서 니욜레를 찾아 조사하기				
QUEST_LV_0500_20220624_001911	在發生失蹤者的船上有潛入的魔族，而且在該魔族的部份隨身物品中有	실종자가 발생한 배에 숨어든 마족이 있었고 해당 마족의 소지품 일부에서 				
QUEST_LV_0500_20220624_001912	的名字被提到了。{nl}	라는 이름이 언급되었습니다.{nl}				
QUEST_LV_0500_20220624_001913	是很常見的人類名字，但入港手續負責人被魔族提及，的確存在可疑之處。{nl}為了弄清尼悠雷的真實身份，需要進行調查。請先去找在帕薩卡峽谷的尼悠雷進行調查吧。	는 흔한 인간의 이름이지만, 입항 수속 담당자는 마족에게 언급되어 의심스러운 부분이 있다고합니다.{nl}니욜레의 정체를 알아내기 위해 조사가 필요합니다. 먼저 파사카 협곡에 있는 니욜레를 찾아가 조사하세요.				
QUEST_LV_0500_20220624_001914	和帕薩卡峽谷的尼悠雷對話	파사카 협곡의 니욜레와 대화하기				
QUEST_LV_0500_20220624_001915	在帕薩卡峽谷找到了尼悠雷。{nl}請和帕薩卡峽谷的尼悠雷對話。	파사카 협곡에서 니욜레를 찾았습니다.{nl}파사카 협곡의 니욜레와 대화하세요				
QUEST_LV_0500_20220624_001916	在大王關口尋找尼悠雷進行調查	대왕의 관문에서 니욜레를 찾아 조사하기				
QUEST_LV_0500_20220624_001917	在帕薩卡峽谷名叫尼悠雷的人，至少與此次事件沒有關聯。{nl}接下來，在大王關口尋找尼悠雷進行調查吧。	파사카 협곡에서 찾은 니욜레라는 사람은 적어도 이번 사건과는 연관이 없었습니다.{nl}다음은 대왕의 관문에서 니욜레를 찾아 조사하세요				
QUEST_LV_0500_20220624_001918	和大王關口的尼悠雷對話	대왕의 관문의 니욜레와 대화하기				
QUEST_LV_0500_20220624_001919	在大王關口找到尼悠雷了。{nl}大王關口的尼悠雷介紹自己是研究員。{nl}請和尼悠雷對話	대왕의 관문에서 니욜레를 찾았습니다.{nl}대왕의 관문에 있는 니욜레는 자신을 연구원이라고 소개했습니다.{nl}니욜레와 대화하세요				
QUEST_LV_0500_20220624_001920	在伊基提沿岸尋找尼悠雷調查	이기티 연안에서 니욜레를 찾아 조사하기				
QUEST_LV_0500_20220624_001921	在大王關口找到的尼悠雷也似乎與此次事件沒有關聯。{nl}最後，去找在伊基提沿岸的尼悠雷吧。	대왕의 관문에서 찾은 니욜레도 이번 사건과는 연관성이 없어보입니다.{nl}마지막으로 이기티 연안에 있다는 니욜레를 찾아가세요.				
QUEST_LV_0500_20220624_001922	和伊基提沿岸的繼承者尼悠雷對話	이기티 연안의 전승자 니욜레와 대화하기				
QUEST_LV_0500_20220624_001923	在伊基提沿岸找到了侍奉尤拉泰女神的繼承者尼悠雷了。{nl}請和繼承者尼悠雷對話	이기티 연안에서 유라테 여신을 모시는 전승자 니욜레를 찾았습니다{nl}전승자 니욜레와 대화하세요				
QUEST_LV_0500_20220624_001924	和歐勒夏入港手續負責人對話	오르샤의 입항 수속 담당자와 대화하기				
QUEST_LV_0500_20220624_001925	透過繼承者尼悠雷從尤拉泰女神那裡獲得了神諭。{nl}尤拉泰女神要求對事件的真相緘口不言，請僅將必要的部分向入港手續負責人報告。	전승자 니욜레를 통해 유라테 여신으로부터 신탁을 받았습니다.{nl}유라테 여신은 사건의 진상에 대해 함구하라 하였으니, 필요한 부분만 입항 수속 담당자에게 보고하세요.				
QUEST_LV_0500_20220624_001926	回去找伊基提沿岸的尼悠雷	이기티 연안의 니욜레에게 돌아가기				
QUEST_LV_0500_20220624_001927	我適當的和歐勒夏入港手續負責人瞎掰一下了。{nl}雖然入港手續負責人有些猶豫，幸好沒有懷疑。{nl}回去找伊基提沿岸的尼悠雷吧。	오르샤 입항 수속 담당자에게는 적당히 이야기를 둘러댔습니다{nl}입항 수속 담당자는 다소 찜찜한 기분을 내비쳤지만, 다행히 의심은 없어보입니다{nl}이기티 연안의 니욜레에게 돌아가세요				
QUEST_LV_0500_20220624_001928	完成女神遠征隊：沉沒的海盜船	가디스 레이드 : 가라앉는 나포선 완료하기				
QUEST_LV_0500_20220624_001929	請沿著尼悠雷在伊基提沿岸往開闢的道路，去消滅潔莉澤吧。{nl}不論難度如何，必須完成1次女神遠征隊：沉沒的海盜船。	이기티 연안에서 니욜레가 열어준 길을 따라 젤리젤을 처치하러 가십시오{nl}가디스 레이드 : 가라앉는 나포선을 난이도에 상관 없이 1회 완료하여야 합니다				
QUEST_LV_0500_20220914_001930	看到你平安到達，我稍微放心了。	무사히 도착한 것을 보니 조금 안심이 되는군.				대장군 라민
QUEST_LV_0500_20220914_001931	獲得關於注視者的線索後，追蹤結果發現這個傢伙藏在這裡的某個地方。	주시자가 사라진 곳에 대한 단서를 얻고 추적한 결과, 이 곳 어딘가에 놈이 숨었다는 사실을 알았다.				대장군 라민
QUEST_LV_0500_20220914_001932	這裡是領主德慕爾建造的祕密場所{nl}，他判斷大規模投入士兵太危險了。	이 곳은 델무어 영주가 만든 비밀의 장소 같은 곳이라{nl}대규모로 병사들을 투입하는 것은 너무 위험하다고 판단했다.				대장군 라민
QUEST_LV_0500_20220914_001933	所以他只叫帕亞烏塔和你以及少數士兵來。	그래서 파야우타와 자네 그리고 소수의 병사들만 오라고 했다.				대장군 라민
QUEST_LV_0500_20220914_001934	這裡肯定有注視者。{nl}不過，從現在開始要搜尋躲在那裡。	이 곳에 주시자가 있는 것은 분명해.{nl}그러나 어디에 숨었는지는 지금부터 수색해야겠지.				대장군 라민
QUEST_LV_0500_20220914_001935	如果做好粉碎那傢伙的私慾的準備，那就行動吧。	놈의 야욕을 부술 준비가 되었다면 움직여 보자.				대장군 라민
QUEST_LV_0500_20220914_001936	不尋常。	심상치 않아.				대장군 라민
QUEST_LV_0500_20220914_001937	注視者到底想在這地方做什麼呢？	주시자는 도대체 이곳에서 무엇을 하려는 거지? 				대장군 라민
QUEST_LV_0500_20220914_001938	真是不祥。如果連在這裡都拿不出證據的話…	어쩐지 불길해. 여기서조차 결론이 나지 않는다면…				대장군 라민
QUEST_LV_0500_20220914_001939	士兵們正在動搖。{nl}我安撫士兵們之後就會出發，{nl}你幫我調查一下帕亞烏塔和剛才的徵兆吧。	병사들이 동요하고 있다.{nl}나는 병사들을 진정시킨 뒤에 출발할테니{nl}파야우타와 방금 전 징조에 대해 조사해 주겠나?				대장군 라민
QUEST_LV_0500_20220914_001940	士兵之間好像流傳著很可怕的話。	병사들 사이에서 흉흉한 말들이 돌았나봐.				파야우타
QUEST_LV_0500_20220914_001941	安撫不安的士兵也是大將軍的任務吧。	불안해 하는 병사들을 진정시키는 일도 대장군님의 임무겠지.				파야우타
QUEST_LV_0500_20220914_001942	所以，我們也好好完成我們的任務吧！{nl}我要偵察周圍，你幫我清理一下周圍的怪物。	그러니 우리도 우리의 임무를 잘 해내자!{nl}나는 주변을 정찰할테니까 계시자 너는 그쪽 주변 몬스터들을 정리해줘.				파야우타
QUEST_LV_0500_20220914_001943	現在不是這樣的時候。{nl}快點各自做自己該做的事情吧。	이러고 있을 때가 아니야.{nl}빨리 각자 할 일을 하자.				파야우타
QUEST_LV_0500_20220914_001944	拉明大將軍好像已經完成了士兵們的重新整頓。{nl}現在快去吧！	라민 대장군님이 병사들의 재정비를 마친 거 같아.{nl}이제 가 보자!				파야우타
QUEST_LV_0500_20220914_001945	首先對動搖的士兵採取了適當的措施。	우선 동요하는 병사들에게는 적당한 조치를 취했다.				대장군 라민
QUEST_LV_0500_20220914_001946	現在開始調查吧。{nl}準備好了嗎？	이제 조사를 시작하도록 하지.{nl}준비는 되었나?				대장군 라민
QUEST_LV_0500_20220914_001947	不過，放著動搖的士兵們採取行動，情報非常不夠。{nl}我先再次回去歐勒夏整頓士兵，{nl}並從伊內沙領主那獲得情報回來吧。	그러나 동요하는 병사들을 두고 이동하기에는 정보가 너무 부족하다.{nl}난 우선 다시 오르샤로 돌아가 병사를 정돈하고,{nl} 이네사 영주로부터 정보를 구해서 돌아오지.				대장군 라민
QUEST_LV_0500_20220914_001948	到那時為止，我會和帕亞烏塔一起盡量收集情報。	그때까지 파야우타와 함께 최대한 모을 수 있는 정보를 모아주게.				대장군 라민
QUEST_LV_0500_20220914_001949	拉明大將軍去一趟歐勒夏時，我們最好還是做我們能做的事情。	라민 대장군님이 오르샤에 다녀오실 동안 우리는 우리가 할 수 있는 일을 하는 게 좋겠어.				파야우타
QUEST_LV_0500_20220914_001950	我在你擊退怪物的時候，調查了周圍。{nl}到處都有像是紅色痕跡一樣的東西。	네가 몬스터를 잡고 있는 동안 주변을 조사했는데,{nl}여기저기에서 붉은 흔적 같은 것이 있었어.				파야우타
QUEST_LV_0500_20220914_001951	這個…感覺就像是很久以前的克魯比那。從它們身上感受到了和剛才的震動相似的魔力波長。你可以幫我調查在拉伊普斯諾斯待命室裡是否有能噴出這種紅色痕跡的水晶嗎？{nl}我會查看你所調查的紅色痕跡。	이건 … 오래 전의 크루비나 같은 느낌이야. 그것들에서 방금 전 진동과 비슷한 마력 파장 같은 게 느껴졌거든. 너는 라이프스노스 대기실에 혹시 이런 붉은 흔적을 뿜는 수정 같은 게 있나 알아봐줄래?{nl}난 내가 조사한 붉은 흔적들을 좀 살펴봐야겠어.				파야우타
QUEST_LV_0500_20220914_001952	看這些痕跡的時候，看起來就像是克魯比那…	이 흔적들을 볼 때, 이건 크루비나 같아보이는데..				파야우타
QUEST_LV_0500_20220914_001953	看到從那邊回來的樣子，果然我預期的一致。{nl}給我赤紅水晶吧。	그쪽에서 돌아오는 걸 보니 역시, 예상이 맞았네. {nl}그 붉은 수정들을 줘봐.				파야우타
QUEST_LV_0500_20220914_001954	你所拿回來的赤紅水晶如我所預料，肯定與{#003399}克魯比那{/}有關係。	네가 가져온 붉은 수정들은 내 예상대로, {#003399}크루비나{/}와 관련된 게 틀림없어.				파야우타
QUEST_LV_0500_20220914_001955	如果你預料的沒錯，等候室中央周圍的怪物們那裡也會鑲有赤紅水晶，{nl}沿著那條路走，就可以見到注視者了吧？	네 예상이 맞다면, 대합실 중앙 주변의 몬스터들에게도 이 붉은 수정들이 박혀있을거고,{nl}그 길을 따라 가면 주시자놈을 만날 수 있겠는걸?				파야우타
QUEST_LV_0500_20220914_001956	沿著路消滅怪物收集水晶之後，再來找我吧。{nl}這些赤紅水晶會有用處的。	길을 따라 몬스터들을 잡아서 수정들을 모은 뒤에 만나자.{nl}이 붉은 수정이 쓸모가 있을 거야.				파야우타
QUEST_LV_0500_20220914_001957	果然你馬上就找到了。{nl}現在你帶來的水晶有助於打開這個結界。	역시 바로 찾아왔네.{nl}이제 네가 가져온 수정들이 이 결계를 여는 데 도움이 될 것 같아.				파야우타
QUEST_LV_0500_20220914_001958	要不要靠近一下結界呢？	한 번 결계에 다가가 볼까?				파야우타
QUEST_LV_0500_20220914_001959	如果赤紅水晶真的是很純粹的克魯比那，{nl}然後，那結界是注視者的結界的話，應該可以打破那結界…！	붉은 수정이 정말 순수한 크루비나라면,{nl}그리고 저 결계가 주시자의 결계라면 결계를 부술 수 있을거야…!				파야우타
QUEST_LV_0500_20220914_001960	快去看看吧。	어서 한 번 가봐.				파야우타
QUEST_LV_0500_20220914_001961	辛苦了。{nl}有什麼收穫嗎？	고생했다.{nl}무언가 수확이 있었나?				대장군 라민
QUEST_LV_0500_20220914_001962	原來那個就是卷軸啊。{nl}果然。答案總是在問題的附近。	그건 스크롤이군.{nl}역시. 언제나 해답은 문제의 근처에 있는 법.				대장군 라민
QUEST_LV_0500_20220914_001963	現在使用那卷軸，就能解除那結界。{nl}那個任務就交給你了。{nl}我在後面觀察周圍。	이제 그 스크롤을 이용해서 저 결계를 해제하는 것이다.{nl}그 역할은 자네가 해 주게.{nl}난 뒤에서 주변을 살피도록 하지.				대장군 라민
QUEST_LV_0500_20220914_001964	解除結界吧。{nl}如果是你的神聖力，也許足夠讓卷軸有反應。	결계를 해제해 주게.{nl}아마 자네의 신성력이라면 충분히 스크롤이 반응할거다.				대장군 라민
QUEST_LV_0500_20220914_001965	結界已解除了。{nl}向隱藏的通路進軍。	결계가 해제되었군.{nl}숨겨진 통로로 진군한다.				대장군 라민
QUEST_LV_0500_20220914_001966	注視者可能是透過等候室進入這裡後，啟動了結界。{nl}往裡走吧。	주시자는 대합실을 통해서 이 곳으로 진입한 뒤 결계를 작동해 두었을 것이다.{nl}안쪽으로 들어가 보자.				대장군 라민
QUEST_LV_0500_20220914_001967	真是讓人心情不好的氣息啊…{nl}一定要在這裡找出注視者並消滅掉才行…	기분나쁜 기운이군....{nl}이 곳에서 반드시 주시자를 찾아 없애야 한다....				대장군 라민
QUEST_LV_0500_20220914_001968	根據在歐勒夏聽見的情報，{nl}這裡很可能是德慕爾魯巴因防範自己無法控制克魯比那的力量， {nl}而在四處製作了魔力控置裝置。	오르샤에서 들은 정보에 의하면,{nl}이 곳에는 아마도 델무어 르바임이 자신이 크루비나의 힘을 제어할 수 없을 때를 대비해서{nl}곳곳에 마력 제어장치를 만들어 두었다는 것이다.				대장군 라민
QUEST_LV_0500_20220914_001969	無論注視者是否使用了那裝置，都沒有關係了。{nl}首先，為了以後做準備，確保深處的路，{nl}尋找那控制裝置，並找出能控制那魔力的方法會比較好。	주시자가 그 장치들을 이용했는지의 여부와는 관계없이,{nl}우선 나중을 대비하고 심부로의 길을 확보하기 위해{nl}그 제어장치들을 찾아 마력을 제어할 방도를 만들어 두면 좋을 것이다.				대장군 라민
QUEST_LV_0500_20220914_001970	雖然拿回了顯示控制裝置的位置的地圖…	제어 장치의 위치를 표시한 지도를 여기 받아왔는데…				대장군 라민
QUEST_LV_0500_20220914_001971	一展開顯示控制裝置的地圖就遭到怪物的襲擊…{nl}這是偶然嗎？	제어 장치가 표시된 지도를 펼치는 순간에 몬스터의 습격이라니....{nl}우연인가?				대장군 라민
QUEST_LV_0500_20220914_001972	總之，已阻止了襲擊，所以我就說明一下魔力控制裝置吧。	어쨌든 습격을 막았으니 마력 제어 장치에 대한 설명을 하도록 하지.				대장군 라민
QUEST_LV_0500_20220914_001973	我們現在必須操作這4個魔力控制裝置。	우리는 이제 이 4개의 마력 제어 장치를 조작해야만 한다.				대장군 라민
QUEST_LV_0500_20220914_001974	第一個魔力控制裝置在德慕爾連接路那邊，你確認一下吧。	첫번째 마력 제어 장치는 델무어 연결로 쪽에 있으니 자네가 확인 해 보도록.				대장군 라민
QUEST_LV_0500_20220914_001975	另一邊帕亞烏塔就交給你走一趟吧。	다른 쪽은 파야우타 자네가 다녀오게.				대장군 라민
QUEST_LV_0500_20220914_001976	前往這邊顯示的第一個裝置並啟動吧。{nl}位置就標示在地圖上。	이 쪽에 표시된 첫 번째 장치로 가서 작동을 시켜라.{nl}위치는 지도에 표시되어 있다.				대장군 라민
QUEST_LV_0500_20220914_001977	控制裝置還沒有運作嗎？{nl}可能是因為好久沒有使用，所以魔力沒有了吧。	제어 장치가 작동하지 않았다는 것인가?{nl}아마도 오랜 시간 사용하지 않아서 마력이 떨어진 모양이군. 				대장군 라민
QUEST_LV_0500_20220914_001978	為了應對這種情況，歐勒夏的領主讓出了自己的墜飾。{nl}雖然是很小的墜飾，但據說可以注入大量的魔力。	이런 상황을 대비해서 오르샤의 영주가 자신의 펜던트를 내주었다.{nl}작은 펜던트지만 대량의 마력을 주입할 수 있다고 한다.				대장군 라민
QUEST_LV_0500_20220914_001979	消滅周圍的怪物們，將魔力注入至墜飾後，應該就可以重新啟動控制裝置。	주변의 몬스터들을 처치해서 펜던트에 마력을 주입해 두면 제어 장치를 다시 가동할 수 있을 것이다.				대장군 라민
QUEST_LV_0500_20220914_001980	擊退在這一帶的怪物，對墜飾補充魔力就好。	이 일대에 있는 몬스터를 잡아 펜던트에 마력을 채우면 된다.				대장군 라민
QUEST_LV_0500_20220914_001981	真是了不起。{nl}這些數量，控制裝置就能運作了。	훌륭하군.{nl}이 정도면 제어 장치가 작동할 것이다.				대장군 라민
QUEST_LV_0500_20220914_001982	墜飾似乎已收集足夠的魔力了。{nl}現在帶著那個，再次前往控制裝置並啟動吧。	펜던트에 마력이 충분히 모인 듯 하다.{nl}이제 그걸 가지고 다시 제어 장치로 가서 작동시키도록.				대장군 라민
QUEST_LV_0500_20220914_001983	魔力控制裝置運作了嗎？	마력 제어 장치는 작동되었나?				대장군 라민
QUEST_LV_0500_20220914_001984	第一，魔力控制裝置已運作了。	첫 번째 마력 제어 장치가 작동되었군.				대장군 라민
QUEST_LV_0500_20220914_001985	因為控制裝置運作了，讓人心情不好的壓迫感似乎稍微消失了。{nl}辛苦了。	역시. 제어장치가 작동되니 기분 나쁜 위압감이 조금 사라진 것 같다.{nl}수고했다.				대장군 라민
QUEST_LV_0500_20220914_001986	那麼，現在輪到啟動剩下的魔力控制裝值了。{nl}嗯…越過中央廣場，應該就能看到了。	그럼 이제 나머지 마력 제어 장치를 작동시킬 차례다.{nl}어디… 중앙 광장을 넘어가면 있는 모양이군.				대장군 라민
QUEST_LV_0500_20220914_001987	在中央廣場和帕亞烏塔會合後前往。	중앙 광장에서 파야우타와 합류해서 간다.				대장군 라민
QUEST_LV_0500_20220914_001988	沒關係嗎？	괜찮나?				대장군 라민
QUEST_LV_0500_20220914_001989	注視者的最後一定……。	주시자의 마지막은 반드시…….				대장군 라민
QUEST_LV_0500_20220914_001990	啊，我暫時與拉明大將軍有話要說。{nl}能不能讓一下位子呢？	아, 나는 잠시 라민 대장군님이랑 할 이야기가 있어.{nl}자리를 좀 비켜주지 않을래? 				파야우타
QUEST_LV_0500_20220914_001991	竟然在暫時放心的時候，遭到了奇襲…{nl}作為大將軍的我真是慚愧。	잠시 방심한 사이에 기습을 당하다니...{nl}대장군으로서 부끄럽군.				대장군 라민
QUEST_LV_0500_20220914_001992	無論如何，趕快啟動控制裝置，追擊注視者吧。	어쨌든 빨리 제어 장치를 작동하고 주시자를 추격하도록 하지.				대장군 라민
QUEST_LV_0500_20220914_001993	我暫時要去確認一下士兵們的狀態。{nl}如果有什麼事，就與帕亞烏塔對話。	난 잠시 병사들의 상태를 확인하고 오겠다.{nl}무슨 일이 생기면 파야우타와 이야기를 하도록.				대장군 라민
QUEST_LV_0500_20220914_001994	馬上就感覺到第二個魔力裝置啓動了！{nl}辛苦了！	두 번째 마력 장치가 작동한게 바로 느껴질 정도였어!{nl}고생했어!				파야우타
QUEST_LV_0500_20220914_001995	墜飾的魔力也還很充足，最後的魔力控制裝置應該沒有問題。{nl}馬上啟動最後的魔力裝置吧。	펜던트의 마력도 아직 충분한 걸 보니 마지막 마력 제어 장치는 문제 없을거야.{nl}바로 마지막 마력 장치를 작동해보자.				파야우타
QUEST_LV_0500_20220914_001996	事情正在有條不紊地進行著。{nl}就這麼把那傢伙…	일이 차근차근 진행되고 있어.{nl}이대로 놈을…				파야우타
QUEST_LV_0500_20220914_001997	剛才的震動和巨響是什麼呢？{nl}拉明大將軍聽見了嗎？	방금 진동이랑 굉음은 뭐지?{nl}라민 대장군님은 들으셨나요?				파야우타
QUEST_LV_0500_20220914_001998	剛才的巨響是什麼？	방금 전 굉음은 뭐지?				대장군 라민
QUEST_LV_0500_20220914_001999	啟動了最後的魔力控制裝置，結果出現了這樣的巨響？{nl}先去聲音的源頭的中央廣場看看吧。	마지막 마력 제어 장치를 작동시켰더니 이런 굉음이 발생했다고?{nl}일단 소리의 근원인 중앙 광장 쪽으로 가보자.				대장군 라민
QUEST_LV_0500_20220914_002000	終於抵達了注視者躲藏的議事堂了。{nl}注視者所在的位置都是特定的。{nl}那家伙在這裡好像在策劃著什麼。	드디어 주시자가 숨어있는 의사당에 도착했다.{nl}주시자가 있는 위치는 특정할 수 있다.{nl}녀석은 여기서 무언가를 꾸미고 있는 모양이야.				대장군 라민
QUEST_LV_0500_20220914_002001	總之，注視者所在的地方會有結界。{nl}從這裡開始我也沒從領主那裡聽到過什麼。	일단 주시자가 있을 법한 곳에 결계가 있다.{nl}여기서부터는 나도 영주에게 들은 것이 없다.				대장군 라민
QUEST_LV_0500_20220914_002002	啟示者，如果是你的力量也許可以破壞結界。{nl}破壞結界看看吧。	계시자, 너의 힘이라면 결계를 파괴할 수도 있을지 모른다.{nl}결계를 파괴해봐라.				대장군 라민
QUEST_LV_0500_20220914_002003	時間是分秒必爭。{nl}趕快破壞結界吧。	시간은 일각을 다투고 있다.{nl}어서 결계를 파괴해라.				대장군 라민
QUEST_LV_0500_20220914_002004	有時候以獲得啟示之人的神聖力也難以破壞…{nl}帕亞烏塔，沒有什麼辦法嗎？	한 때 계시를 받은 자의 신성력으로도 파괴는 힘들다는 건가…{nl}파야우타, 무언가 방법이 없나?				대장군 라민
QUEST_LV_0500_20220914_002005	我從等候室開始就感覺到了…{nl}這地方有我們以為全部都消失很久的克魯比那，而且那克魯比那對結界並沒有太大的反應。{nl}好像有更強大的力量…在守護這個魔法屏障。	내가 대합실에서부터 느꼈지만…{nl}이 곳에 오래 전 모두 사라진 줄 알았던 크루비나도 있고, 그 크루비나가 결계에 큰 반응도 없었거든.{nl}뭔가 더 엄청난 힘이… 이 마법 장벽을 지키고 있는 것 같았어.				파야우타
QUEST_LV_0500_20220914_002006	希望我的預想是錯的，所以調查了一下…	내 예상이 틀리길 바라면서 조사를 해봤는데...				파야우타
QUEST_LV_0500_20220914_002007	這個…	이건…				파야우타
QUEST_LV_0500_20220914_002008	{#003399}莫提尼斯{/}啊。	{#003399}머티니스{/}야.				파야우타
QUEST_LV_0500_20220914_002009	明明知道什麼都被破壞掉了…	분명 모두 파괴되었다고 알고 있었는데....				파야우타
QUEST_LV_0500_20220914_002010	這種{#003399}莫提尼斯{/}有幾個，因為那力量，所以屏障不會消失。	이런 {#003399}머티니스{/}가 몇 개 있고, 그 힘 때문에 장벽이 사라지지 않는거지. 				파야우타
QUEST_LV_0500_20220914_002011	找到{#003399}莫提尼斯{/}後，必須要破壞掉。	그 {#003399}머티니스{/}를 찾아서 파괴해야 해.				파야우타
QUEST_LV_0500_20220914_002012	如果找到{#003399}莫提尼斯{/}，一定要破壞掉它。	{#003399}머티니스{/}를 찾으면 반드시 파괴하자.				파야우타
QUEST_LV_0500_20220914_002013	....{nl}帕亞烏塔...	....{nl}파야우타...				대장군 라민
QUEST_LV_0500_20220914_002014	世界的毀滅…{nl}注視者竟然計劃這麼可怕的事情…{nl}現在不是這樣子的時候了。	세상의 파멸....{nl}주시자는 이런 끔찍한 것을 계획하고 있었다니....{nl}이러고 있을 때가 아니다.				대장군 라민
QUEST_LV_0500_20220914_002015	阻止注視者的計略，救出帕亞烏塔。	주시자의 계략을 막고, 파야우타를 구해낸다.				대장군 라민
QUEST_LV_0500_20220914_002016	我必須把這件事情告訴公主，讓她知道事態的嚴重性。{nl}請你前往歐勒夏，把這事實告訴領主吧。.	난 이 일을 공주님께 사태의 심각성을 알려야겠네.{nl}자네는 오르샤에 가서 영주에게 이 사실을 알려주길 바란다.				대장군 라민
QUEST_LV_0500_20220914_002017	啟示者，您回來啦。{nl}帕亞烏塔和拉明大將軍在哪裡呢？	계시자님, 돌아오셨군요.{nl}파야우타 씨와 라민 대장군은 어디에 계신거죠?				이네사 헤먼데일
QUEST_LV_0500_20220914_002018	注視者帶著帕亞烏塔消失了，注視者的真正目標是破壞神樹…	주시자가 파야우타 씨를 데리고 사라졌고, 주시자의 진정한 목표는 신수를 파괴하는 것....				이네사 헤먼데일
QUEST_LV_0500_20220914_002019	難以置信…{nl}雖然難以置信…但是好像不是在說謊。	믿겨지지 않군요...{nl}믿겨지지 않지만... 거짓을 말씀하시는 거 같진 않습니다.				이네사 헤먼데일
QUEST_LV_0500_20220914_002020	為了以防萬一，拉明大將軍和啟示者派遺了調查隊到之前去的地方。{nl}如果找到關於注視者的痕跡，我會馬上告訴您的。	혹시 몰라 라민 대장군과 계시자님이 앞서 간 곳에 조사대를 파견했습니다.{nl}주시자에 관련된 흔적을 찾는다면 바로 말씀을 드리겠습니다.				이네사 헤먼데일
QUEST_LV_0500_20220914_002021	正好在魔法社團議事堂的調查隊好像發現到什麼了。{nl}請前往魔法社團議事堂吧。	마침 마법 결사의 의사당에 있던 조사대가 뭔가 발견한 모양입니다.{nl}마법 결사의 의사당으로 향해 주십시오.				이네사 헤먼데일
QUEST_LV_0500_20220914_002022	伊內沙黑蒙戴伊	이네사 헤먼데일 				
QUEST_LV_0500_20220914_002023	魔法社團議事堂好像有什麼痕跡。{nl}說不定是關於注視者的情報，請確認一下吧。	마법 결사의 의사당에 무언가 흔적이 있는 듯 합니다.{nl}혹시 주시자에 대한 정보일지도 모르니 한번 확인해보시죠.				이네사 헤먼데일 
QUEST_LV_0500_20220914_002024	歐勒夏調查員	오르샤 조사원				
QUEST_LV_0500_20220914_002025	您好。啟示者，我奉領主的命令，正在查調這裡。	안녕하세요. 계시자님, 저는 영주님의 명을 받아서 이곳을 조사하는 중입니다.				오르샤 조사원
QUEST_LV_0500_20220914_002026	我有調查員中，有一部份的人進入那水晶裡面調查後，就再也沒有回來了。	저희 조사원 중 일부가 저 수정 안으로 들어가서 조사를 한 뒤에 돌아오지 못하고 있습니다.				오르샤 조사원
QUEST_LV_0500_20220914_002027	但是，某一天從水晶裡掉出了一張紙條。{nl}內容說以為被擊倒的變質的傳播者其實還活著。	그러던 어느 날 수정 안에서 쪽지가 한 장 떨어졌습니다.{nl}내용은 쓰러뜨린 줄 알았던 변질의 전파자가 살아있다고 합니다.				오르샤 조사원
QUEST_LV_0500_20220914_002028	可能我們打倒的其實是分身。{nl}根據紙條的內容，目前調查員正被傳流者追趕。{nl}請拯救我的夥伴們吧。	아마 저희가 쓰러뜨리는 것은 분신일 거라는 이야기가 있습니다.{nl}쪽지에 따르면 현재 조사원들은 전파자에게 쫓기고 있다고 합니다.{nl}제 동료들을 구해주십시오.				오르샤 조사원
QUEST_LV_0500_20220914_002029	啟示者....謝謝你的幫忙。	계시자님.... 도와주셔서 감사합니다...				오르샤 조사원
QUEST_LV_0500_20220914_002030	我再次進入激動之核，尋找死去的夥伴們的屍體或物品…	저는 다시 격동의 핵으로 들어가서 죽은 동료들의 시신이나 물건들을 찾아보겠습니다...				오르샤 조사원
QUEST_LV_0500_20220914_002031	感謝你所做的，避免了更大的傷亡。	더 큰 피해가 발생하지 않게 해주셔서 감사합니다.				오르샤 조사원
QUEST_LV_0500_20220914_002032	這是帕亞烏塔啟動的魔力控制裝置。{nl}帕亞烏塔似乎用其它的方法控制了魔力控制裝置的魔力。	파야우타가 가동한 마력 제어 장치이다.{nl}파야우타는 다른 수단으로 마력 제어 장치에 마력을 제어한 모양이다.				마력 제어 장치
QUEST_LV_0500_20220914_002033	啟示者，您在德慕爾激戰地的活躍，我已經聽說了。	계시자님, 델무어 격전지에서의 활약은 전해들었습니다.				이네사 헤먼데일
QUEST_LV_0500_20220914_002034	調查激戰地內部，找到了注視者的下落了。{nl}拉明大將軍和帕亞烏塔已經向前往注視者所在之處了。	격전지 내부를 조사해보니 주시자가 행방을 찾았습니다.{nl}이미 라민 대장군과 파야우타 씨가 먼저 주시자가 있는 곳으로 향했습니다.				이네사 헤먼데일
QUEST_LV_0500_20220914_002035	啟示者也可以助我們一臂之力吧？	계시자님도 힘을 빌려주시겠습니까?				이네사 헤먼데일
QUEST_LV_0500_20220914_002036	請透過德慕爾庭園前往德慕爾等候室吧。{nl}如果有需要幫忙的事情，我會誠心誠意地幫你的。	델무어 정원을 통해서 델무어 대합실로 향해주십시오.{nl}도와드릴 일이 있다면 성심성의껏 도움을 드리겠습니다.				이네사 헤먼데일
QUEST_LV_0500_20220914_002037	說現在很忙。	지금은 바쁘다고 한다.				
QUEST_LV_0500_20220914_002038	入口確保(1)	입구 확보(1)				
QUEST_LV_0500_20220914_002039	說完成其它事回來。	다른 일을 마치고 온다고 한다.				
QUEST_LV_0500_20220914_002040	入口確保(2)	입구 확보(2)				
QUEST_LV_0500_20220914_002041	說現在要做其它的事情。	지금은 다른 것을 해야한다고 한다.				
QUEST_LV_0500_20220914_002042	調查指示	조사 지시				
QUEST_LV_0500_20220914_002043	說現在要做其它事。	지금은 다른 일을 해야 한다고 한다.				
QUEST_LV_0500_20220914_002044	不祥的赤紅水晶(1)	불길한 붉은 수정(1)				
QUEST_LV_0500_20220914_002045	說準備好了。	준비가 되었다고 한다.				
QUEST_LV_0500_20220914_002046	說其它的事情先完成後就會回來。	다른 일은 먼저하고 오겠다고 한다.				
QUEST_LV_0500_20220914_002047	不祥的赤紅水晶(2)	불길한 붉은 수정(2)				
QUEST_LV_0500_20220914_002048	說獨自前往很危險。	혼자 가는 것은 위험하다고 한다.				
QUEST_LV_0500_20220914_002049	不祥的赤紅水晶(3)	불길한 붉은 수정(3)				
QUEST_LV_0500_20220914_002050	結界調查	결계 조사				
QUEST_LV_0500_20220914_002051	說處理其它事情後就會回來。	다른 일을 처리하고 오겠다고 한다.				
QUEST_LV_0500_20220914_002052	洩出不祥的氣息的地方(1)	불길한 기운이 새어나오는 곳(1)				
QUEST_LV_0500_20220914_002053	洩出不祥的氣息的地方(2)	불길한 기운이 새어나오는 곳(2)				
QUEST_LV_0500_20220914_002054	說隨便路碰觸結界是很危險的。	결계를 함부로 건드는 것은 위험하다고 한다.				
QUEST_LV_0500_20220914_002055	增強的不祥的氣息(1)	강해지는 불길한 기운(1)				
QUEST_LV_0500_20220914_002056	說處理其它事情後就回來。	다른 일을 처리하고 온다고 한다.				
QUEST_LV_0500_20220914_002057	增強的不祥的氣息(2)	강해지는 불길한 기운(2)				
QUEST_LV_0500_20220914_002058	詢問發生什麼事了。	무슨 일이 있는 건가 물어본다.				
QUEST_LV_0500_20220914_002059	說等一下再說。	좀 있다가 이야기하라고 한다.				
QUEST_LV_0500_20220914_002060	魔力控制(1)	마력 제어(1)				
QUEST_LV_0500_20220914_002061	說會先解決其它的事情。	다른 일을 먼저 해결하겠다고 한다.				
QUEST_LV_0500_20220914_002062	正在啟動裝置中…	장치를 작동하는 중...				
QUEST_LV_0500_20220914_002063	魔力控制裝置的魔力好像空盪盪的！	마력 제어 장치의 마력이 텅 비어 있는 것 같다!				
QUEST_LV_0500_20220914_002064	魔力控制(2)	마력 제어(2)				
QUEST_LV_0500_20220914_002065	魔力控制(3)	마력 제어(3)				
QUEST_LV_0500_20220914_002066	說要再收集一些魔力。	마력을 더 모아야한다고 한다.				
QUEST_LV_0500_20220914_002067	阻擋的惡魔軍團	가로막는 악마군단				
QUEST_LV_0500_20220914_002068	說還沒準備好。	준비가 아직 안됐다고 한다.				
QUEST_LV_0500_20220914_002069	魔力控制(4)	마력 제어(4)				
QUEST_LV_0500_20220914_002070	說要先治療傷口。	부상을 먼저 치료해야 한다고 한다.				
QUEST_LV_0500_20220914_002071	魔力控制(5)	마력 제어(5)				
QUEST_LV_0500_20220914_002072	說需要暫時整頓。	잠시 정비를 해야한다고 한다.				
QUEST_LV_0500_20220914_002073	陰森的黑暗氣息	음산한 검은 기운				
QUEST_LV_0500_20220914_002074	說馬上過去	바로 가자고 한다.				
QUEST_LV_0500_20220914_002075	說很危險，稍微再準備一下。	위험하니 조금 더 준비를 한다고 한다.				
QUEST_LV_0500_20220914_002076	前往議事堂裡面	의사당 안으로				
QUEST_LV_0500_20220914_002077	阻擋的魔法屏障	가로막는 마법 장벽				
QUEST_LV_0500_20220914_002078	說還有要處理的事情。	아직 처리할 일이 있다고 한다.				
QUEST_LV_0500_20220914_002079	消滅莫提尼斯(1)	머티니스 제거(1)				
QUEST_LV_0500_20220914_002080	說消滅莫提尼斯後回來	머티니스를 제거하고 온다고 한다.				
QUEST_LV_0500_20220914_002081	說需要準備時間。	준비할 시간이 필요한다고 한다.				
QUEST_LV_0500_20220914_002082	消滅莫提尼斯(2)	머티니스 제거(2)				
QUEST_LV_0500_20220914_002083	消滅莫提尼斯(3)	머티니스 제거(3)				
QUEST_LV_0500_20220914_002084	阻止注視者(1)	주시자 저지(1)				
QUEST_LV_0500_20220914_002085	阻止注視者(2)	주시자 저지(2)				
QUEST_LV_0500_20220914_002086	動盪的預兆	격동의 조짐				
QUEST_LV_0500_20220914_002087	講述這段時間的故事。	그 동안의 이야기를 전한다.				
QUEST_LV_0500_20220914_002088	說需要心理的準備。	마음의 준비가 필요하다고 한다.				
QUEST_LV_0500_20220914_002089	前往激動之核 : RAID_CASTLE_EP14_2_MQ_2	격동의 핵으로 : RAID_CASTLE_EP14_2_MQ_2				
QUEST_LV_0500_20220914_002090	前往激動之核	격동의 핵으로				
QUEST_LV_0500_20220914_002091	追蹤注視者	주시자 추적				
QUEST_LV_0500_20220914_002092	說會會合。	합류하겠다고 한다.				
QUEST_LV_0500_20220914_002093	和大將軍拉民對話	대장군 라민과 이야기하기				
QUEST_LV_0500_20220914_002094	終於到達德慕爾等候室了。{nl}與大將軍拉民談談今後的作戰吧。	마침내 델무어 대합실에 도착했다. {nl} 대장군 라민과 앞으로의 작전에 대해서 이야기를 해보자.				
QUEST_LV_0500_20220914_002095	大將軍拉民說做好準備後，就過來找他。{nl}做好萬全的準備，與大將軍拉民對話吧。	대장군 라민은 준비가 되면 자신에게 오라고 한다. {nl} 만전의 준비를 하고 대장군 라민에게 이야기를 하자.				
QUEST_LV_0500_20220914_002096	因為剛才的震動，士兵們都陷入混亂了。{nl}請和大將軍拉民對話吧。	방금 전의 진동으로 병사들이 혼란에 빠져있다. {nl} 대장군 라민과 이야기를 하자.				
QUEST_LV_0500_20220914_002097	因為剛才的震動，歐勒夏士兵們陷入混亂了。{nl}和大將軍拉民談談該怎麼做吧。	방금 전 진동으로 오르샤 병사들이 혼란에 빠졌다. {nl} 대장군 라민과 어떻게 해야할지 이야기를 하자.				
QUEST_LV_0500_20220914_002098	大將軍拉民正在重新整頓歐勒夏軍，非常忙碌。{nl}請和帕亞烏塔談談今後的計劃吧。	대장군 라민은 오르샤 군을 재정비하느라 바쁘다. {nl} 파야우타와 앞으로의 계획에 대해 이야기를 하자.				
QUEST_LV_0500_20220914_002099	消滅變異雪貂 	블릭페릿 처치				
QUEST_LV_0500_20220914_002100	因為一陣震動與怪物襲擊，使不安情緒進一步高漲。{nl}與帕亞烏塔對話，找出解決方案吧。	한 차례 진동과 몬스터의 습격으로 불안감이 더욱 고조되었다. {nl} 파야우타와 이야기를 해서 해결책을 찾아보자.				
QUEST_LV_0500_20220914_002101	消滅 xxx	xxx 처치				
QUEST_LV_0500_20220914_002102	消滅周圍的xxx吧。	주변에 xxx를 처치하자.				
QUEST_LV_0500_20220914_002103	已清理周圍的怪物了。{nl}請和帕亞烏塔見面吧。	주변에 있던 몬스터들을 정리를 했다. {nl} 파야우타에게 이야기를 하자.				
QUEST_LV_0500_20220914_002104	在清理周圍怪物的期間，拉民好像已經完成歐勒夏軍的整頓了。{nl} 和拉民對話吧。	주변 몬스터들을 정리한 사이에 라민이 오르샤 군의 정비를 마친 모양이다. {nl} 라민과 대화하자.				
QUEST_LV_0500_20220914_002105	聽取大將軍拉民的說明	대장군 라민의 설명듣기				
QUEST_LV_0500_20220914_002106	拉民為了獲得情報，離開歐勒夏了。	라민은 오르샤에서 정보를 얻기 위해서 떠났다.				
QUEST_LV_0500_20220914_002107	拉民為了找到情報，回到了歐勒夏了。{nl}在他回來的期間，請與帕亞烏塔調查這地方。{nl}與帕亞烏塔對話吧。	라민은 정보를 찾기 위해 오르샤로 돌아갔다. {nl} 그가 돌아올 동안 파야우타와 이곳을 조사해야한다. {nl} 파야우타와 이야기하자.				
QUEST_LV_0500_20220914_002108	採集赤紅水晶	붉은 수정 채취하기				
QUEST_LV_0500_20220914_002109	帕亞烏塔說 拉伊普斯諾斯待命室那邊的赤紅水晶與剛才震動的魔力波長差不多。 {nl}挖取水晶，並拿回去給帕亞烏塔吧。	파야우타는 라이프스노스 대기실 쪽의 붉은 수정들이 방금 전 진동의 마력 파장과 비슷하다고 한다. {nl} 수정을 캐서 파야우타에게 가져가자.				
QUEST_LV_0500_20220914_002110	按照帕亞烏塔的吩咐，採取赤紅水晶了。{nl}回去與帕亞烏塔見面吧。	파야우타가 시킨대로 붉은 수정을 채취했다. {nl} 파야우타에게 돌아가자.				
QUEST_LV_0500_20220914_002111	帕亞烏塔看到帶回來的水晶，好像知道了什麼。{nl}與帕亞烏塔對話吧。	파야우타는 가져온 수정을 보고 무언가 안 거 같다.{nl}파야우타에게 이야기를 걸어보자.				
QUEST_LV_0500_20220914_002112	消滅等候室中央的怪物獲得水晶	대합실 중앙의 몬스터를 처치해 수정 획득				
QUEST_LV_0500_20220914_002113	帕亞烏塔說時間很緊湊，要去調查其它的地方。{nl}收集一下消滅拉伊普斯諾斯周圍的怪物後出現的水晶吧。	파야우타는 지체할 시간이 없다며 다른 곳을 조사해보겠다고 한다.{nl}라이프스노스 주변의 몬스터를 처치해 나온 수정을 모아보자.				
QUEST_LV_0500_20220914_002114	獲得%s	%s를 획득				
QUEST_LV_0500_20220914_002115	收集到帕亞烏塔拜託的水晶。{nl}前往地圖上顯示的位置和帕亞烏塔會合吧。	파야우타가 부탁했던 수정을 모았다.{nl}지도에 표시된 위치로 가서 파야우타와 합류하자.				
QUEST_LV_0500_20220914_002116	清理周圍怪物了。{nl}去和帕亞烏塔見面吧。	주변 몬스터들을 정리했다.{nl}파야우타에게 가보자.				
QUEST_LV_0500_20220914_002117	據說帕亞烏塔找到了什麼線索…{nl}與她對話，瞭解一下線索吧。	파야우타가 무언가 단서를 찾았다고 하는데....{nl}그녀와 이야기를 해 단서에 대해서 알아보자.				
QUEST_LV_0500_20220914_002118	帕亞烏塔告知的結界調查	파야우타가 알려준 결계 조사				
QUEST_LV_0500_20220914_002119	帕亞烏塔說如果要穿過結界出來的話，可以使用注視者進去的通道。{nl}調查結界吧。	파야우타는 결계를 뚫고 나가면 주시자가 들어간 통로를 사용할 수 있다고 말한다.{nl}결계를 조사해보자.				
QUEST_LV_0500_20220914_002120	用一般的方法好像沒有辦法去除結界。{nl}與帕亞烏塔對話吧。	일반적인 방법으론 결계를 제거할 수 없는 것 같다.{nl}파야우타와 이야기를 하자.				
QUEST_LV_0500_20220914_002121	因為無法解除結界，遭遇到困難了。{nl}該怎麼做呢？{nl}與帕亞烏塔對話吧。	결계를 해제할 수 없어서 난관에 봉착했다.{nl}어떻게 해야할까?{nl}파야우타와 이야기를 해보자.				
QUEST_LV_0500_20220914_002122	尋找結界解除卷軸	결계 해제 스크롤 찾기				
QUEST_LV_0500_20220914_002123	拉民說德慕爾勒哈林在等候室某處留下了能解除這結界的卷軸。{nl}消滅實驗室裡的怪物們，尋找結界解除卷軸吧。	라민은 대합실 어딘가에 델무어 르하임이 결계를 해제할 스크롤을 남겨놨다고 한다.{nl}실험실 쪽의 몬스터들을 처치해 결계 해제 스크롤을 찾자.				
QUEST_LV_0500_20220914_002124	好像找到拉民所說的線索了。{nl}與拉民說話吧。	라민이 말했던 단서를 찾은 거 같다.{nl}라민과 이야기를 해보자.				
QUEST_LV_0500_20220914_002125	消滅變異雪貂，獲得%s	블릭페릿을 처치해 %s 획득				
QUEST_LV_0500_20220914_002126	與拉民說話	라민과 이야기하기				
QUEST_LV_0500_20220914_002127	獲得結界解除卷軸了。{nl}去找拉民，確認卷軸的真偽吧。	결계 해제 스크롤을 획득했다.{nl}라민에게 스크롤의 진위여부를 파악하자.				
QUEST_LV_0500_20220914_002128	解除警戒	결계를 해제하기				
QUEST_LV_0500_20220914_002129	拿回來的卷軸是可以解除結界的卷軸。{nl}使用卷軸，解除結界吧。	가져온 스크롤은 결계를 해제할 수 있는 스크롤이었다.{nl}스크롤을 사용해서 결계를 해제하자.				
QUEST_LV_0500_20220914_002130	解除警戒了。{nl}向拉民報告吧。	결계를 해제했다.{nl}라민에게 보고하자.				
QUEST_LV_0500_20220914_002131	在解除結界後到達的隱藏的通路感受到不尋常的氣息。{nl}與拉民對話，商量一下對策吧。	결계를 해제해서 도착한 숨겨진 통로에서 심상치 않은 기운이 느껴진다.{nl}라민과 이야기를 해서 대책을 생각해보자.				
QUEST_LV_0500_20220914_002132	在與拉民對話的過程中，感受到了黑暗的氣息和強烈的震動。{nl}與拉民對話，制定對策吧。	라민과 이야기를 하던 도중, 어둠의 기운과 함께 강한 진동이 느껴졌다.{nl}라민과 이야기를 해 대책을 세우자.				
QUEST_LV_0500_20220914_002133	剛才的震動好像比在等候室感受到的震動更強，更危險。{nl}和與拉民對話。	방금 전 진동은 대합실에서 느꼈던 진동보다 강하고, 위험해보인다.{nl}라민과 이야기를 해보자.				
QUEST_LV_0500_20220914_002134	消滅襲擊的怪物	습격한 몬스터를 처치하기				
QUEST_LV_0500_20220914_002135	在與拉民討論隱藏的通路時，怪物襲擊了。{nl}消滅怪物們吧。	라민과 숨겨진 통로에 대해서 이야기를 하던 도중 몬스터가 습격했다.{nl}몬스터들을 처치하자.				
QUEST_LV_0500_20220914_002136	擊退了怪獸的襲擊。	몬스터의 습격을 물리쳤다.				
QUEST_LV_0500_20220914_002137	已整頓怪物們的襲擊了。{nl}與拉民對話，了解一下該做什麼。	몬스터들의 습격을 정리했다.{nl}라민과 이야기를 해 무엇을 해야할 지 알아보자.				
QUEST_LV_0500_20220914_002138	尋找魔力控制裝置 	마력 제어 장치 찾기				
QUEST_LV_0500_20220914_002139	拉民說掌握德慕爾勒哈林留下的魔力控制裝置 3個後，就可以前往注視者躲藏的魔法社團議事堂。{nl}找到魔力控制裝置後，進行調查吧。	라민은 델무어 르바임이 남긴 마력 제어 장치 3개를 장악하면 주시자가 숨어있는 마법 결사의 의사당으로 갈 수 있다고 말한다.{nl}마력 제어 장치를 찾은 뒤에 조작해보자.				
QUEST_LV_0500_20220914_002140	雖然找到了魔力控制裝置，但是魔力空蕩蕩的，無法控制。{nl}向拉民報告吧。	마력 제어 장치를 찾았지만, 마력이 텅 비어서 제어할 수 없다고 한다.{nl}라민에게 보고하자.				
QUEST_LV_0500_20220914_002141	向拉民報告魔力控制裝置沒有魔力了。{nl}拉民會有對策吧？{nl}與拉民對話吧。	마력 제어 장치에 마력이 없다는 사실을 라민에 보고했다.{nl}라민은 대책이 있는 걸까?{nl}라민과 이야기를 해보자.				
QUEST_LV_0500_20220914_002142	消滅周圍怪物	주변 몬스터를 처치하기				
QUEST_LV_0500_20220914_002143	從拉民那裡取得的墜飾雖然可以收集魔力，但是還沒有收集充夠量的魔力。{nl}消滅周圍怪物，吸取魔力吧。	라민에게 받은 펜던트는 마력을 모을 수 있지만, 충분한 양의 마력이 모이지 않았다.{nl}주변 몬스터를 처치해 마력을 흡수하자.				
QUEST_LV_0500_20220914_002144	這種程度的話，似乎已經聚集了足夠的魔力。{nl}回去與拉民見面吧。	이 정도면 마력이 충분히 모인 듯하다. {nl}라민에게 돌아가자.				
QUEST_LV_0500_20220914_002145	消滅德慕爾連接路的怪物	델무어 연결로의 몬스터 처치				
QUEST_LV_0500_20220914_002146	操作魔力控制裝置	마력 제어 장치 조작하기				
QUEST_LV_0500_20220914_002147	啟動第一個魔力控制裝置了。{nl}現在，必須尋找第二個魔力控制裝置的位置。{nl}請與拉民對話。	첫번째 마력 제어 장치를 가동했다.{nl}이제 두번째 마력 제어 장치의 위치를 찾아야한다.{nl}라민과 이야기를 해보자.				
QUEST_LV_0500_20220914_002148	前往第二個魔力控制裝置	두번째 마력 제어 장치로 가기				
QUEST_LV_0500_20220914_002149	前往第二個魔力控制裝置，確認魔力控制裝置的狀態吧。	두번째 마력 제어 장치로 가서 마력 제어 장치의 상태를 확인해보자.				
QUEST_LV_0500_20220914_002150	為了躲避怪物們的襲擊，向周圍的安全場所移動了。{nl}與拉民對話吧。	몬스터들의 습격을 피해 주변의 안전한 장소로 이동했다.{nl}라민과 이야기를 하자.				
QUEST_LV_0500_20220914_002151	看來拉民的士兵們在奇襲中受傷了。{nl}與拉民對話吧。	라민의 병사들이 기습으로 인해서 부상을 당한 모양이다.{nl}라민와 이야기를 하자.				
QUEST_LV_0500_20220914_002152	啟動第二個魔力控制裝置	두 번째 마력 제어 장치 가동하기				
QUEST_LV_0500_20220914_002153	前往拉民所告知的第二個魔力控制裝置的位置並啟動裝置。	라민이 알려준 두번째 마력 제어 장치의 위치로 가 장치를 가동하자.				
QUEST_LV_0500_20220914_002154	消滅埋伏的怪物	매복해있던 몬스터 처치				
QUEST_LV_0500_20220914_002155	讓第二個魔力控制裝置運作	두번째 마력 제어 장치 작동시키기				
QUEST_LV_0500_20220914_002156	消滅奇襲的怪物們後，伊內沙的墜飾好像收集足夠的魔力了。{nl}啟動第二個魔力控制裝置吧。	기습한 몬스터들을 처치해 이네사의 펜던트에 충분한 마력이 모인 것 같다.{nl}두번째 마력 제어 장치를 작동시켜보자.				
QUEST_LV_0500_20220914_002157	啟動第二個魔力控制裝置了。{nl}拉民正在治療傷口，去找帕亞烏塔對話吧。	두번째 마력 제어 장치를 작동시켰다.{nl}라민은 부상을 치료 중이니 파야우타에게 가서 이야기를 하자.				
QUEST_LV_0500_20220914_002158	已啟動第二個魔力控制裝置了。{nl}在拉民照顧士兵們時，與帕亞烏塔對話吧。	두번째 마력 제어 장치를 가동시켰다.{nl}라민이 병사들을 돌보는 동안 파야우타와 이야기를 나눠보자.				
QUEST_LV_0500_20220914_002159	啟動最後的魔力控制裝置	마지막 마력 제어 장치 가동하기				
QUEST_LV_0500_20220914_002160	啟動最後的魔力控制裝置吧。	마지막 마력 제어 장치를 가동하자.				
QUEST_LV_0500_20220914_002161	連最後的魔力控制裝置都啟動了。{nl}啟動最後的魔力控制裝置後，好像聽見了什麼巨響。…{nl}與帕亞烏塔對話吧。	마지막 마력 제어 장치까지 가동을 했다.{nl}마지막 마력 장치를 가동하니 뭔가 엄청난 굉음이 들렸는데...{nl}파야우타와 이야기를 해보자.				
QUEST_LV_0500_20220914_002162	因為剛在的聲響，所以拉民好像有事情找你。{nl}與拉民對話吧。	방금 전 굉음으로 라민이 당신에게 용건이 있는 모양이다.{nl}라민과 이야기를 해보자.				
QUEST_LV_0500_20220914_002163	移動至中央廣場	중앙 광장으로 이동하기				
QUEST_LV_0500_20220914_002164	拉民說要去中央廣場調查原因。{nl}移動到中央廣場，並調查原因吧。	라민은 원인을 조사하기 위해서 중앙 광장으로 가보자고 한다.{nl}중앙 광장으로 이동해 원인을 조사하자.				
QUEST_LV_0500_20220914_002165	消滅變異雪貂犧牲者	블릭페릿 프레이 처치				
QUEST_LV_0500_20220914_002166	進入議事堂	의사당으로 진입하기				
QUEST_LV_0500_20220914_002167	一消滅變異雪貂犧牲者，傳點便出現了。{nl}請透過傳點前往魔法社團議事堂。	블랙페릿 프레이를 처리하자, 포탈이 생겼다.{nl}이것을 타고, 마볍 결사의 의사당으로 가자.				
QUEST_LV_0500_20220914_002168	進到了議事堂。{nl}請與拉民對話。	의사당에 진입했다.{nl}라민과 이야기를 해보자.				
QUEST_LV_0500_20220914_002169	終於追蹤注視者追到了魔法社團議事堂。{nl}請與拉民對話。	주시자를 쫓아 드디어 마법 결사의 의사당에 도착했다.{nl}라민과 이야기를 하자.				
QUEST_LV_0500_20220914_002170	調查魔法屏障	마법 장벽 조사				
QUEST_LV_0500_20220914_002171	據說注視者會在圍有魔法屏障的地方。{nl}往這個方向調查吧。	주시자가 있을 법한 장소에 마력 장벽이 쳐져 있다고 한다.{nl}그것에 대해 조사해보자.				
QUEST_LV_0500_20220914_002172	似乎是有什麼力量支撐著魔法屏障。{nl}向拉民報告調查結果吧。	마력 장벽은 무언가의 힘에 의해 막혀있는 거 같다.{nl}조사 결과를 라민에게 보고하자.				
QUEST_LV_0500_20220914_002173	帕亞烏塔似乎知道魔法屏障的破解方法。{nl}與帕亞烏塔對話吧。	마법 장벽의 돌파구를 파야우타가 알고 있는 모양이다.{nl}파야우타와 이야기를 해보자.				
QUEST_LV_0500_20220914_002174	消滅莫提尼斯	머티니스 제거하기				
QUEST_LV_0500_20220914_002175	據帕亞烏塔所述，有三個莫提尼斯對魔法屏障與注視者提供魔力。{nl}按順序把它們消滅吧。	파야우타의 말에 의하면 마법 장벽과 주시자에게 마력을 공급하는 3개의 머티니스가 있다고 한다.{nl}순서대로 하나씩 제거해보자.				
QUEST_LV_0500_20220914_002176	據說有莫提尼斯。{nl}按順序把它們消滅吧。	머티니스가 있다고 한다.{nl}순서대로 하나씩 제거해보자.				
QUEST_LV_0500_20220914_002177	打倒埋伏的怪物	매복하고 있던 몬스터 처치				
QUEST_LV_0500_20220914_002178	打倒變質的傳播者	변질의 전파자 처치				
QUEST_LV_0500_20220914_002179	消除三個莫提尼斯後，魔法屏障消失了。{nl}前往注視者所在之處吧。	세 개의 머티니스를 제거하니 마법 장벽이 사라졌다.{nl}주시자가 있는 곳으로 향하자.				
QUEST_LV_0500_20220914_002180	請消滅擋路的變質傳播者。	앞을 가로막는 변질의 전파자를 처리하자.				
QUEST_LV_0500_20220914_002181	阻止注視者	주시자 저지하기				
QUEST_LV_0500_20220914_002182	已經打倒變質的傳播者。{nl}現在要阻止注視者。	변질의 전파자를 처리했다.{nl}이제 주시자를 막아야 한다.				
QUEST_LV_0500_20220914_002183	注視者帶走了帕亞烏塔。{nl}現在該怎麼做？{nl}請與拉民對話吧。	주시자가 파야우타를 데리고 갔다.{nl}이제 어떻게 해야할까?{nl}라민과 이야기를 해보자.				
QUEST_LV_0500_20220914_002184	注視者帶走了帕亞烏塔。{nl}現在該怎麼做？{nl}請與拉民對話吧。	주시자가 파야우타를 데리고 갔다.{nl}이제 어떻게 해야할까?{nl}라민과 이야기를 해보자				
QUEST_LV_0500_20220914_002185	拉民大將軍為了尋覓注視者的蹤跡，前去找卡歐尼拉公主了。{nl}請與歐勒夏領主聊聊這段時間的事。	라민 대장군은 주시자의 흔적을 찾기 위해서 카오닐라 공주에게 향했다.{nl}그 동안의 일을 오르샤의 영주와 이야기를 하자.				
QUEST_LV_0500_20220914_002186	與歐勒夏調查員對話	오르샤 조사원과 이야기하기				
QUEST_LV_0500_20220914_002187	據說伊內沙黑蒙戴伊正以魔法社團議事堂為中心展開調查。{nl}請前往魔法社團議事堂與調查員見面。	이네사 헤먼데일이 마법 결사의 의사당을 중심으로 조사를 진행하고 있다고 한다.{nl}마법 결사 의사당으로 가서 조사원을 만나자.				
QUEST_LV_0500_20220914_002188	與歐勒夏調查員對話	오르샤 조사원에게 이야기하기				
QUEST_LV_0500_20220914_002189	聽完歐勒夏調查員所述，決定進入樹根水晶內部。	오르샤 조사원의 이야기를 듣고, 뿌리 수정의 내부로 들어가기로 했다.				
QUEST_LV_0500_20220914_002190	完成[女神遠征隊：激動之核]	[가디스 레이드 : 격동의 핵] 클리어하기				
QUEST_LV_0500_20220914_002191	請完成[女神遠征隊：激動之核]	[가디스 레이드 : 격동의 핵]을 완수하세요				
QUEST_LV_0500_20220914_002192	請與歐勒夏調查員對話	오르샤 조사원과 이야기하세요				
QUEST_LV_0500_20220914_002193	在德慕爾激戰地調查的歐勒夏軍似乎帶回了情報。{nl}與歐勒夏領主伊內沙黑蒙戴伊聊聊吧。	델무어 격전지에서 조사를 하던 오르샤 군에게서 정보가 들어온 모양이다.{nl}오르샤의 영주 이네사 헤먼데일과 이야기를 하자.				
QUEST_LV_0500_20220914_002194	前往德慕爾等候室與拉民大將軍會合	델무어 대합실로 가 라민 대장군과 합류하기				
QUEST_LV_0500_20220914_002195	根據伊內沙所述，拉民大將軍與帕亞烏塔似乎已經前往德慕爾等候室。{nl}請穿越德慕爾庭園前往德慕爾等候室。	이네사에 말에 따르면 라민 대장군과 파야우타는 이미 델무어 대합실로 향한거 같다.{nl}델무어 정원을 넘어 델무어 대합실로 가자.				
QUEST_LV_0500_20221115_002196	啟示者，謝謝你上次在我調查激動之核時，幫忙處理了變質的傳播者。	계시자님, 지난번 격동의 핵 조사 중에 변질의 전파자를 처리해주셔서 감사합니다.				오르샤 조사원
QUEST_LV_0500_20221115_002197	在處理完變質的傳播者之後，在進行調查的途中，{nl}發現了前所未見的新種類的怪物。	변질의 전파자를 처리하고,{nl}조사를 진행하던 와중에 이때까지 본 적 없던 새로운 종류의 몬스터가 발견되었습니다.				오르샤 조사원
QUEST_LV_0500_20221115_002198	上半身是魔族，下半身是馬的怪物。	상체는 마족의 모습을 그리고 하체는 말과 같은 몬스터였습니다.				오르샤 조사원
QUEST_LV_0500_20221115_002199	我在那怪物發現之前趕緊逃跑了，但是我很難避開那個怪物進行調查。	그 괴물에 발각되기 전에 도망은 쳤지만, 그것을 피해서 조사하는 것은 어려울 거 같습니다.				오르샤 조사원
QUEST_LV_0500_20221115_002200	需要啟示者的幫助。	계시자님의 도움이 필요합니다.				영주 호위병
QUEST_LV_0500_20221115_002201	得快點處理掉激動之核裡面的怪物才能開始調查。	조사 진행을 위해 격동의 핵 안의 괴물을 빨리 처리해야 합니다.				오르샤 조사원
QUEST_LV_0500_20221115_002202	調查歐勒夏	오르샤 조사				
QUEST_LV_0500_20221115_002203	原來是你幫忙消滅了怪物。	몬스터를 처치해주셨군요.				오르샤 조사
QUEST_LV_0500_20221115_002204	我會跟領主報告這件事。{nl}謝謝你的幫忙。	저는 이 사실을 영주님께 보고를 드리겠습니다.{nl}협력해주셔서 감사합니다.				오르샤 조사
QUEST_LV_0500_20221115_002205	你說要成為捷豹，但一不小心就會成為敵人的箭靶。	재규어가 되었다고 방심하면 적들의 표적이 된다.				[재규어 마스터] 엘 이트샤
QUEST_LV_0500_20221115_002206	身為捷豹，現在要好好鍛鍊自己。	이제 재규어로서 자신을 단련하도록.				[재규어 마스터] 엘 이트샤
QUEST_LV_0500_20221115_002207	不要偷懶，快點鍛鍊自己。	게으름 피우지 말고, 어서 가서 자신을 단련해라.				[재규어 마스터] 엘 이트샤
QUEST_LV_0500_20221115_002208	辛苦了。{nl}身為捷豹，別忘了要經常鍛鍊自己。	고생했다.{nl}항상 재규어로서 단련을 잊지 말도록.				[재규어 마스터] 엘 이트샤
QUEST_LV_0500_20221115_002209	還有把敵人們痛苦地送到女神的身邊吧！	그리고 적들을 고통스럽게 여신의 곁으로 보내라.				[재규어 마스터] 엘 이트샤
QUEST_LV_0500_20221115_002210	疑問之怪：帕盧烏羅斯	의문의 몬스터 : 팔로우로스				
QUEST_LV_0500_20221115_002211	[捷豹] 狩獵的證明	[재규어] 사냥꾼의 증표				
QUEST_LV_0500_20221115_002212	其他事優先。	다른 일이 먼저라고 한다.				
QUEST_LV_0500_20221115_002213	歐勒夏調查員好像在激動之核發現了什麼。{nl}去打聽發生了什麼事。	오르샤 조사원이 격동의 핵에서 무언가 발견한 모양이다.{nl}무슨 일인지 알아보자.				
QUEST_LV_0500_20221115_002214	完成激動之核：帕盧烏羅斯	격동의 핵 : 팔로우로스 클리어하기				
QUEST_LV_0500_20221115_002215	消滅出現在激動之核的疑問之怪 - 帕盧烏羅斯。	격동의 핵에 나타난 의문의 몬스터 팔로우로스를 처치하자.				
QUEST_LV_0500_20221115_002216	打垮帕盧烏羅斯了。{nl}跟歐勒夏調查員傳達此事。	팔로우로스를 쓰러뜨렸다.{nl}오르샤 조사원에게 이 사실을 전하자.				
QUEST_LV_0500_20221115_002217	因為你成為捷豹，捷豹大師會告訴你身為捷豹該做的事。{nl}和捷豹大師對話。	재규어 마스터는 당신이 재규어가 됨으로써 재규어로써 해야할 일을 알려주려고 한다.{nl}재규어 마스터와 이야기하자				
QUEST_LV_0500_20221115_002218	處理捷豹大師給的委託	재규어 마스터가 준 의뢰 처리하기				
QUEST_LV_0500_20221115_002219	捷豹大師說已經成為捷豹就不能疏於鍛鍊。{nl}去處理捷豹大師給的委託。	재규어 마스터는 재규어가 되었다고 단련을 게을리하지 말라고 한다.{nl}재규어 마스터가 준 의뢰를 처리하자.				
QUEST_LV_0500_20230320_002220	啟示者，帕亞烏塔消失之後持續進行搜索，但是沒有找到什麼線索。	계시자님, 파야우타 씨가 사라진 이후로 계속해서 수색을 진행하고 있지만, 단서가 될만한 것이 보이지 않고 있습니다.				이네사 헤먼데일
QUEST_LV_0500_20230320_002221	除了搜索，還跟女神祈禱，但也沒有得到答案。	수색과 함께 여신께 기도를 올려도 아무런 답이 없으십니다.				이네사 헤먼데일
QUEST_LV_0500_20230320_002222	啟示者說不定可以聽到什麼答案。	계시자님이라면 어떠한 답변을 들으실 수 있지 않을까요?				이네사 헤먼데일
QUEST_LV_0500_20230320_002223	希望女神的庇護和啟示者同在。	부디 여신의 가호가 계시자님과 함께 하길 바랍니다.				이네사 헤먼데일
QUEST_LV_0500_20230320_002224	啟示者，我一直在等待。	기다리고 있었습니다. 계시자님.				라이마
QUEST_LV_0500_20230320_002225	現在啟示者的前面有二個疑問，透過奈凌卡讓你來這裡理由是為了指引你答案之路。	네링가를 통해서 계시자님을 이 곳으로 오도록 한 이유는, 눈 앞에 놓은 두 가지 의문에 대한 답으로 가는 길을 알려 드리기 위해서입니다. 				라이마
QUEST_LV_0500_20230320_002226	兩個疑問就是{#003399}帕亞烏塔{/}和注視者的下落。	두 가지 의문이란, 바로 {#003399}파야우타{/}와 주시자의 행방일 것입니다.				라이마
QUEST_LV_0500_20230320_002227	首先告訴你讓世界又陷入另一個危機的注視者的下落吧。	그 중 세상을 또 다른 위기에 빠뜨릴 수 있는 주시자. 우선 그 자의 행방부터 알려드리도록 하지요.				라이마
QUEST_LV_0500_20230320_002228	注視者原來的模樣是魔神…他為了重新找回魔神的模樣去了諾巴哈。	주시자의 원래 모습은 마신... 그 마신의 모습을 되찾기 위해 노바하로 향했습니다.				라이마
QUEST_LV_0500_20230320_002229	那個人幹盡壞事的原因是為了透過克魯比那和混沌之力喚醒被封印的魔神手套…	그 자의 그토록 오랜 세월간 악행의 원인은, 봉인해 둔 마신의 장갑을 크루비나와 혼돈의 힘으로 일깨우기 위함...				라이마
QUEST_LV_0500_20230320_002230	我會從這裡的女神像引導你到諾巴哈。	이 곳의 여신상으로부터 노바하로 인도해 드리겠습니다.				라이마
QUEST_LV_0500_20230320_002231	你不是啟示者嗎?{nl}來這裡有什麼事嗎?	계시자님, 아니십니까?{nl}여긴 어쩐 일로...				에드문다스
QUEST_LV_0500_20230320_002232	啊，我和我妹妹在那件事之後，覺得無法跟村民們一起生活，所以隱居在蕨葉森林。	아, 저와 제 동생은 그 일 이후로, 마을 사람들과 살 수 없다고 생각해서, 이렇게 고사리 숲에서 은둔 중입니다.				에드문다스
QUEST_LV_0500_20230320_002233	這麼久了，我以為你忘了我們。{nl}有什麼事嗎?	너무 오랜만이라 저희를 잊으신 줄 알았습니다.{nl}어쩐 일이십니까?				에드문다스
QUEST_LV_0500_20230320_002234	那個時候…	그때...				에드문다스
QUEST_LV_0500_20230320_002235	我們在蕨葉森林差點成了法師的犧牲品，多虧了啟示者救的解救。	고사리 숲에서 마법사의 희생양이 될 뻔했던 위기를 계시자님께서 구해주셨지요.				에드문다스
QUEST_LV_0500_20230320_002236	但是我們是實驗對象，我們身上的帶著蕨葉孢子，可能會傳染給村民，所以沒有辦法回到村子…	하지만 저희는 실험의 대상이었고, 저희가 지닌 고사리 포자가 마을 사람들에게 감염될 수도 있다고 생각해서 마을로 돌아가지 못하고 있습니다...				에드문다스
QUEST_LV_0500_20230320_002237	之後我雖然康復了，但是…	그 이후 저는 그럭저럭 회복이 되었지만....				에드문다스
QUEST_LV_0500_20230320_002238	我妹妹羅潔還是沒有康復的跡象。{nl}我知道該如何是好。	제 동생 로제는 도저히 회복의 기미가 보이질 않습니다.{nl}어쩌면 좋을지 모르겠습니다.				에드문다스
QUEST_LV_0500_20230320_002239	一直用身邊取得的藥材，也只能讓羅潔不會昏迷。	계속해서 주변에서 구할 수 있는 약재로 겨우 로제를 쓰러지지 않게 해줄 수 밖에 없습니다.				에드문다스
QUEST_LV_0500_20230320_002240	注視者嗎?	주시자요?				에드문다스
QUEST_LV_0500_20230320_002241	那個疑問的法師，是把我們當作實驗對象的魔法的原來的名字嗎?{nl}我沒有見過他。	그, 의문의 마법사, 저희를 실험 대상으로 썼던 그 마법사의 원래 이름인가요?{nl}저는 그를 본 적이 없습니다.				에드문다스
QUEST_LV_0500_20230320_002242	但是羅潔也許知道什麼，但是他現在的狀態不太能說話。	하지만 로제라면 무언가 알고 있을텐데 지금 상태로는 말하기 힘들 것 같습니다.				에드문다스
QUEST_LV_0500_20230320_002243	無論如何都必須幫他補充體力，但是最近布貝的威脅日益嚴重，我無法獨自行動。	어떻게든 기력이 더 떨어지지 않게 해줘야 하는데, 최근 부베들의 위협이 부쩍 심해져 혼자 움직일 수가 없습니다.				에드문다스
QUEST_LV_0500_20230320_002244	啟示者，我來守護羅潔，你可以幫我取得羅潔藥物中使用的的紅蕨葉嗎?	그, 계시자님 제가 로제를 지켜야 하니, 로제의 약으로 쓸 붉은 고사리를 좀 구해주실 수 있을까요?				에드문다스
QUEST_LV_0500_20230320_002245	附近就可以取得紅蕨葉。{nl}如果沒有布貝那些傢伙…我去也是可以的…	주변에서 구할 수 있는 붉은 고사리입니다.{nl}부베놈들만 아니면… 제가 가도 되는데…				에드문다스
QUEST_LV_0500_20230320_002246	謝謝。{nl}用這個可以製作藥…	감사합니다.{nl}이걸로 약을 만들 수 있겠는데…				에드문다스
QUEST_LV_0500_20230320_002247	現在得去安全的地方。{nl}這裡很難製藥。	이제 안전한 곳으로 가야합니다.{nl}이곳에서 약을 만들기는 힘들 거 같거든요.				에드문다스
QUEST_LV_0500_20230320_002248	最近布貝們變多了，是因為注視者的關係嗎?	부베들이 요즘 부쩍 많아진 것이 혹시 그 주시자 때문일까요?				에드문다스
QUEST_LV_0500_20230320_002249	布貝們…太多了…羅潔不能受傷…	부베들이… 너무 많아서… 로제가 다치면 안되는데…				에드문다스
QUEST_LV_0500_20230320_002250	啟示者，我會帶羅潔去避難所。	계시자님, 저는 로제를 데리고 피난처로 가겠습니다.				에드문다스
QUEST_LV_0500_20230320_002251	地點已經標示在地圖上了，來這裡就可以了。	장소를 지도에 표시해드렸으니 이곳으로 오시면 됩니다.				에드문다스
QUEST_LV_0500_20230320_002252	那個…啟示者…	저... 계시자님...				에드문다스
QUEST_LV_0500_20230320_002253	一邊躲布貝們，一邊生活，沒能好好地吃東西。	부베들을 피해다니면서 생활하던 터라 제대로 된 것을 먹지 못했습니다.				에드문다스
QUEST_LV_0500_20230320_002254	羅潔吃藥之前，得吃點什麼…可以…幫我取得一點糧食回來嗎?	로제가 약을 먹으려면 무언가 먹어야 하기도 해서... 어떻게 좀... 식량이 될 만한 걸 구해주실 수 있을까요?				에드문다스
QUEST_LV_0500_20230320_002255	羅潔沒有氣力…{nl}拜託你了。	로제가 너무 기력이 없어서... {nl}꼭 부탁드립니다.				에드문다스
QUEST_LV_0500_20230320_002256	真的謝謝，啟示者…	정말 감사합니다, 계시자님...				에드문다스
QUEST_LV_0500_20230320_002257	羅潔，羅潔!清醒了嗎? 	로제, 로제! 정신이 좀 드니? 				에드문다스
QUEST_LV_0500_20230320_002258	啊…啊?現在有看清楚一點了。	아...아? 이제 좀 제대로 뭔가가 보여요.				로제
QUEST_LV_0500_20230320_002259	剛才還眼前一片暗，感覺我的腳在飄…{nl}也沒辦法好好呼吸…	조금 전까지는 눈 앞이 깜깜한 채 발이 둥둥 떠 있는 것 같았거든요... {nl}숨도 잘 안쉬어지고…				로제
QUEST_LV_0500_20230320_002260	現在…好多了!	그런데 이제 좀 ...그런데!				로제
QUEST_LV_0500_20230320_002261	啟示者嗎?啊…很高興見到你…	계시자님이셨어요? 아아... 너무 반가워요...				로제
QUEST_LV_0500_20230320_002262	我…當時送走啟示者之後…{nl}打算等我恢復健康之後回村莊見安妮和流浪商人朋友們，但是…	저는... 그때 그렇게 계시자님을 보내고 나서...{nl}다시 건강해지면 마을로 돌아가서 안네도 만나고 행상인 친구들도 만나고 그러려고 했는데...				로제
QUEST_LV_0500_20230320_002263	不能如願了…我的體力漸漸變弱…一直昏迷…讓哥哥很累…	마음대로 안되었어요... 체력은 점점 약해지고... 자꾸만 쓰러지고... 오빠만 힘들게 하고...				로제
QUEST_LV_0500_20230320_002264	啊! 對，注視者! 注視者! 那個讓我們和我們村子變得一片狼藉的那…個法師! 我見過!	아! 네. 주시자! 그 주시자! 저희와 저희 마을을 만신창이로 만든 그 ... 마법사! 제가 봤어요!				로제
QUEST_LV_0500_20230320_002265	那個法師…{nl}叫注視者嗎?	그렇게 그 마법사...{nl}아, 주시자라고 하셨나요?				로제
QUEST_LV_0500_20230320_002266	傢伙往諾巴哈書庫走了。	녀석은 노바하 서고로 갔습니다.				로제
QUEST_LV_0500_20230320_002267	去諾巴哈書庫可以找到注視者的線索。	노바하 서고로 가면 주시자에 대한 단서가 있을 겁니다.				로제
QUEST_LV_0500_20230320_002268	我帶你去。	제가 안내해드릴게요. 				로제
QUEST_LV_0500_20230320_002269	書庫必須透過本院禮拜堂前往。{nl}快點出發，啟示者!	서고는 본원 예배당을 통해서 가야 해요.{nl}어서 가요, 계시자님!				로제
QUEST_LV_0500_20230320_002270	你在說什麼。{nl}你現在生病。	무슨 소리 하는거야.{nl}너 지금 많이 아픈 상태야.				에드문다스
QUEST_LV_0500_20230320_002271	好不容易才好一點，你竟然說要去禮拜堂裡面的書庫?	겨우 정신 차렸다고 해서 그 예배당에 서고까지 가겠다는 거야?				에드문다스
QUEST_LV_0500_20230320_002272	算了，但不准一個人去。{nl}要去我也一起去!	안돼, 혼자서는 안돼.{nl}꼭 가야한다면 나도 같이 가!				에드문다스
QUEST_LV_0500_20230320_002273	啟示者…從那些怪物看來{nl}我覺得由羅潔指路是很危險的。	계시자님... 방금 그런 몬스터들을 보니{nl}로제를 안내역으로 맡기기에는 위험하다는 생각밖에 들지 않습니다.				에드문다스
QUEST_LV_0500_20230320_002274	羅潔真的可以嗎....?	로제 정말 괜찮은거니....?				에드문다스
QUEST_LV_0500_20230320_002275	拜託了。{nl}現在我阻止也沒有用了。	하아, 부탁드려요.{nl}이제는 제가 말려도 소용 없을 것 같아요...				에드문다스
QUEST_LV_0500_20230320_002276	我知道哥擔心我。	오빠가 걱정하는 거 알아.				로제
QUEST_LV_0500_20230320_002277	但是我覺得這件事只有我能做。	하지만 이 일은 나밖에 할 수 없다고 생각해.				로제
QUEST_LV_0500_20230320_002278	啟示者也在全力拯救世界，我能幫上忙{nl}不能因為生病、害怕而逃走。	계시자님도 지금 세상을 구하는 것에 전력을 다하시는데 그런 멋진 일을 돕는데{nl}아프고, 무섭다고 도망치면 안된다고 생각해.				로제
QUEST_LV_0500_20230320_002279	你這樣說我更不能阻止了。{nl}但是我也要一起去，小心一點就好了。	네가 그렇게 말하면 더 말리지는 못하겠다.{nl}하지만 나도 끝까지 따라갈거야. 조심하면 어떻게든 되겠지.				에드문다스
QUEST_LV_0500_20230320_002280	啟示者，去書庫吧!	계시자님, 서고로 가시죠.				에드문다스
QUEST_LV_0500_20230320_002281	咦…怎麼會這樣…{nl}來到這裡我突然覺得想吐和頭暈…	어... 왜 이러지...{nl}여기 오니까 갑자기 소, 속이 울렁거리고 아찔하네요...				로제
QUEST_LV_0500_20230320_002282	稍微休息一下，應該會好一點。	잠시, 조금만 쉬면, 조금만 기다리면 괜찮아질 거예요...				로제
QUEST_LV_0500_20230320_002283	眼睛好痛…	눈이 아파와요...				로제
QUEST_LV_0500_20230320_002284	好奇怪…眼睛好痛…看不到前面…怎麼辦…	이상하다... 눈이, 눈이 왜 아프지... 앞이 아찔... 아득해...				로제
QUEST_LV_0500_20230320_002285	我沒有那麼虛弱。{nl}要當商人，體力是基本的…	저렇게까지 약하지는 않았어요.{nl}행상일을 하려면 체력이 기본이었으니...				에드문다스
QUEST_LV_0500_20230320_002286	但是我變得好虛弱…	그런데 너무 쇠약해져서...				에드문다스
QUEST_LV_0500_20230320_002287	呃?布貝從村民手中掠奪這個啊…	네? 부베가 이런 것들을 마을사람들로부터 약탈한 거군요...				로제
QUEST_LV_0500_20230320_002288	好難過…我得振作精神，好給啟示者帶路啊，謝謝。	속상하지만... 기운을 차려야 또 계시자님을 안내할 수 있을 테니, 감사히 받을게요.				로제
QUEST_LV_0500_20230320_002289	我現在有好一點了。{nl}雖然眼睛還是很痛…	이제 조금 기운이 나네요.{nl}눈은 여전히 아프지만...				로제
QUEST_LV_0500_20230320_002290	仔細想想，我到這裡之後狀態變得更不好，好像是因為…這附近…從這的書庫感到某種…邪惡的氣息。	그런데 가만 생각해보니, 제가 여기 도착해서 더 상태가 안 좋아진 건, 이 근처... 여기 서고에서 느껴지는 어떤... 꺼림칙하고 나쁜 기운 때문인 것 같아요.				로제
QUEST_LV_0500_20230320_002291	一定是因為…那邪惡的氣息…{nl}布貝們變得更加殘暴。	그... 사악한 기운 때문에...{nl}부베들도 더 포악해지고 사나워진 게 틀림없어요.				로제
QUEST_LV_0500_20230320_002292	感覺某個方向…那邪惡的氣息更濃。{nl}這裡一定有什麼。	어떤 방향으로 점점....그 사악한 기운이 짙어지는 것이 느껴져요.{nl}여기, 무언가 있는 게 확실해요.				로제
QUEST_LV_0500_20230320_002293	我帶你往氣息那濃的方向去。{nl}往會讓眼睛更痛的方向去的話…	제가... 기운이 짙어지는 쪽으로 안내할게요.{nl}눈이 더 아프고 아찔해지는 방향으로... 가면...				로제
QUEST_LV_0500_20230320_002294	很好，但是羅潔不要過於勉強，拜託…	다 좋은데 로제, 너무 무리하지 말자, 제발...				에드문다스
QUEST_LV_0500_20230320_002295	這個…很像是管樂器的竹片。{nl}是笛子嗎?	이건... 무슨... 관악기의 리드 부분 같이 생겼어요.{nl}피리인가?				로제
QUEST_LV_0500_20230320_002296	反正充滿了邪惡的氣息就是了。	어쨌든 그 사악한 기운이 가득 서려 있어요.				로제
QUEST_LV_0500_20230320_002297	邪惡又不祥…而且裡面好像有什麼?	사악하고 불길함이... 그리고 저 안에 있는 것은 뭘까요?				로제
QUEST_LV_0500_20230320_002298	一定是和注視者有關係! 	틀림없이 그 주시자와 관련이 있어요! 				로제
QUEST_LV_0500_20230320_002299	得探查才行…	이걸 알아봐야 할 텐데...				로제
QUEST_LV_0500_20230320_002300	沒辦法帶著那個膠囊去，從打聽這個管樂器竹片是什麼…	저 캡슐을 들고 갈 수는 없으니 이 관악기 리드 같은 게 뭔지부터 알아보면...				로제
QUEST_LV_0500_20230320_002301	我的頭和眼睛好像沒那麼痛了。	그, 그래야 제 머리랑 눈이 좀 덜 아플 것 같아요.				로제
QUEST_LV_0500_20230320_002302	阿…羅潔好像很不舒服…怎麼辦…	아... 로제가 많이 아픈가 봐요... 어쩌지, 어쩌죠...				에드문다스
QUEST_LV_0500_20230320_002303	我去附近找可以製作止痛劑的藥草，啟示者拿著那個樂器竹片去打聽看看，如何?	제가 주변에서 진통제로 쓸만한 약초를 구해 볼테니, 계시자님은 그 악기 리드 부분을 가지고 가셔서 그게 뭔지 알아보시면 어떨까요?				에드문다스
QUEST_LV_0500_20230320_002304	必知道那是什麼，羅潔的病況才會變好…	그게 뭔지 알아야 로제의 통증이 나아질테니까요...				에드문다스
QUEST_LV_0500_20230320_002305	那個…去歐勒夏的魔法協會詢問，應該會告訴你。	그... 오르샤의 마법협회 같은 곳에 가서 물어보면 알려줄 거예요.				에드문다스
QUEST_LV_0500_20230320_002306	我的頭…眼睛…好痛。	머리가... 눈이... 너무 아파요.				로제
QUEST_LV_0500_20230320_002307	得快點打聽那個笛子的竹片有什麼。	그 피리의 리드 부분이 뭔지 빨리 알아야 해요...				로제
QUEST_LV_0500_20230320_002308	歡迎，這是魔法協會歐勒夏支部。	어서오세요. 마법협회 오르샤 지부입니다.				플로아나
QUEST_LV_0500_20230320_002309	你在找什麼?	무엇을 찾으시나요?				플로아나
QUEST_LV_0500_20230320_002310	需要幫忙嗎?	도와드릴 게 있나요?				플로아나
QUEST_LV_0500_20230320_002311	嗯…你拿來的東西，是管樂器的竹片沒錯。	흠. 들고 계신 그 물건은, 확실히 관악기의 리드 부분이군요.				플로아나
QUEST_LV_0500_20230320_002312	而且…雖然很模糊…但還是可以看到吹笛手大師優格里拉的烙印。	그리고... 희미하지만, 파이드 파이퍼 마스터이신 요가일라 님의 각인이 남아 있는 것으로 보입니다.				플로아나
QUEST_LV_0500_20230320_002313	也許去找吹笛手大師優格里拉，可以聽到更正確的答案。	아마, 파이드 파이퍼 마스터 요가일라 님을 찾아가시면 확실한 답을 들으실 수 있을 것입니다.				플로아나
QUEST_LV_0500_20230320_002314	剛好吹笛手大師來到離歐勒夏不遠的伊薩巫古迪森林，希望你能去見他。	마침 파이드 파이터 마스터님은 오르샤에서 멀지 않은 이사우고티 숲에 잠시 와 계시니, 가서 만나보시기 바랍니다.				플로아나
QUEST_LV_0500_20230320_002315	啊，啟示者，好久不見。	아, 계시자님 오랜만에 뵙습니다.				파이드 파이퍼 마스터
QUEST_LV_0500_20230320_002316	過得好嗎?	잘 지내셨나요?				파이드 파이퍼 마스터
QUEST_LV_0500_20230320_002317	我知道你為何事而來。	무슨 일로 오셨는지는 알고 있습니다.				파이드 파이퍼 마스터
QUEST_LV_0500_20230320_002318	到了該說的時候了啊。	이제는 이야기할 때가 됐군요.				파이드 파이퍼 마스터
QUEST_LV_0500_20230320_002319	這就是我的	이건 바로 제 				파이드 파이퍼 마스터
QUEST_LV_0500_20230320_002320	秘曲	비밀의 곡조				파이드 파이퍼 마스터
QUEST_LV_0500_20230320_002321	的一部份。{nl}用盡壽命只留下竹片，可能是那個手套覺醒了。	라는 것의 일부입니다.{nl}이렇게 수명을 다하고 리드만 남은 것을 보니 아마 그 장갑이 깨어난 모양이군요.				파이드 파이퍼 마스터
QUEST_LV_0500_20230320_002322	不，正確地說應該是	아니 정확하게 말하면 				파이드 파이퍼 마스터
QUEST_LV_0500_20230320_002323	回來了	돌아왔다				파이드 파이퍼 마스터
QUEST_LV_0500_20230320_002324	才對。	라고 해야되려나요.				파이드 파이퍼 마스터
QUEST_LV_0500_20230320_002325	我沒辦法跟你解釋太多，但因為你是啟示者，所以我就坦白跟你說。	긴 설명을 드릴 수는 없을테고, 계시자님이시니 솔직하게 고백하겠습니다.				파이드 파이퍼 마스터
QUEST_LV_0500_20230320_002326	我和注視者也是魔神{#003399}斯洛葛堤斯{/}進行了交易。交換條件是我成為安基納斯，而我幫助找回手套讓注視者可以再次成為{#003399}斯洛葛堤斯{/}。	저는 주시자, 마족이자 마신인 {#003399}슬로거티스{/}와 거래를 했습니다. 제가 암지나스가 되는 것과, 주시자가 다시 {#003399}슬로거티스{/}가 될 수 있도록 장갑을 돌아오게 도와주는 것을 교환하였죠.				파이드 파이퍼 마스터
QUEST_LV_0500_20230320_002327	但是現在手套回來了，我和{#003399}斯洛葛堤斯{/}的交易也算是達成了，我身為人類大師，我必須要收拾處理這件事。	하지만 이제 장갑은 돌아왔으니, {#003399}슬로거티스{/}와의 거래는 완료된 셈이고 저는 한 사람의 인간 마스터로서 이 일을 수습해야겠네요.				파이드 파이퍼 마스터
QUEST_LV_0500_20230320_002328	我先用這個竹片再做某個曲調給你。	일단 제가 이 리드로 다시 어떤 곡조를 만들어드리죠.				파이드 파이퍼 마스터
QUEST_LV_0500_20230320_002329	用那個…啊，你說放在膠囊裡了啊。	그걸로 ... 아, 캡슐에 들어있다고 하셨죠.				파이드 파이퍼 마스터
QUEST_LV_0500_20230320_002330	好，我給你可以喚醒那個膠囊的曲調。	네. 그 캡슐을 깰 수 있는 곡조를 드리겠습니다.				파이드 파이퍼 마스터
QUEST_LV_0500_20230320_002331	我是隸屬於王國的大師，無論如何我是交出秘曲的人，請原諒我無法親自出面。	마스터로 왕국에 매인 몸이기도 하고, 어쨌든 비밀의 곡조를 내줬던 사람으로서 직접 나서지 못함을 용서하십시오.				파이드 파이퍼 마스터
QUEST_LV_0500_20230320_002332	如果是啟示者，應該可以透過曲調輕鬆喚醒。	계시자님이라면 이 곡조로 캡슐을 쉽게 깰 수 있을 겁니다.				파이드 파이퍼 마스터
QUEST_LV_0500_20230320_002333	之後…就如同你所想的。	그 다음은... 잘 아시는 바 대로.				파이드 파이퍼 마스터
QUEST_LV_0500_20230320_002334	你打聽到那是什麼了嗎?	그게 뭔지 알아보셨나요?				로제
QUEST_LV_0500_20230320_002335	多虧哥哥找到的藥草，我好很多了。	저는 오빠가 구해 준 약초 덕분에 조금 견딜 만해졌어요.				로제
QUEST_LV_0500_20230320_002336	也許是因為啟示者拿走了那個竹片…	어쩌면 그 리드 같은 걸 계시자님이 가지고 가 주셔서 그랬나...				로제
QUEST_LV_0500_20230320_002337	啊…果然…那是笛子的竹片部份啊?	아... 역시, 그건 피리의 리드 부분이었군요?				로제
QUEST_LV_0500_20230320_002338	已經見過吹笛手大師，應該可以阻擋這邪惡的氣息吧?	파이드 파이퍼 마스터님까지 만나보고 오셨으니 이제 이 사악한 기운을 멈출 수 있겠죠?				로제
QUEST_LV_0500_20230320_002339	吹笛手大師連這個膠囊的事也知道…	파이드 파이퍼 마스터님은 이 커다란 캡슐의 존재까지 알고 계셨군요...				로제
QUEST_LV_0500_20230320_002340	這個帶著邪惡氣息的竹片，竟然是為了破壞這個大膠囊而製作的樂器…{nl}真是一位神秘人物…	사악한 기운이 서려 있던 리드 같은 걸로 이 큰 캡슐을 파괴할 악기를 만들어 주시다니... {nl}신비한 분이시군요....				로제
QUEST_LV_0500_20230320_002341	安基納斯?	암지나스요?				로제
QUEST_LV_0500_20230320_002342	這麼難的事…	그런 어려운 건 잘 몰라도...				로제
QUEST_LV_0500_20230320_002343	啊，我的頭又痛了!	아악, 다시 머리가!				로제
QUEST_LV_0500_20230320_002344	啟示者，不要再拖了，請用樂器破壞膠囊吧!	계시자님, 지체하지 말고 그 악기로 이 캡슐을 파괴해주세요!				로제
QUEST_LV_0500_20230320_002345	如果這邪惡的氣息再蔓延…那個注視者會讓世上…	이 사악한 기운이 더 퍼져나가면... 그 주시자가... 세상을... 				로제
QUEST_LV_0500_20230320_002346	啟示者，必須救羅潔!!	계시자님, 로제를 구해야 해요!!				에드문다스
QUEST_LV_0500_20230320_002347	我先去懺悔的祈禱室!	저 먼저 참회의 기도실로 가겠습니다!				에드문다스
QUEST_LV_0500_20230320_002348	無論如何…都要守護羅潔…{nl}我很慚愧我是這樣的哥哥…	어떻게든... 어떻게든 로제를 지켜야 하는데...{nl}이런 정도의 오빠라니 너무 부끄럽습니다...				에드문다스
QUEST_LV_0500_20230320_002349	當怪物們一湧而上…我很害怕…	막상 몬스터들이 몰려오니 겁이 나서 그만...				에드문다스
QUEST_LV_0500_20230320_002350	這樣能守護妹妹嗎…	이대로 동생을 지킬 수 있을까요...				에드문다스
QUEST_LV_0500_20230320_002351	如果沒有啟示者，我早就死了…{nl}我現在還是很怕…	지금도 계시자님이 안계셨으면 전 죽었을 겁니다...{nl}지금도 덜덜 떨려요... 				에드문다스
QUEST_LV_0500_20230320_002352	一直幫助我，現在又再次站出來，真的謝謝你。	지금까지도 도와주셨는데, 다시 나서주시다니 정말 감사합니다...				에드문다스
QUEST_LV_0500_20230320_002353	一定要救出妹妹…	꼭, 꼭 동생을 구해주셔야 합니다...				에드문다스
QUEST_LV_0500_20230320_002354	這是和過世父母的約定…	그게 돌아가신 부모님과의 약속을 지키는 길이에요...				에드문다스
QUEST_LV_0500_20230320_002355	啟示者，您看到了嗎?	보셨습니까, 계시자님?				에드문다스
QUEST_LV_0500_20230320_002356	我雖然不上忙，但是幸好可以把我看見的說出來!	제가 직접 도움은 안되었지만, 본 것은 말씀드릴 수 있어서 다행이에요!				에드문다스
QUEST_LV_0500_20230320_002357	布貝們倒下掉出了卷軸!	부베들이 쓰러지면서 스크롤을 떨어뜨렸습니다!				에드문다스
QUEST_LV_0500_20230320_002358	沒錯，這卷軸上一定有線索!	틀림없이, 이 스크롤에 단서가 있을 겁니다!				에드문다스
QUEST_LV_0500_20230320_002359	這…讓我看看…	이건... 어디보자...				에드문다스
QUEST_LV_0500_20230320_002360	{@st66d_y}{s25}魔族指令書{/}{/}{nl}注視者下達命令在儀式進行時要我守護封印石。{nl}徹底保護第1祈禱室和第2祈禱室的封印石吧!	{@st66d_y}{s25}마족지령서{/}{/}{nl}주시자님께서 의식이 진행될 동안 봉인석을 지키라고 명하셨다.{nl}제 1 기도실과 제 2 기도실에 있는 봉인석을 철저히 방어해라.				PC
QUEST_LV_0500_20230320_002361	注視者使用封印石生成結界。	주시자가 봉인석을 이용해 만든 결계다.				
QUEST_LV_0500_20230320_002362	呃…我還沒有戰鬥能力…{nl}至少不能防礙啟示者…{nl}躲了一下，就…我好像受傷了…	으윽... 저는 아직은 전투 능력이 없어서....{nl}최소한 계시자님께 방해는 되지 말아야겠어서...{nl}숨다가 그만.. 좀, 다친 것 같습니다....				에드문다스
QUEST_LV_0500_20230320_002363	別擔心了…	신경쓰지 마시...고...				에드문다스
QUEST_LV_0500_20230320_002364	現在去破壞第2祈禱室的封印石吧…	이제 제 2 기도실에 있는 봉인석을 파괴하러 가시죠...				에드문다스
QUEST_LV_0500_20230320_002365	第2祈禱室在哪裡…	제 2 기도실은 어디...지....				에드문다스
QUEST_LV_0500_20230320_002366	呃…	윽...				에드문다스
QUEST_LV_0500_20230320_002367	很難把一個純樸人類變成忠心的部下啊。	순수한 인간으로는 충실한 부하를 만들기 어렵군.				주시자
QUEST_LV_0500_20230320_002368	純樸也不怎麼樣，和詛咒一樣…	순수함 따윈 볼품없고, 저주와 마찬가지인 것을....				주시자
QUEST_LV_0500_20230320_002369	羅潔…我還有很多事沒做到…	로제... 아직 못해준 게 너무 많은데...				에드문다스
QUEST_LV_0500_20230320_002370	對不起…哥哥對不起…	미안해... 오빠가  미안하구나...				에드문다스
QUEST_LV_0500_20230320_002371	啟示者，如果你不忙的話，可以瞞著領主幫我解決一件事情嗎?	계시자님, 혹시 바쁘시지 않다면 영주님 몰래 한가지 일을 해결해주실 수 있으십니까?				영주 호위병
QUEST_LV_0500_20230320_002372	最近諾巴哈和加橋森林每天晚上都有少女的慘叫聲，我正在調查此事。	현재 노바하와 덧댄다리 숲에서 밤마다 소녀의 비명소리가 들린다는 소리를 듣고 조사를 하고 있습니다.				영주 호위병
QUEST_LV_0500_20230320_002373	那個叫聲愈靠近諾巴哈就愈清楚…	이 소리는 노바하 쪽에 가까워지면 가까워질 수록 커진다고 하는데...				영주 호위병
QUEST_LV_0500_20230320_002374	現在找帕亞烏塔和注視者，處理民怨，領主已傾盡全力，無法行動。	현재 파야우타님과 주시자를 찾고, 민원을 처리하는데 영주님이 전력을 쏟고 계셔서 움직일 수가 없으십니다.				영주 호위병
QUEST_LV_0500_20230320_002375	請幫忙調查此事。	이 일에 대해서 조사를 해주십시오.				영주 호위병
QUEST_LV_0500_20230320_002376	喔，啟示者?{nl}來這裡有什麼事情嗎?	어, 계시자님?{nl}여긴 어쩐 일로?				큐폴 루타
QUEST_LV_0500_20230320_002377	我是為了定期淨化香爐裡的羅潔的靈魂而來的。	저는 향로 안에 있는 로제의 영혼을 정기적으로 정화하기 위해서 왔습니다.				큐폴 루타
QUEST_LV_0500_20230320_002378	什麼?羅潔的慘叫聲在歐勒夏引起軒然大波?	네? 로제의 비명소리로 오르샤에서 난리라고요?				큐폴 루타
QUEST_LV_0500_20230320_002379	透過單純的淨化好像無法解決。	단순 정화로는 해결이 안되는 거 같군요.				큐폴 루타
QUEST_LV_0500_20230320_002380	啟示者，去制壓羅潔吧。	계시자님. 로제를 제압하러 가시죠.				큐폴 루타
QUEST_LV_0500_20230320_002381	我路塔會幫忙啟示者。	저 루타가 계시자님을 돕겠습니다.				큐폴 루타
QUEST_LV_0500_20230320_002382	因為啟示者的力量會玷汙靈魂，好像是定期會發生的現象。	주시자의 힘이 영혼을 더럽혀서 주기적으로 이런 현상이 발생할 거 같네요.				큐폴 루타
QUEST_LV_0500_20230320_002383	啟示者的力量好像很急切。	계시자님의 힘이 절실할 거 같습니다.				큐폴 루타
QUEST_LV_0500_20230320_002384	願啟示者的冒險平安…	계시자님의 모험에 평안이 있기를... 				파이드 파이퍼 마스터
QUEST_LV_0500_20230320_002385	愛德文多斯呆住，靜靜地離開位子。	에드문다스는 넋이 나간 듯, 조용히 자리를 떠났다.				PC
QUEST_LV_0500_20230320_002386	歐勒夏公告板	오르샤 공고판				
QUEST_LV_0500_20230320_002387	我正在募集冒險家協助獵捕諾巴哈地區的布貝。	노바하 지역의 부베를 잡아주실 모험가를 모집하고 있습니다.				오르샤 공고판
QUEST_LV_0500_20230320_002388	獵捕布貝來歐勒夏領取獎勵吧。	부베를 잡으시고, 오르샤로 오셔서 보상을 받아기십시오.				오르샤 공고판
QUEST_LV_0500_20230320_002389	這是刊登各種委託公告的公佈欄。	의뢰에 관련 공고들이 모여있는 게시판이다.				오르샤 공고판
QUEST_LV_0500_20230320_002390	歐勒夏領主警備兵	오르샤 영주 경비병				
QUEST_LV_0500_20230320_002391	啟示者，您來這有什麼事嗎?	계시자님, 무슨 일로 오셨습니까?				오르샤 영주 경비병
QUEST_LV_0500_20230320_002392	啊?為了看這個委託而來啊?	네? 이 의뢰를 보고 오셨다고요?				오르샤 영주 경비병
QUEST_LV_0500_20230320_002393	諾巴哈地區現在沒有人力，也沒有冒險家申請，所以很辛苦…	노바하 쪽은 지금 인력이 없고, 자원하시는 모험가분도 없으셔서 고생이 많았는데....				오르샤 영주 경비병
QUEST_LV_0500_20230320_002394	歐勒夏魔法協會正在尋找波庫布虎牙。	오르샤 마법협회에서 포쿠부 송곳니를 구하고 있습니다.				오르샤 공고판
QUEST_LV_0500_20230320_002395	有興趣的人可以收集波庫布虎牙到歐勒夏魔法協會!	관심이 있는 분들을 포쿠부 송곳니를 모아서 오르샤 마법협회를 찾아와주세요!				오르샤 공고판
QUEST_LV_0500_20230320_002396	您好。{nl}有何貴幹?	안녕하세요{nl}무슨 일로 오셨나요?				플로아나
QUEST_LV_0500_20230320_002397	我看了公告，聽說您在找波庫布虎牙?	공고문을 보고 포쿠부 송곳니를 구해오셨다고요?				플로아나
QUEST_LV_0500_20230320_002398	貪婪的女商人	탐욕스러운 여상인				
QUEST_LV_0500_20230320_002399	哎，煩死了!	아오, 짜증나!				탐욕스러운 여상인
QUEST_LV_0500_20230320_002400	該死的布貝…把我的東西都搶走了…	망할 부베놈들... 내 물건들을 모두 가져갔어!				탐욕스러운 여상인
QUEST_LV_0500_20230320_002401	啊，你現在如果不忙，可以幫我找回被布貝搶走的東西嗎?	어, 당신 지금 바쁘지 않다면 부베 놈들이 가져간 내 물건 좀 가져와 줄 수 있어?				탐욕스러운 여상인
QUEST_LV_0500_20230320_002402	我會給你充份的報酬。	내가 충분한 보상을 해줄게.				탐욕스러운 여상인
QUEST_LV_0500_20230320_002403	好。{nl}要把馬車帶回來太累了，幫我把裡面的東西取回來。	좋아.{nl}마차를 가져오는 건 힘드니까. 안에 있는 물건들이라도 좀 가져와줘.				탐욕스러운 여상인
QUEST_LV_0500_20230320_002404	謝謝。{nl}但是沒辦法就這樣結束…	고마워.{nl}하지만 이대로 끝낼 순 없지....				탐욕스러운 여상인
QUEST_LV_0500_20230320_002405	布貝那些傢伙的所作所為，我會報仇的。	부베 놈들한테 받은 것을 되갚아야 해!				탐욕스러운 여상인
QUEST_LV_0500_20230320_002406	布貝身上好像有寶石…	부베를 보니까 몸에 보석을 박고 있던데....				탐욕스러운 여상인
QUEST_LV_0500_20230320_002407	把那些拿去賣，可以補償一點我的損失?	저것들을 팔면 내가 본 손해를 메꿀 수 있을 거 같거든?				탐욕스러운 여상인
QUEST_LV_0500_20230320_002408	獵殺布貝取回寶石。	부베를 잡아 죽이고 보석 좀 가져와줘. 				탐욕스러운 여상인
QUEST_LV_0500_20230320_002409	快點取回那亮晶晶的寶石。	저 반짝이는 보석을 빨리 가져와줘.				탐욕스러운 여상인
QUEST_LV_0500_20230320_002410	好。{nl}這個應該可以高價售出。	좋아.{nl}이거라면 아주 비싸게 팔릴 거야.				탐욕스러운 여상인
QUEST_LV_0500_20230320_002411	女商人拿著寶石離開了。	여상인은 보석을 들고 자리를 떠났다.				탐욕스러운 여상인
QUEST_LV_0500_20230320_002412	被孤立的學者	고립된 학자				
QUEST_LV_0500_20230320_002413	呃…這該怎麼做呢…	으, 이걸 어떻게 해야하지...				고립된 학자
QUEST_LV_0500_20230320_002414	喔?你可以幫我忙嗎…?	어? 혹시 나 좀 도와주실 수 있겠나....?				고립된 학자
QUEST_LV_0500_20230320_002415	因為那些布貝，我困在這裡無法動彈…	부베들 때문에 여기서 움직일 수가 없다네...				고립된 학자
QUEST_LV_0500_20230320_002416	必須去歐勒夏…	오르샤로 가야 하는데....				고립된 학자
QUEST_LV_0500_20230320_002417	真的嗎…?	정말인가...!				고립된 학자
QUEST_LV_0500_20230320_002418	謝謝!	고맙네!				고립된 학자
QUEST_LV_0500_20230320_002419	經過這裡的時候沒過過的書。{nl}要閱讀嗎?	이곳을 지나갔을 때는 못 봤던 책이다.{nl}읽어볼까?				
QUEST_LV_0500_20230320_002420	歐勒夏領主護衛兵	오르샤 영주 호위병				
QUEST_LV_0500_20230320_002421	啊，啟示者，歡迎。{nl}來這裡有什麼事嗎?	아, 계시자님. 어서 오십시오.{nl}무슨 일로 찾아오셨나요?				오르샤 영주 호위병
QUEST_LV_0500_20230320_002422	實驗日誌嗎?	실험 일지요?				오르샤 영주 호위병
QUEST_LV_0500_20230320_002423	聽內容好像不是容易會被忽略的事項。	내용을 들어보니 간단히 넘어가야 할 사항은 아닌 거 같군요.				오르샤 영주 호위병
QUEST_LV_0500_20230320_002424	我會跟領主報告啟示者所\說的事情。	계시자님께서 말씀해주신 것들은 제가 영주님께 보고드리겠습니다.				오르샤 영주 호위병
QUEST_LV_0500_20230320_002425	又再次得到啟示者的幫助。	계시자님께는 또 도움을 받는군요.				오르샤 영주 호위병
QUEST_LV_0500_20230320_002426	得在領主知道之前處理完畢。{nl}如果事情變多就麻煩了。	영주님이 아시기 전에 처리해주셔야 합니다.{nl}더 이상 일이 늘어나면 곤란합니다.				영주 호위병
QUEST_LV_0500_20230320_002427	剛好吹笛手大師來到離歐勒夏不遠的伊薩巫古迪森林，希望你能去見他。	파이드 파이터 마스터님은 오르샤에서 멀지 않은 이사우고티 숲에 잠시 와 계시니, 가서 만나보시기 바랍니다.				플로아나
QUEST_LV_0500_20230320_002428	該回去歐勒夏了…{nl}該怎麼辦呢?	오르샤로 돌아가야하는데...{nl}어떻게 해야지?				고립된 학자
QUEST_LV_0500_20230320_002429	啟示者您的名聲遠播。	계시자님의 명성은 변방에도 들릴 정도로 유명해요.				[신극 마스터] 단 아
QUEST_LV_0500_20230320_002430	啟示者您對槍有興趣嗎?{nl}有興趣的話要不要跟我學習槍術啊?	계시자님은 창에 대해서 관심이 있으신가요?{nl}관심이 있으시면 저의 기술을 배워보시겠나요?				[신극 마스터] 단 아
QUEST_LV_0500_20230320_002431	啟示者您果然名不虛傳…	계시자님의 명성은 거짓이 아니군요...				[신극 마스터] 단 아
QUEST_LV_0500_20230320_002432	雖然我的實力還不夠好，但我還是把我的技術傳授給你。	미흡한 실력이지만 제 기술을 알려드리겠습니다.				[신극 마스터] 단 아
QUEST_LV_0500_20230320_002433	神戟師的技術熟練了，也需要服裝來證明神戟師的資格吧?	신극의 기술을 익히셨으니, 신극의 자격을 증명하는 옷도 필요하시지 않은가요?				[신극 마스터] 단 아
QUEST_LV_0500_20230320_002434	辛苦了。	고생하셨습니다.				[신극 마스터] 단 아
QUEST_LV_0500_20230320_002435	我跟你道歉，有眼不識泰山懷疑啟示者你的實力。	잠시나마 계시자님의 실력을 의심해 과제를 드린 것을 사죄드립니다,				[신극 마스터] 단 아
QUEST_LV_0500_20230320_002436	成為神戟師的啟示者，祝福您。	신극되신 계시자님의 무운을 빌게요.				[신극 마스터] 단 아
QUEST_LV_0500_20230320_002437	剛好吹笛手大師來到離歐勒夏不遠的伊薩巫古迪森林，希望你能去見他。	파이드 파이터 마스터님은 오르샤에서 머지 않은 이사우고티 숲에 잠시 와 계시니, 가서 만나보시기 바랍니다.	QUEST_LV_0500_20230320_002427	剛好吹笛手大師來到離歐勒夏不遠的伊薩巫古迪森林，希望你能去見他。	파이드 파이터 마스터님은 오르샤에서 멀지 않은 이사우고티 숲에 잠시 와 계시니, 가서 만나보시기 바랍니다.	플로아나
QUEST_LV_0500_20230320_002438	領主的建議	영주의 조언				
QUEST_LV_0500_20230320_002439	我會祈禱。	기도를 드려보겠다고 한다.				
QUEST_LV_0500_20230320_002440	我先想一想。	잠시 생각을 해보겠다고 한다.				
QUEST_LV_0500_20230320_002441	線索在諾巴哈	단서는 노바하에				
QUEST_LV_0500_20230320_002442	告訴我答案。	답을 알려달라고 한다.				
QUEST_LV_0500_20230320_002443	等我準備好聆聽會回來。	들을 준비를 하고 온다고 한다.				
QUEST_LV_0500_20230320_002444	衰弱的少女，羅潔	쇠약한 소녀, 로제				
QUEST_LV_0500_20230320_002445	好久不見。	오랜만이라고 한다.				
QUEST_LV_0500_20230320_002446	不記得你是誰。	누군지 기억이 안난다고 한다.				
QUEST_LV_0500_20230320_002447	紅蕨葉	붉은 고사리				
QUEST_LV_0500_20230320_002448	知道注視者嗎?	주시자에 대해서 아는 것이 있냐고 묻는다.				
QUEST_LV_0500_20230320_002449	除了注視者以外，其他事都沒有興趣。	주시자에 대한 것 말고는 관심이 없다고 한다.				
QUEST_LV_0500_20230320_002450	你為什麼在這裡?	왜 이 곳에 있는지 물어본다.				
QUEST_LV_0500_20230320_002451	前往安全的地方	안전한 곳으로				
QUEST_LV_0500_20230320_002452	為了辛苦的那些人	고생한 그들을 위해				
QUEST_LV_0500_20230320_002453	我會去取得。	구해오겠다고 말한다.				
QUEST_LV_0500_20230320_002454	羅潔的記憶	로제의 기억				
QUEST_LV_0500_20230320_002455	請問有關注視者的情報?	주시자에 대해서 묻는다.				
QUEST_LV_0500_20230320_002456	我心理準備會好再來。	마음의 준비를 하고 온다고 한다.				
QUEST_LV_0500_20230320_002457	跟隨記憶	기억을 따라서				
QUEST_LV_0500_20230320_002458	我完全準備好會再來。	단단히 준비하고 온다고 한다.				
QUEST_LV_0500_20230320_002459	線索在書庫裡	단서는 서고 안에				
QUEST_LV_0500_20230320_002460	聆聽看看羅潔的意見。	로제의 의견을 들어보라고 한다.				
QUEST_LV_0500_20230320_002461	指責太愛多管閒事。	너무 오지랖이 넓다고 꾸짖는다.				
QUEST_LV_0500_20230320_002462	受苦的羅潔	고통받는 로제				
QUEST_LV_0500_20230320_002463	以暴治暴	약탈은 약탈로				
QUEST_LV_0500_20230320_002464	模糊的痕跡(1)	흐린 흔적(1)				
QUEST_LV_0500_20230320_002465	我也這樣感覺。	나도 느끼고 있다고 말한다.				
QUEST_LV_0500_20230320_002466	必須要靜養。	안정을 취해야한다고 말한다.				
QUEST_LV_0500_20230320_002467	模糊的痕跡(2)	흐린 흔적(2)				
QUEST_LV_0500_20230320_002468	還得再休息。	아직은 좀 더 쉬어야 한다고 한다.				
QUEST_LV_0500_20230320_002469	找到曲調的主人	곡조의 주인을 찾아서				
QUEST_LV_0500_20230320_002470	我會去找笛子的資訊	피리에 대한 정보를 찾아보겠다고 한다.				
QUEST_LV_0500_20230320_002471	破壞的曲調	파괴의 곡조				
QUEST_LV_0500_20230320_002472	轉交物品給羅潔	로제에게 받은 물품을 건넨다.				
QUEST_LV_0500_20230320_002473	我過一會再來	좀 있다가 다시 온다고 한다.				
QUEST_LV_0500_20230320_002474	覺醒的惡魔葛洛夫	깨어난 데블글로브				
QUEST_LV_0500_20230320_002475	我會破壞	파괴하겠다고 한다.				
QUEST_LV_0500_20230320_002476	有種不祥的預感	불길한 느낌이 든다고 한다.				
QUEST_LV_0500_20230320_002477	前往祈禱室裡面	기도실 안으로				
QUEST_LV_0500_20230320_002478	祈禱室搜索(1)	기도실 수색(1)				
QUEST_LV_0500_20230320_002479	祈禱室搜索(2)	기도실 수색(2)				
QUEST_LV_0500_20230320_002480	那令人心寒的樣子，讓人不想幫忙。	한심한 모습에 도와줄 마음이 사라졌다고 한다.				
QUEST_LV_0500_20230320_002481	二個封印石(1)	두 개의 봉인석(1)				
QUEST_LV_0500_20230320_002482	很危險不要摸	위험하니 만지지 말라고 한다.				
QUEST_LV_0500_20230320_002483	二個封印石(2)	두 개의 봉인석(2)				
QUEST_LV_0500_20230320_002484	必須先治療傷口	상처를 먼저 치료해야한다고 한다.				
QUEST_LV_0500_20230320_002485	得不到救贖的人	구원받지 못한 자				
QUEST_LV_0500_20230320_002486	靈魂的吶喊	영혼의 절규				
QUEST_LV_0500_20230320_002487	很忙有話之後再說	바쁘니 나중에 이야기하자고 한다.				
QUEST_LV_0500_20230320_002488	救贖的香爐	구원의 향로				
QUEST_LV_0500_20230320_002489	我會解決。	해결하겠다고 한다.				
QUEST_LV_0500_20230320_002490	我先忙別的事再過來。	다른 일을 하고 오겠다고 한다.				
QUEST_LV_0500_20230320_002491	布貝消滅公告	부베 처치 공고				
QUEST_LV_0500_20230320_002492	我去消滅布貝。	부베를 처리하러 간다.				
QUEST_LV_0500_20230320_002493	我去忙別的事。	다른 일을 처리하러 간다.				
QUEST_LV_0500_20230320_002494	取得波庫布虎牙!	포쿠부 송곳니 구합니다!				
QUEST_LV_0500_20230320_002495	我會取得後轉交。	구해서 전해주도록 한다.				
QUEST_LV_0500_20230320_002496	我先忙其他事。	다른 일이 우선이라고 한다.				
QUEST_LV_0500_20230320_002497	商人不失利(1)	상인은 이익을 놓치지 않는다(1)				
QUEST_LV_0500_20230320_002498	我會幫忙。	돕는다고 한다.				
QUEST_LV_0500_20230320_002499	我很忙去拜託其他人。	바빠서 다른 사람에게 부탁하라고 한다.				
QUEST_LV_0500_20230320_002500	商人不失利(2)	상인은 이익을 놓치지 않는다(2)				
QUEST_LV_0500_20230320_002501	必須去做別的事。	다른 일을 해야한다고 한다.				
QUEST_LV_0500_20230320_002502	孤立無援	고립무원				
QUEST_LV_0500_20230320_002503	自己想辦法。	알아서 하라고 한다.				
QUEST_LV_0500_20230320_002504	祈禱室的秘密(1)	기도실의 비밀(1)				
QUEST_LV_0500_20230320_002505	確認。	확인해본다.				
QUEST_LV_0500_20230320_002506	沒興趣，返回。	신경쓰지 않고 돌아간다.				
QUEST_LV_0500_20230320_002507	祈禱室的秘密(2)	기도실의 비밀(2)				
QUEST_LV_0500_20230320_002508	[神戟師] 槍之達人	[신극] 창의 달인				
QUEST_LV_0500_20230320_002509	其他事更重要。	다른 일이 더 급하다고 한다.				
QUEST_LV_0500_20230320_002510	[神戟師] 不會斷的槍	[신극] 부러지지 않는 창				
QUEST_LV_0500_20230320_002511	不需要。	필요가 없다고 한다.				
QUEST_LV_0500_20230320_002512	和歐勒夏的領主伊內沙黑蒙戴伊對話	오르샤의 영주 이네사 헤먼데일과 이야기하기				
QUEST_LV_0500_20230320_002513	有可以找到注視者痕跡的方法嗎?{nl}和歐勒夏的領主伊內沙黑蒙戴伊對話吧。	주시자의 흔적을 찾을 수 있는 방법이 없을까?{nl}오르샤의 영주 이네사 헤먼데일과 이야기를 해보자.				
QUEST_LV_0500_20230320_002514	前往女神奧施莉奈的雕像前祈禱	여신 아우슈리네의 상으로 가서 기도하기				
QUEST_LV_0500_20230320_002515	歐勒夏的領主伊內沙黑蒙戴伊說如果啟示者您去祈禱也許會給你答案。{nl}前往女神奧施莉奈的雕像前祈禱吧。	오르샤의 영주 이네사 헤먼데일은 계시자인 당신에게 기도를 드리면 무언가 답을 해줄지도 모른다고 한다.{nl}여신 아우슈리네의 상으로 가서 기도를 드려보자.				
QUEST_LV_0500_20230320_002516	和女神拉伊瑪對話	여신 라이마와 이야기하기				
QUEST_LV_0500_20230320_002517	在歐勒夏的女神像祈禱，奈凌卡說拉伊瑪女神在找我。{nl}和拉伊瑪對話，詢問有什麼事。	오르샤의 여신상에서 기도를 드리니, 네링가가 찾아와 라이마 여신이 찾는다고 한다.{nl}무슨 일인지 여신 라이마와 이야기를 하자.				
QUEST_LV_0500_20230320_002518	透過女神像前往諾巴哈	여신상으로 가서 노바하로 가기				
QUEST_LV_0500_20230320_002519	拉伊瑪說如果準備好，就透過女神像前往諾巴哈。{nl}準備好前往位在拉伊瑪聖所的女神像吧。	여신 라이마는 준비가 되면 여신상으로 가서 노바하로 떠나라고 한다.{nl} 준비를 마치고 라이마의 성소에 있는 여신상으로 가자				
QUEST_LV_0500_20230320_002520	和愛德文多斯對話	에드문다스와 대화하기				
QUEST_LV_0500_20230320_002521	拉伊瑪女神說諾巴哈有線索可以找到注視者。{nl}但是我好像看到熟悉的面孔...?	라이마 여신은 노바하에 주시자를 찾을 수 있는 단서가 있다고 한다.{nl}그런데 익숙한 얼굴이 보이는 거 같은데...?				
QUEST_LV_0500_20230320_002522	消滅登場的布貝	나타난 부베 처치				
QUEST_LV_0500_20230320_002523	已消滅所有襲擊的布貝。{nl}和愛德文多斯對話吧。	습격해온 부베를 모두 처리했다.{nl}에드문다스와 이야기해보자.				
QUEST_LV_0500_20230320_002524	採集紅蕨葉	붉은 고사리 채집하기				
QUEST_LV_0500_20230320_002525	從愛德文多斯那裡聽到了這段時間的事。{nl}聽說要製作羅潔的治療劑需要紅蕨葉。{nl}去採集紅蕨葉吧。	에드문다스에게 그 동안의 이야기를 들었다.{nl}로제를 위한 치료제를 만들기 위해서 붉은 고사리가 필요하다고 한다.{nl}붉은 고사리를 캐자.				
QUEST_LV_0500_20230320_002526	需要多少就採集多少蕨葉。{nl}和愛德文多斯對話吧。	필요한 만큼 고사리를 캔 거 같다.{nl}에드문다스에게 말을 걸어보자.				
QUEST_LV_0500_20230320_002527	採集紅蕨葉	붉은 고사리 채집				
QUEST_LV_0500_20230320_002528	和愛德文多斯說話	에드문다스와 이야기하기				
QUEST_LV_0500_20230320_002529	藥材紅蕨葉全都取得了。{nl}和愛德文多斯對話。	약의 재료인 붉은 고사리를 모두 구했다.{nl}에드문다스와 이야기를 하자.				
QUEST_LV_0500_20230320_002530	移動到安全的地方	안전한 곳으로 이동하기				
QUEST_LV_0500_20230320_002531	聽說要找個安全的地方用紅蕨葉製藥。{nl}移動至安全的地方吧。	붉은 고사리로 약을 지을 안전한 곳을 가야한다고 한다.{nl}안전한 곳으로 이동하자.				
QUEST_LV_0500_20230320_002532	愛德文多斯和羅潔平安扺達了。{nl}和愛德文多斯對話吧。	에드문다스와 로제가 무사히 도착한 거 같다.{nl}에드문다스에게 말을 걸자.				
QUEST_LV_0500_20230320_002533	和製藥的愛德文多斯說話吧。	약을 제조한 에드문다스에게 말을 걸어보자.				
QUEST_LV_0500_20230320_002534	獵捕殘暴的波庫布並取得肉	포악한 포쿠부를 잡아 고기를 얻기				
QUEST_LV_0500_20230320_002535	愛德文多斯在照顧羅潔時，好像自己什麼也沒吃的樣子。{nl}獵捕本院休息室的殘暴的波庫布，獲得給愛德文多斯和羅潔吃的肉吧。	에드문다스는 로제를 챙기는 동안 정작 자신은 아무것도 못 먹은 모양이다.{nl}본원 휴게소의 포악한 포쿠부를 잡아 에드문다스와 로제에게 먹일 고기를 얻어오자.				
QUEST_LV_0500_20230320_002536	帶來了要給愛德文多斯和羅潔吃的肉。{nl}和愛德文多斯對話吧。	에드문다스와 로제를 먹일 고기를 가져왔다.{nl} 에드문다스와 이야기를 하자.				
QUEST_LV_0500_20230320_002537	%s 獲得	%s 얻기				
QUEST_LV_0500_20230320_002538	和羅潔說話	로제와 이야기하기				
QUEST_LV_0500_20230320_002539	羅潔吃了藥和食物，體力提升不少。{nl}和羅潔對話吧。	로제가 음식과 약을 먹고 어느 정도 기운을 차린 거 같다.{nl}로제와 이야기를 해보자.				
QUEST_LV_0500_20230320_002540	羅潔說了她之前在諾巴哈發生過的事。{nl}她說會帶我到注視者所在的地方。	로제는 과거에 노바하에 있었던 일을 이야기해주었다.{nl}자신이 주시자가 있는 곳으로 안내해준다고 한다.				
QUEST_LV_0500_20230320_002541	羅潔好像知道注視者的位置。{nl}再和她聊聊吧。	로제는 주시자의 위치에 대해서 아는 듯한 모양이다.{nl}좀 더 이야기를 해보자.				
QUEST_LV_0500_20230320_002542	移動至本院禮拜堂	본원 예배당으로 이동하기				
QUEST_LV_0500_20230320_002543	愛德文多斯說羅潔要去，他也要去，所以就跟著去了。{nl}移動至本院禮拜堂。	에드문다스는 로제가 가겠다면 자신도 가겠다면서, 따라오기로 했다.{nl}본원 예배당으로 이동하자.				
QUEST_LV_0500_20230320_002544	愛德文多斯說去的話，他也要去，所以就跟著去了。{nl}移動至本院禮拜堂。	에드문다스는 가겠다면 자신도 가겠다면서, 따라가기로 했다.{nl}본원 예배당으로 이동하자.				
QUEST_LV_0500_20230320_002545	消滅布巴斯	부바스 처치				
QUEST_LV_0500_20230320_002546	已消滅出現在本院禮拜堂的布巴斯。{nl}愛德文多斯感到不尋常，想說些什麼。{nl}和愛德文多斯對話吧。	본원 예배당에서 나타난 부바스를 처치했다.{nl}에드문다스는 심상치 않은 것을 느꼈는지 할 말이 있는 거 같다.{nl}에드문다스와 이야기하자.				
QUEST_LV_0500_20230320_002547	和羅潔對話	로제와 대화하기				
QUEST_LV_0500_20230320_002548	愛德文多斯對於妹妹前往書庫感到不安。{nl}和羅潔說這件事。	에드문다스는 여동생이 서고로 가는 것에 불안함을 느끼고 있다.{nl}로제에게 이것에 대해서 이야기하자.				
QUEST_LV_0500_20230320_002549	羅潔說這是只有她能做事事，非常堅決。{nl}跟愛德文多斯說這件事。	로제는 자신만이 할 수 있는 일이라며 단호하게 이야기하고 있다.{nl}에드문다스에게 이것에 대해서 말을 해주자.				
QUEST_LV_0500_20230320_002550	前往諾巴哈書庫	노바하 서고로 가기				
QUEST_LV_0500_20230320_002551	擊倒布巴斯，帶著愛德文多斯和羅潔前往諾巴哈書庫。	부바스를 쓰러뜨리고, 에드문다스와 로제를 데리고, 노바하 서고로 간다.				
QUEST_LV_0500_20230320_002552	一到諾巴哈書庫，羅潔就好像很辛苦。{nl}沒事嗎?{nl}和羅潔對話吧。	노바하 서고에 도착하자마자 로제는 많이 힘들어하는 거 같다.{nl}괜찮은 걸까?{nl}로제와 이야기를 해보자.				
QUEST_LV_0500_20230320_002553	羅潔的狀態不太好。{nl}有什麼可以做的嗎?	로제의 상태가 좋지 않아보인다.{nl}할 수 있는 일이 없을까?				
QUEST_LV_0500_20230320_002554	消滅布貝並帶回掠奪的物品	부베를 처치하고, 약탈한 물건들 가져오기				
QUEST_LV_0500_20230320_002555	羅潔的狀態不好，觀察附近看見堆滿了布貝們掠奪的物品。{nl}確認物品找找看是否有對羅潔有幫助的東西。	로제의 상태가 좋지 않아, 주변을 보니 부베들이 약탈한 물건들이 쌓여있는 것을 보았다.{nl}물건들을 확인해서 로제에게 도움이 될만한 것이 있는지 찾아보자.				
QUEST_LV_0500_20230320_002556	在布貝掠奪的物品中發現羅潔可以吃的東西。{nl}回去找羅潔吧。	부베가 약탈한 물건에서 로제에게 먹일 만한 것들이 발견되었다.{nl}로제에게 돌아가자.				
QUEST_LV_0500_20230320_002557	從馬車中帶回羅潔可吃的東西	마차 안에서 로제가 먹을 만한 것을 가져오기				
QUEST_LV_0500_20230320_002558	羅潔吃了帶來的東西有點力氣了。{nl}和羅潔對話吧。	로제가 가져온 것을 먹고 힘이 난 모양이다.{nl}로제와 이야기를 해보자.				
QUEST_LV_0500_20230320_002559	消滅襲擊的布貝	습격한 부베 처치하기				
QUEST_LV_0500_20230320_002560	羅潔正在帶路時，布貝們突然襲擊了。{nl}消滅所有布貝吧。	로제가 안내하려고 하던 중에 갑자기 부베들이 습격했다.{nl}부베들을 모두 처치하자.				
QUEST_LV_0500_20230320_002561	已消滅所有布貝。{nl}和羅潔對話吧。	부베들을 모두 처치했다.{nl}로제와 이야기를 하자.				
QUEST_LV_0500_20230320_002562	消滅襲擊而來的布貝	습격해온 부베 처치				
QUEST_LV_0500_20230320_002563	已消滅襲擊羅潔和愛德文多斯的布貝群。{nl}和羅潔對話吧。	로제와 에드문다스를 습격한 부베 무리를 처치했다.{nl}로제에게 말을 걸어보자.				
QUEST_LV_0500_20230320_002564	調查痕跡	흔적 조사하기				
QUEST_LV_0500_20230320_002565	正在休息的羅潔說跟著書庫的痕跡走就可以知道了。{nl}跟著羅潔去調查吧。	쉬던 로제는 서고에 있는 흔적들을 따라가면 무언가 알 수 있다고 한다.{nl}로제를 따라서 조사를 해보자.				
QUEST_LV_0500_20230320_002566	確認羅潔的狀態	로제의 상태를 확인하기				
QUEST_LV_0500_20230320_002567	跟著痕跡到的地方有個巨大膠囊，裡面有手套。{nl}這是什麼?{nl}先跟羅潔說吧。	흔적을 따라간 곳에는 거대한 캡슐 안에 있는 장갑이 있었다.{nl}이건 뭘까?{nl}우선 로제와 이야기를 해보자.				
QUEST_LV_0500_20230320_002568	和布貝們戰鬥的時候，羅潔好像發現了什麼。{nl}和羅潔對話吧。	로제가 부베들과 싸우는 동안 무언가 발견한 모양이다.{nl}로제와 이야기를 해보자.				
QUEST_LV_0500_20230320_002569	哥哥愛德文多斯很擔心羅潔。{nl}和愛德文多斯對話吧。	로제에 대해서 오빠인 에드문다스는 걱정이 이만저만이 아닌 모양이다.{nl}에드문다스와 이야기하자.				
QUEST_LV_0500_20230320_002570	和歐勒夏魔法協會的普羅亞那對話	오르샤의 마법협회 플로아나와 이야기하기				
QUEST_LV_0500_20230320_002571	一般來說魔法協會的人比較懂笛子。{nl}和魔法協會的普羅亞那對話吧。	피리에 대해서 잘 알 법한 사람은 보통 마법협회 쪽의 사람일 것이다.{nl}마법협회의 플로아나와 이야기를 해보자.				
QUEST_LV_0500_20230320_002572	和歐勒夏魔法協會的普羅亞那對話	오르샤 마법협회의 플로아나와 대화하기				
QUEST_LV_0500_20230320_002573	如果是歐勒夏魔法協會也許會知道笛子的事。{nl}和普羅亞那對話吧。	오르샤의 마법협회라면 피리에 대한 정보를 알 수 있을 지도 모른다.{nl}플로아나와 대화를 해보자.				
QUEST_LV_0500_20230320_002574	到伊薩巫古迪森林找吹笛人大師優格里拉	이사우고티 숲에 있는 파이드파이퍼 마스터 요가일라 찾아가기				
QUEST_LV_0500_20230320_002575	普羅亞那說如果是吹笛人大師應該會很清楚笛子的事。{nl}到伊薩巫古迪森林和吹笛人大師見面吧。	플로아나는 파이드파이퍼 마스터라면 피리에 대해서 자세히 알 수 있다고 말한다.{nl}이사우고티 숲에 있는 파이드파이퍼 마스터를 만나자.				
QUEST_LV_0500_20230320_002576	回去找羅潔	로제에게 돌아가기				
QUEST_LV_0500_20230320_002577	吹笛手大師說了笛子的故事，並給了新的笛子。{nl}前往諾巴哈 書庫吧。	파이드 파이퍼 마스터가 피리에 대한 이야기를 해주고, 새로운 피리를 건네주었다.{nl}노바하 서고로 돌아가자.				
QUEST_LV_0500_20230320_002578	羅潔很痛苦。{nl}和羅潔對話吧。	로제는 고통에 힘들어하고 있다.{nl}로제와 이야기하자.				
QUEST_LV_0500_20230320_002579	破壞裝著惡魔葛洛夫的膠囊	데블 글로브가 들어있는 캡슐 파괴하기				
QUEST_LV_0500_20230320_002580	羅潔說如果破壞膠囊，頭腦會變得比較清楚。{nl}使用優格里拉給的破壞的曲調吧。	로제는 캡슐을 파괴하면 정신이 맑아질 거라고 한다.{nl}요가일라가 준 파괴의 곡조를 사용해보자.				
QUEST_LV_0500_20230320_002581	注視者和黑色惡魔葛洛夫抓走了羅潔。{nl}快追上他們吧。	로제를 주시자와 블랙 데블글로브가 잡아갔다.{nl}그들을 쫓아가자.				
QUEST_LV_0500_20230320_002582	跟隨愛德文多斯	에드문다스 쫓아가기				
QUEST_LV_0500_20230320_002583	看著妹妹羅潔被抓走的愛德文多斯失去了理智，跑到懺悔的祈禱室了。{nl}追上他吧。	동생인 로제가 잡혀가는 모습을 본 에드문다스는 이성을 잃고, 참회의 기도실로 달려갔다.{nl}그를 뒤쫓아 가자.				
QUEST_LV_0500_20230320_002584	消滅襲擊愛德文多斯的布貝	에드문다스를 습격한 부베 처치하기				
QUEST_LV_0500_20230320_002585	追上愛德文多斯時，他正被布貝攻擊。{nl}消滅布貝救他吧。	에드문다스를 뒤쫓으니 부베에게 공격당하고 있었다.{nl}부베를 처치하고 그를 구하자.				
QUEST_LV_0500_20230320_002586	消滅襲擊的布貝	습격한 부베 처치				
QUEST_LV_0500_20230320_002587	愛德文多斯很沮喪。{nl}和他對話吧。	에드문다스는 낙심한 듯하다.{nl}그에게 말을 걸어보자.				
QUEST_LV_0500_20230320_002588	尋找羅潔	로제를 찾기				
QUEST_LV_0500_20230320_002589	說會給愛德文多斯力量，愛德文多斯重新恢復了力量。{nl}以這氣勢尋找羅潔吧。	에드문다스에게 힘을 빌려준다고 하니, 에드문다스가 다시 힘을 낸 모양이다.{nl}이 기세로 로제를 찾아보자.				
QUEST_LV_0500_20230320_002590	尋找方法解決阻擋去路的障壁。{nl}和愛德文多斯對話吧。	가로막힌 장벽을 해결할 방법을 찾아야 한다.{nl}에드문다스와 이야기를 해보자.				
QUEST_LV_0500_20230320_002591	愛德文多斯好像發現了什麼。{nl}和他對話吧。	에드문다스가 무언가를 발견한 모양이다.{nl}그와 이야기를 나눠보자.				
QUEST_LV_0500_20230320_002592	破壞第1祈禱室的封印石	제 1 기도실의 봉인석 파괴하기				
QUEST_LV_0500_20230320_002593	愛德文多斯閱讀的卷軸上要求破壞二個封印石。{nl}先破壞左邊的封印石。	에드문다스가 읽은 스크롤에는 두 개의 봉인석을 파괴하라고 한다.{nl}먼저 왼쪽에 있는 봉인석부터 파괴를 하자.				
QUEST_LV_0500_20230320_002594	破壞第1祈禱室的封印石	제1기도실의 봉인석 파괴하기				
QUEST_LV_0500_20230320_002595	成功破壞了左邊的結界石。{nl}愛德文多斯沒事嗎?{nl}和他對話吧。	왼쪽의 결계석을 파괴하는데 성공했다.{nl}에드문다스는 괜찮은 걸까?{nl}그와 대화를 해보자.				
QUEST_LV_0500_20230320_002596	破壞第2祈禱室的封印石	제 2 기도실의 봉인석 파괴하기				
QUEST_LV_0500_20230320_002597	愛德文多斯雖然很辛苦，但要求快點破壞封印石。{nl}破壞右邊的封印石吧。	에드문다스는 힘들지만 어서 가서 봉인석을 파괴하자고 말한다.{nl}오른쪽의 봉인석을 파괴하자.				
QUEST_LV_0500_20230320_002598	破壞第2祈禱室的封印石	제2기도실의 봉인석 파괴하기				
QUEST_LV_0500_20230320_002599	救出羅潔	로제 구출하기				
QUEST_LV_0500_20230320_002600	結界被破壞了。{nl}羅潔在結界一角，現在去救羅潔吧。	결계가 파괴되었다.{nl}결계 너머에 로제가 있을 테니 이제 로제를 구하러 가보자.				
QUEST_LV_0500_20230320_002601	和失落的愛德文多斯對話	실의에 빠진 에드문다스와 이야기하기				
QUEST_LV_0500_20230320_002602	因為羅潔的死而悲痛的愛德文多斯…{nl}和他對話吧。	로제의 죽음에 애통해하는 에드문다스...{nl}그와 이야기를 하자.				
QUEST_LV_0500_20230320_002603	和歐勒夏的領主護衛兵對話	오르샤의 영주 호위병과 이야기하기				
QUEST_LV_0500_20230320_002604	領主護衛兵很急著要找我。{nl}去看看有什麼事。	영주 호위병이 나를 급하게 찾는 모양이다.{nl}무슨 일인지 알아보자.				
QUEST_LV_0500_20230320_002605	奎波爾路塔對話。	큐폴 루타와 이야기하기				
QUEST_LV_0500_20230320_002606	歐勒夏護衛兵說，諾巴哈一帶每天晚上都有少女的慘叫聲。{nl}奧施莉奈女神給的葫蘆瓶好像有什麼問題。{nl}去懺悔的祈禱室吧。	오르샤 경비병의 말로는 노바하 일대에 소녀의 비명 소리가 밤마다 울린다고 한다.{nl}아우슈리네 여신이 준 호리병에서 무언가 문제가 생긴 모양이다.{nl}참회의 기도실로 가자.				
QUEST_LV_0500_20230320_002607	奎波爾路塔來這好像有什麼事的樣子。{nl}和她對話吧。	큐폴 루타도 이곳에 용무가 있는지 온 모양이다.{nl}그녀와 이야기하자.				
QUEST_LV_0500_20230320_002608	消滅羅潔·雷米·塞哈不勒	로제 더 미저러블 처치				
QUEST_LV_0500_20230320_002609	奎波爾路塔說葫蘆瓶裡好有什麼。{nl}	큐폴 루타는 호리병 안에서 무슨 일이 있는 거 같다고 말한다.{nl}				
QUEST_LV_0500_20230320_002610	羅潔的靈魂成佛了。{nl}回去找奎波爾路塔吧。	로제의 영혼을 성불시켰다.{nl}큐폴 루타에게 돌아가자.				
QUEST_LV_0500_20230320_002611	確認募集板的公告	모집판의 공고 확인하기				
QUEST_LV_0500_20230320_002612	募集板好像寫了什麼。{nl}確認內容吧。	모집판에 무언가 적혀 있는 거 같다.{nl}내용을 확인해보자.				
QUEST_LV_0500_20230320_002613	消滅諾巴哈本院的布貝	노바하 본원의 부베 처치하기				
QUEST_LV_0500_20230320_002614	公告板要求消滅布貝。{nl}去消滅布貝吧。	공고판에서 부베를 처치하라고 한다.{nl}부베를 처리하도록 하자.				
QUEST_LV_0500_20230320_002615	跟歐勒夏的領主警備兵報告	오르샤의 영주 경비병에게 보고하기				
QUEST_LV_0500_20230320_002616	消滅了諾巴哈本院的布貝們。{nl}去找歐勒夏的領主警備兵報告並領取獎勵。	노바하 본원의 부베들을 정리한 거 같다.{nl}오르샤의 영주 경비병에게 가서 보고하고 보상을 받자.				
QUEST_LV_0500_20230320_002617	消滅諾巴哈本院的布貝	노바하 본원의 부베 처치				
QUEST_LV_0500_20230320_002618	在歐勒夏公告板閱讀內容	오르샤 공고판에서 내용 읽기				
QUEST_LV_0500_20230320_002619	歐勒夏公告板似乎寫了什麼。{nl}閱讀內容吧。	오르샤 공고판에 무언가 적혀 있는 듯하다.{nl}내용을 읽어보자				
QUEST_LV_0500_20230320_002620	取得波庫布虎牙	포쿠부 송곳니 구하기				
QUEST_LV_0500_20230320_002621	聽說歐勒夏魔法協會正需要波庫布虎牙。{nl}收集20個帶過來吧。	오르샤 마법 협회에서 포쿠부 송곳니를 구하고 있다고 한다.{nl}20개 정도만 모아서 가져가보도록 하자.				
QUEST_LV_0500_20230320_002622	前往歐勒夏魔法協會	오르샤 마법협회 찾아가기				
QUEST_LV_0500_20230320_002623	收集了不少波庫布的虎牙。{nl}去歐勒夏魔法協會吧。	포쿠부의 송곳니를 적당히 모은 것 같다.{nl}오르샤 마법협회를 찾아가보자.				
QUEST_LV_0500_20230320_002624	和貪心的女商人對話	탐욕스러운 여상인과 이야기하기				
QUEST_LV_0500_20230320_002625	有一個女商人很有自信地站在滿是布貝的這個地方。{nl}女商人很生氣。{nl}問她有什麼事。	부베가 깔린 이곳에 당당하게 서있는 여상인이 있다.{nl}여상인은 화가 잔뜩 나있는 듯하다.{nl}무슨 일인지 물어보자.				
QUEST_LV_0500_20230320_002626	找回馬車物品	마차 물품을 되찾아오기				
QUEST_LV_0500_20230320_002627	女商人因為馬車被偷走而生氣。{nl}找回物品，獲取報酬吧。	여상인은 마차를 도둑맞은 것에 화가 나있다.{nl}물건을 되찾고 보수를 받자.				
QUEST_LV_0500_20230320_002628	物品幾乎都找回來了。{nl}不知道女商人是否滿意，先拿去給她吧。	물건을 어느정도 되찾은 거 같다.{nl}여상인이 만족할지는 모르겠지만, 일단 가져다 주자.				
QUEST_LV_0500_20230320_002629	找回布貝掠奪的物品	부베가 약탈한 물품 되찾아오기				
QUEST_LV_0500_20230320_002630	和貪心的女商人對話	탐욕스러운 여상인과 대화하기				
QUEST_LV_0500_20230320_002631	雖然物品都找回來了，但是女商人還是不太滿意的樣子。{nl}和女商人對話吧。	물건을 되찾아왔지만, 여상인은 탐탁치 않은 모양이다.{nl}여상인과 대화를 해보자.				
QUEST_LV_0500_20230320_002632	消滅布貝帶回寶石	부베를 처치해서 보석을 가져오기				
QUEST_LV_0500_20230320_002633	女商人要對布貝報仇，打算要拿布貝身上的寶石來賣。{nl}找到布貝取回寶石吧。	여상인은 부베에게 복수할겸, 부베의 몸 안에 있는 보석을 가져와 팔 생각을 하고 있다.{nl}부베를 첯해서 보석을 가져오자				
QUEST_LV_0500_20230320_002634	收集了布貝的寶石。{nl}拿去給女商人吧。	부베의 보석을 모았다.{nl}여상인에게 가져다 주자.				
QUEST_LV_0500_20230320_002635	獲得布貝持有的寶石破片	부베가 지니고 있는 보석 파편 획득				
QUEST_LV_0500_20230320_002636	和孤立的學者對話	고립된 학자와 이야기하기				
QUEST_LV_0500_20230320_002637	諾巴哈書庫有個人很害怕發抖著。{nl}和他對話問他有什麼事。	노바하 서고에서 두려움에 떨고 있는 사람이 있다.{nl}무슨 일인지 대화를 해보자.				
QUEST_LV_0500_20230320_002638	消滅布貝	부베 처리하기				
QUEST_LV_0500_20230320_002639	聽說學者因為布貝們無法回到歐勒夏。{nl}消滅布貝，帶他前往諾巴哈本院吧。	학자는 부베들 때문에 오르샤로 돌아가지 못하고 있다고 한다.{nl}부베를 처치하고, 노바하 본원으로 가는 곳으로 안내하자.				
QUEST_LV_0500_20230320_002640	引導至諾巴哈本院入口	노바하 본원 입구로 안내하기				
QUEST_LV_0500_20230320_002641	消滅了布貝們，現在安全地護送吧。	부베들을 처리했다. 이제 안전하게 데려다 주자.				
QUEST_LV_0500_20230320_002642	閱讀掉落的書	떨어진 책 읽기				
QUEST_LV_0500_20230320_002643	和愛德文多斯經過時有一本沒看過的書。	에드문다스와 지나갔을 떄는 보이지 않던 책이 놓여져 있다.				
QUEST_LV_0500_20230320_002644	閱讀書吧。	책을 읽어보도록 하자.				
QUEST_LV_0500_20230320_002645	閱讀其他書	다른 책을 읽어보기				
QUEST_LV_0500_20230320_002646	書的內容不太尋常。{nl}閱讀看掉落在附近的其他書吧。	책의 내용이 심상치 않다.{nl}주변에 떨어져 있는 다른 책을 읽어보자.				
QUEST_LV_0500_20230320_002647	再尋找其他書	또 다른 책 찾기				
QUEST_LV_0500_20230320_002648	這本書是實驗日誌，內容是記載實驗諾巴哈居民們的內容。 {nl}再找找看其他線索吧。	책의 내용은 노바하 주민들을 실험하는 내용이 담긴 실험 일지였다.{nl}또 다른 단서를 찾아보자.				
QUEST_LV_0500_20230320_002649	告訴歐勒夏的領主護衛兵	오르샤의 영주 호위병에게 알리기				
QUEST_LV_0500_20230320_002650	看了所有實驗日誌的內容。{nl}去找歐勒夏的領主護衛兵告訴他這個事實吧。	실험일지의 내용을 모두 보았다.{nl}오르샤의 영주 호위병에게 이 사실을 알리자				
QUEST_LV_0500_20230320_002651	和神戟師大師丹雅對話	신극 마스터 단 아와 대화하기				
QUEST_LV_0500_20230320_002652	丹雅聽聞過你的名聲，對你的事感到興趣。{nl}如果想知道神戟師的事，可以去找丹雅。	단아는 당신의 명성을 듣고 흥미를 보이고 있습니다.{nl}신극에 대해서 알고 싶다면 단아와 이야기를 하세요.				
QUEST_LV_0500_20230320_002653	解決神戟師大師丹雅交代的事	신극 마스터 단 아가 준 일을 해결하기				
QUEST_LV_0500_20230320_002654	神戟師大師丹雅給你出了課題。{nl}解決課題證明自己的能力。	신극 마스터 단 아는 당신에게 과제를 주었습니다.{nl}과제를 해결해서 자신의 능력을 증명하셍.				
QUEST_LV_0500_20230320_002655	解決了丹雅交代的事。{nl}去找丹雅獲得神戟師的資格。	단 아가 준 일을 해결했다.{nl}단 아에게 가서 신극의 자격을 인정받으세요.				
QUEST_LV_0500_20230320_002656	和神戟師大師丹雅對話	신극 마스터 단 아와 이야기하기				
QUEST_LV_0500_20230320_002657	丹雅給了某種東西給成為神戟師的你。{nl}和丹雅對話。	단 아는 신극이 된 당신에게 무언가 전해줄 게 있다고 한다.{nl}단 아와 이야기를 하자.				
QUEST_LV_0500_20230320_002658	解決神戟師大師丹雅給的課題	신극 마스터 단 아 준 과제를 해결하기				
QUEST_LV_0500_20230320_002659	丹雅身為神戟師，出了鍛鍊課程。{nl}獲得資格證明，取到神戟師認證服裝吧。	단 아는 신극으로서 단련할 과제를 주었다.{nl}자격을 증명받고, 신극의 자격을 보여주는 옷을 받자.				
QUEST_LV_0500_20230320_002660	已完成丹雅給的課題。{nl}回去找丹雅說話。	단 아가 준 과제를 완료했다.{nl}단 아에게 돌아가 이야기하자.				
QUEST_LV_0500_20230718_002661	[工程師大師] 瑪格麗特·伊內薩	[엔지니어 마스터]마가렛 이네자				
QUEST_LV_0500_20230718_002662	啟示者！這裡！就是這裡！	계시자! 여기야. 여기!				[엔지니어 마스터]마가렛 이네자
QUEST_LV_0500_20230718_002663	聽說你是那個著名的啟示者。	네가 그 유명한 계시자라고 들었어.				[엔지니어 마스터]마가렛 이네자
QUEST_LV_0500_20230718_002664	直接進入正題吧…{nl}你對工程學沒興趣嗎？{nl}如果你有興趣，我可以教你工程技術…	바로 본론부터 이야기하자면...{nl}너 공학에 관심없어?{nl}관심이 있다면 내가 공학기술을 가르쳐줄 수 있는데...				[엔지니어 마스터]마가렛 이네자
QUEST_LV_0500_20230718_002665	不能隨便就算了！{nl}你必須完成我出的課題！	그냥은 안돼!{nl}내가 낸 과제를 처리해야해!				[엔지니어 마스터]마가렛 이네자
QUEST_LV_0500_20230718_002666	你竟然完成了我出的所有課題…	내가 내준 과제를 전부 해결하다니...				[엔지니어 마스터]마가렛 이네자
QUEST_LV_0500_20230718_002667	太厲害了！{nl}你現在就可以學習工程師的技能了。	역시 대단해!{nl}엔지니어의 기술을 당장 배워도 되겠는데?				[엔지니어 마스터]마가렛 이네자
QUEST_LV_0500_20230718_002668	[工程師] 親自動手創作	[엔지니어]창작은 자기 손으로				
QUEST_LV_0500_20230718_002669	我沒這種興趣。	그런 취미가 없다고 한다.				
QUEST_LV_0500_20230718_002670	和歐勒夏的工程師大師對話。	오르샤의 엔지니어 마스터와 이야기하기				
QUEST_LV_0500_20230718_002671	工程師大師問你是否想走工程學之路。{nl}如果你有興趣，不妨去見見工程師大師瑪格麗特·伊內薩。	엔지니어 마스터가 당신에게 공학의 길을 걸어보겠냐고 물어봅니다.{nl}관심이 있다면 엔지니어 마스터 마가렛 이네자를 만나보세요.				
QUEST_LV_0500_20230718_002672	瑪格麗特·伊內薩會出課題給要成為工程師的你。	마가렛 이네자는 당신이 엔지니어가 되기 위한 과제를 내줍니다.				
QUEST_LV_0500_20230718_002673	已完成所有瑪格麗特·伊內薩出的課題。{nl}回去找工程師大師，取得你的資格吧！	마가렛 이네자가 내준 과제를 모두 해결했습니다.{nl}엔지니어 마스터에게 돌아가 자격을 획득하세요.				
QUEST_LV_0500_20230911_002674	您來了啊…	오셨군요...				라이마
QUEST_LV_0500_20230911_002675	我很清楚發生了什麼事。	무슨 일이 있었는지는 잘 알고 있습니다.				네링가
QUEST_LV_0500_20230911_002676	我的主人拉伊瑪正在找啟示者。	저의 주인이신 라이마님께서 계시자님을 찾고 계십니다.				네링가
QUEST_LV_0500_20230911_002677	注視者終將解放自己的半身，準備回歸魔神。	주시자는 결국 자신의 반신을 해방시키고, 마신으로서 돌아갈 준비를 하고 있습니다.				라이마
QUEST_LV_0500_20230911_002678	我們姐妹其中一位會幫助您的。{nl}我們必須攜手合作，阻止注視者…	저의 자매 중 한명이 당신을 도와드릴 겁니다.{nl}함께 힘을 합쳐서 주시자를 막으셔야 합니다....				라이마
QUEST_LV_0500_20230911_002679	從這個開始禁止進入。	이 앞으로는 출입 금지입니다.				니코폴리스 경비병
QUEST_LV_0500_20230911_002680	您是啟者嗎？	계시자님이시라고요?				니코폴리스 경비병
QUEST_LV_0500_20230911_002681	天啊…現在前方已經成為魔族的領域。	맙소사... 지금 이 앞은 마족의 영역이 되었습니다.				니코폴리스 경비병
QUEST_LV_0500_20230911_002682	曾經和奧維尼亞一起建立結界，以防止魔族進入這裡，但是…	오위니아님과 함께 결계를 쳐서 마족들이 더 이상 이곳으로 못 나오게 했습니다만....				니코폴리스 경비병
QUEST_LV_0500_20230911_002683	我們自己無法解決，所以跟歐勒夏請求支援，但結界似乎隨時都可能崩解。	저희만으로는 어떻게 해결할 수 없어서 오르샤에 지원 요청을 했지만, 결계가 금방이라도 무너질 거 같습니다.				니코폴리스 경비병
QUEST_LV_0500_20230911_002684	啟示者，請幫助我們…	계시자님 도와주십시오....				니코폴리스 경비병
QUEST_LV_0500_20230911_002685	這裡已經成為注視者，不對，應該是斯羅格提斯的魔力領域。就像瓦卡麗涅的魔族收監所… 	이 곳은 이미 주시자, 아니 슬로거티스의 마력으로 그의 영역이 되었지.{nl}마치 바카리네의 마족수감소처럼 말이지...				여신 아우슈리네
QUEST_LV_0500_20230911_002686	身為人類的你在這亂走是很危險的。	인간인 네가 이러한 곳을 함부로 움직이는 것은 위험하다.				여신 아우슈리네
QUEST_LV_0500_20230911_002687	我先行動，協助你消除你無法解決的問題。	내가 먼저 앞장서서 그대의 힘으로는 해결할 수 없는 것을 없애주도록 하겠다.				여신 아우슈리네
QUEST_LV_0500_20230911_002688	剛才出來的魔族你可以擊敗吧？	아까 나온 마족들 정도는 해치울 수 있겠지?				여신 아우슈리네
QUEST_LV_0500_20230911_002689	來了啊。	왔구나.				여신 아우슈리네
QUEST_LV_0500_20230911_002690	你還在路上的時候，我已經移除了大部分含有斯羅格提斯魔力的水晶。	네가 오는 동안 슬로거티스의 마력이 담긴 수정을 대부분 제거했다.				여신 아우슈리네
QUEST_LV_0500_20230911_002691	但是單憑我一個人可能會花費一些時間。	하지만 나 혼자만으로는 시간이 걸릴 거 같구나.				여신 아우슈리네
QUEST_LV_0500_20230911_002692	雖然我不想借助人類的力量…	인간의 힘을 빌리고 싶지는 않지만...				여신 아우슈리네
QUEST_LV_0500_20230911_002693	啟示者，如果我借用你的力量，你能幫助我嗎？	계시자, 내가 힘을 빌려줄 테니 나를 도울 수 있겠느냐?				여신 아우슈리네
QUEST_LV_0500_20230911_002694	很好。{nl}這個包含了我的力量。	좋아.{nl}이것은 나의 힘이 담긴 것이다.				여신 아우슈리네
QUEST_LV_0500_20230911_002695	用它來移除附近的斯羅格提斯水晶。	이것을 사용해서 근처에 있는 슬로거티스의 수정을 제거해라.				여신 아우슈리네
QUEST_LV_0500_20230911_002696	看看是否還有其他斯羅格提斯的黑色水晶。	또 다른 슬로거티스의 검은 수정이 있는지 찾아보자.				None
QUEST_LV_0500_20230911_002697	已處理了芙蝶的襲擊，再去找黑色水晶吧。	빠삐용들의 습격을 처리했으니, 다시 검은 수정을 찾아보자.				None
QUEST_LV_0500_20230911_002698	啟示者，在我們前往對抗斯羅格提斯之前，你不好奇為什麼出現了魔族，以及為什麼我不信任人類嗎？	계시자, 슬로거티스를 치러 가기 전에 왜 마신들이 등장했는지, 그리고 내가 왜 인간을 못 믿는지 궁금하지 않느냐?				여신 아우슈리네
QUEST_LV_0500_20230911_002699	我們先休息片刻，要不要聽聽我說故事	잠시 숨을 돌릴 겸 이야기를 들어보지 않겠느냐?				여신 아우슈리네
QUEST_LV_0500_20230911_002700	現在我們將前往斯羅格提斯的大本營。	이제 슬로거티스의 본거지로 갈 것이다.				여신 아우슈리네
QUEST_LV_0500_20230911_002701	準備好了嗎？	준비는 되었느냐?				여신 아우슈리네
QUEST_LV_0500_20230911_002702	斯羅格提斯的力量比我預想的增長得更快。	내 예상보다 빠르게 슬로거티스의 힘이 커지고 있어.				여신 아우슈리네
QUEST_LV_0500_20230911_002703	看來我需要使用以前帶去的破壞的曲調…	예전에 내가 가져갔던 파괴의 곡조를 써야할 거 같군...				여신 아우슈리네
QUEST_LV_0500_20230911_002704	去找製作這個的匠人吹笛手大師，修理這個曲調的力量，讓它更加強大。	이것을 만든 장본인인 파이드 파이퍼 마스터에게 가서 이 곡조의 힘을 수리하고 더욱 강화하도록 해라.				여신 아우슈리네
QUEST_LV_0500_20230911_002705	聽說他現在在諾巴哈書庫。{nl}你去找吹笛手大師的時候，我去找魔力的源頭。	그는 지금 노바하 서고에 있다고 하니{nl}네가 파이드 파이퍼 마스터에게 가는 동안 저 마력의 근원지를 찾아보겠다.				여신 아우슈리네
QUEST_LV_0500_20230911_002706	這樣可以嗎？	그렇게 되었습니까?				파이드 파이퍼 마스터
QUEST_LV_0500_20230911_002707	你的意思是魔神已經再次醒來，現在離完全復活只剩下一步，不，半步之遙嗎？	마신은 다시 깨어났고, 이제 완전한 부활까지는 한 걸음, 아니 반 걸음 정도 남은 상태라는 말씀이지요?				파이드 파이퍼 마스터
QUEST_LV_0500_20230911_002708	而且那種破壞的曲調本來就是一次性的，用完後就會消失…	그리고 그 파괴의 곡조는 원래 한 번 쓰면 기운이 다 하여 없어지도록 해두었는데...				파이드 파이퍼 마스터
QUEST_LV_0500_20230911_002709	果然女神奧施莉奈的能力完全沒有消失，一直還在。	역시 여신 아우슈리네 님의 권능은 전혀 사라짐이 없이 그대로이셨군요.				파이드 파이퍼 마스터
QUEST_LV_0500_20230911_002710	如果那樣能讓人類世界更加輕鬆就好了…	그렇다면 인간 세상을 좀 더 편하게 해주셨으면 좋았을 것을...				파이드 파이퍼 마스터
QUEST_LV_0500_20230911_002711	哦，不會。總之，如果只是修理這種破壞的曲調的話很簡單。	아, 아닙니다. 어쨌든, 이 파괴의 곡조를 ... 그냥, 수리만 하면 되는 거라면 간단합니다.				파이드 파이퍼 마스터
QUEST_LV_0500_20230911_002712	這個你可以拿走了。	여기 있습니다. 가져 가시죠.				파이드 파이퍼 마스터
QUEST_LV_0500_20230911_002713	因為我是一個流浪者，並不適合長時間待在這裡。	그리고 저는 방랑자임으로 이곳에 오래 있는 것은 좋지 않습니다.				파이드 파이퍼 마스터
QUEST_LV_0500_20230911_002714	啟示者，如果我們有緣分，還會再見面的…	계시자님 인연이 있다면 또 만나겠지요...				파이드 파이퍼 마스터
QUEST_LV_0500_20230911_002715	回來了啊。	돌아왔구나.				여신 아우슈리네
QUEST_LV_0500_20230911_002716	現在只要移除兩處的斯羅格提斯雕像，就可以摧毀斯羅格提斯的結界。	이제 두 곳에 있는 슬로거티스의 석상을 제거하면 슬로거티스의 결계를 파괴할 수 있다.				여신 아우슈리네
QUEST_LV_0500_20230911_002717	移除雕像是簡單的事情，但如果我們連這樣的事情都解決不了，那是否能夠擊敗斯羅格提斯呢？	석상을 제거하는 일은 간단한 일이지만, 이런 일조차 해결하지 못한다면  과연 슬로거티스를 쓰러뜨릴 수 있을까?				여신 아우슈리네
QUEST_LV_0500_20230911_002718	拉伊瑪的呼喚	라이마의 부름				
QUEST_LV_0500_20230911_002719	我會去。	가겠다고 한다.				
QUEST_LV_0500_20230911_002720	我還沒準備好。	아직 준비가 필요하다고 한다.				
QUEST_LV_0500_20230911_002721	濃厚的黑暗氣息	짙은 어둠의 기운				
QUEST_LV_0500_20230911_002722	做好準備再來。	준비를 더하고 오자.				
QUEST_LV_0500_20230911_002723	破壞魔神的水晶(1)	마신의 수정 파괴(1)				
QUEST_LV_0500_20230911_002724	需要做點準備。	잠깐 준비할 게 있다고 한다.				
QUEST_LV_0500_20230911_002725	去找另一個水晶	또 다른 수정을 찾아서				
QUEST_LV_0500_20230911_002726	破壞魔神的水晶(2) : EP15_2_D_NICOPOLIS_1_MQ_6	마신의 수정 파괴(2) : EP15_2_D_NICOPOLIS_1_MQ_6				
QUEST_LV_0500_20230911_002727	破壞魔神的水晶(2)	마신의 수정 파괴(2)				
QUEST_LV_0500_20230911_002728	奧施莉奈的故事	아우슈리네의 이야기				
QUEST_LV_0500_20230911_002729	稍微休息一下聆聽故事。	잠시 쉬며 이야기를 듣는다고 한다.				
QUEST_LV_0500_20230911_002730	黑色結界	검은 결계				
QUEST_LV_0500_20230911_002731	去找吹笛手大師	파이드 파이퍼 마스터에게로				
QUEST_LV_0500_20230911_002732	有其他事要做	잠시 다른 일을 한다고 한다.				
QUEST_LV_0500_20230911_002733	移除結界(1)	결계 제거(1)				
QUEST_LV_0500_20230911_002734	我會破壞雕像後再回來。	석상을 파괴하고 오겠다고 한다.				
QUEST_LV_0500_20230911_002735	請幫忙。	도와달라고 요청한다.				
QUEST_LV_0500_20230911_002736	移除結界(2)	결계 제거(2)				
QUEST_LV_0500_20230911_002737	長戰終結	긴 싸움의 끝				
QUEST_LV_0500_20230911_002738	到歐勒夏和奈凌卡對話	오르샤에서 네링가와 이야기하기				
QUEST_LV_0500_20230911_002739	羅潔死後注視者去哪裡了呢？{nl}到歐勒夏見奈凌卡談談。	로제의 죽음 이후, 주시자는 어디로 간 것일까?{nl}오르샤에서 네링가와 만나서 이야기를 해보자.				
QUEST_LV_0500_20230911_002740	到拉伊瑪的聖所和拉伊瑪女神對話	라이마의 성소에서 라이마 여신과 이야기하기				
QUEST_LV_0500_20230911_002741	奈凌卡建議去拜訪拉伊瑪女神，並把我送到了拉伊瑪的聖所。{nl}去拜訪拉伊瑪女神吧。	네링가는 라이마 여신에게 가보라고 하며 라이마의 성소로 보내주었다.{nl}라이마 여신에게 가보도록 하자.				
QUEST_LV_0500_20230911_002742	尋找拉伊瑪的姐妹女神	라이마의 자매 여신을 찾기				
QUEST_LV_0500_20230911_002743	拉伊瑪女神說注視者的覺醒即將來臨，而自己的姐妹女神將在注視者所在之處幫忙。{nl}去找拉伊瑪的姐妹女神吧。	라이마 여신은 주시자의 각성이 머지 않았다고 하며, 주시자가 있는 곳에 자신의 자매 여신이 도와줄 것이라고 이야기했다.{nl}라이마의 자매 여신을 찾아보자.				
QUEST_LV_0500_20230911_002744	和尼柯波爾利斯警備兵對話	니코폴리스 경비병과 이야기하기				
QUEST_LV_0500_20230911_002745	拉伊瑪女神說自己的姐妹將會幫忙，並把我送到了史達里小鎮。{nl}但史達里小鎮看起來很混亂…發生了什麼事？	라이마 여신은 자신의 자매가 도와준다고 말을 하며, 스타리 타운으로 워프시켜줬다.{nl}스타리 타운이 어수선한데... 무슨 일이 있는걸까?				
QUEST_LV_0500_20230911_002746	前往秘密實驗室	비밀실험실로 이동하기				
QUEST_LV_0500_20230911_002747	尼柯波爾利斯一帶已落入注視者的掌握，周圍一片混亂。{nl}前往注視者躲藏的秘密實驗室吧。	니코폴리스 일대가 주시자의 손아귀에 넘어가 주변이 혼란스러운 상태다.{nl}주시자가 숨어있느 비밀실험실로 이동하자.				
QUEST_LV_0500_20230911_002748	和奧施莉奈對話	아우슈리네와 이야기하기				
QUEST_LV_0500_20230911_002749	到秘密實驗室拜訪了奧施莉奈女神。{nl}和奧施莉奈談談。	비밀실험실에서 아우슈리네 여신을 만났다.{nl}아우슈리네와 이야기를 해보자.				
QUEST_LV_0500_20230911_002750	和女神奧施莉奈對話	여신 아우슈리네와 이야기하기				
QUEST_LV_0500_20230911_002751	在秘密實驗室見到了拉伊瑪提到的女神奧施莉奈。{nl}和奧施莉奈女神談談。	비밀실험실에서 라이마가 말한 여신 아우슈리네를 만났다.{nl}여신 아우슈리네와 이야기해보자.				
QUEST_LV_0500_20230911_002752	消滅芙蝶後和女神奧施莉奈會合	빠삐용 처치 후 여신 아우슈리네와 합류하기				
QUEST_LV_0500_20230911_002753	奧施莉奈女神說會幫忙清除秘密實驗室裡的危險要素。{nl}消滅10隻芙蝶怪後會合吧。	아우슈리네 여신이 비밀실험실 안의 위험요소를 제거해준다고 한다.{nl}빠삐용 몬스터 10마리를 제거하고 합류하자.				
QUEST_LV_0500_20230911_002754	芙蝶怪已消滅一定數量了。{nl}移動到奧施莉奈女神說的場所吧。	빠삐용 몬스터를 어느 정도 제거했다.{nl}아우슈리네 여신이 알려준 장소로 이동하자.				
QUEST_LV_0500_20230911_002755	消滅芙蝶怪物	빠삐용 몬스터 처치				
QUEST_LV_0500_20230911_002756	奧施莉奈女神說她發現了一些事情。{nl}和奧施莉奈女神談談。	아우슈리네 여신은 무언가 발견한 것을 당신에게 알려주고 한다.{nl}아우슈리네 여신과 이야기를 하자.				
QUEST_LV_0500_20230911_002757	破壞魔神的水晶	마신의 수정 파괴하기				
QUEST_LV_0500_20230911_002758	使用奧施莉奈女神給的祝福找到並破壞魔神的水晶。	아우슈리네 여신이 준 축복으로 마신의 수정을 찾아서 파괴하자.				
QUEST_LV_0500_20230911_002759	使用奧施莉奈女神給的祝福找到並破壞魔神的水晶。	아우슈리네 여신이 준 축복으로 마신의 수정을 찾아서 파괴하자				
QUEST_LV_0500_20230911_002760	尋找另一個水晶	또 다른 검은 수정 찾기				
QUEST_LV_0500_20230911_002761	奧施莉奈女神的祝福力量已經摧毀了黑色水晶。{nl}找找看是否還有其他水晶。	아우슈리네 여신이 준 축복의 힘으로 검은 수정을 제거했다.{nl}다른 수정이 있을 수도 있으니 찾아보도록 하자.				
QUEST_LV_0500_20230911_002762	芙蝶群集擁有可以欺騙女神的祝福的力量。{nl}小心探索吧。	빠삐용 무리가 여신의 축복을 속일 정도의 힘을 가지고 있는 모양이다.{nl}조심해서 탐색을 진행하자.				
QUEST_LV_0500_20230911_002763	破壞黑色水晶	검은 수정 파괴하기				
QUEST_LV_0500_20230911_002764	傳送門打開了，本來打算直接進入，但奧施莉奈女神似乎有話要說。	포탈이 열려서 곧장 포탈로 가려고 했지만, 아우슈리네 여신이 무언가 할 이야기가 있는 거 같다.				
QUEST_LV_0500_20230911_002765	奧施莉奈女神希望和你交談。{nl}和她談談吧。	아우슈리네 여신은 당신과 이야기를 나누려고 한다.{nl}이야기를 나눠보자.				
QUEST_LV_0500_20230911_002766	和奧施莉奈女神對話	아우슈리네 여신과 대화하기				
QUEST_LV_0500_20230911_002767	聽完奧施莉奈女神的故事。{nl}現在去處理斯羅格提斯吧。	아우슈리네 여신의 이야기를 모두 들었다.{nl}이제 슬로거티스를 처리하러 가자.				
QUEST_LV_0500_20230911_002768	前往魔神的住所	마신의 처소로 이동하기				
QUEST_LV_0500_20230911_002769	進入魔神的住所	마신의 처소로 들어가기				
QUEST_LV_0500_20230911_002770	在被尤毗尼斯擋住的時候，奧施莉奈女神前往了魔神的住所。{nl}前往魔神的住所吧。	우피니스에게 가로막힌 사이에 아우슈리네 여신은 마신의 처소로 향했다.{nl}마신의 처소로 향하자.				
QUEST_LV_0500_20230911_002771	先到達的奧施莉奈女神似乎陷入了沉思。{nl}和奧施莉奈女神對話吧。	먼저 도착해있던 아우슈리네 여신은 고민에 빠진 듯하다.{nl}아우슈리네 여신과 이야기를 하자.				
QUEST_LV_0500_20230911_002772	和女神奧施莉奈對話	여신 아우슈리네와 대화하기				
QUEST_LV_0500_20230911_002773	和吹笛手大師對話	파이드 파이퍼 마스터와 대화하기				
QUEST_LV_0500_20230911_002774	奧施莉奈女神要你去找吹笛手大師修理破壞的曲調。	아우슈리네 여신은 파이드 파이퍼 마스터에게 가서 파괴의 곡조를 고쳐오라고 한다.				
QUEST_LV_0500_20230911_002775	前往諾巴哈書庫，和吹笛手大師對話。	노바하 서고에 있는 파이드 파이퍼 마스터를 만나서 대화하자.				
QUEST_LV_0500_20230911_002776	吹笛手大師已經知道你會來。	파이드 파이퍼 마스터는 당신이 이곳에 올 것을 알고 있었다.				
QUEST_LV_0500_20230911_002777	和吹笛手大師對話。	파이드 파이퍼 마스터와 대화를 하자.				
QUEST_LV_0500_20230911_002778	從吹笛手大師那裡拿到了已修復的破壞的曲調。{nl}和奧施莉奈女神對話。	파이드 파이퍼 마스터로부터 파괴의 곡조를 수리받았다.{nl}아우슈리네 여신과 대화하자.				
QUEST_LV_0500_20230911_002779	破壞斯羅格提斯的雕像	슬로거티스의 석상을 파괴하기				
QUEST_LV_0500_20230911_002780	奧施莉奈女神說要摧毀2個斯羅格提斯的雕像。{nl}摧毀雕像後回去找奧施莉奈女神。	아우슈리네 여신은 슬로거티스의 석상 2개를 파괴하라고 당신에게 말했습니다.{nl}석상을 파괴한 후 아우슈리네 여신에게 돌아가세요.				
QUEST_LV_0500_20230911_002781	消滅斯羅格提斯的雕像	슬로거티스의 석상 처치				
QUEST_LV_0500_20230911_002782	消滅馬斯瑪	마스마 처치				
QUEST_LV_0500_20230911_002783	消滅黑暗雕像	다크 스태츄 처치				
QUEST_LV_0500_20230911_002784	移除2個斯羅格提斯的雕像。	슬로거티스의 석상 2개를 제거했다.				
QUEST_LV_0500_20230911_002785	回到奧施莉奈女神那裡，告訴她這個消息。	아우슈리네 여신에게로 돌아가서 이 사실을 알리자.				
QUEST_LV_0500_20230911_002786	消滅斯羅格提斯	슬로거티스 처치하기				
QUEST_LV_0500_20230911_002787	斯羅格提斯的覺醒不遠了。{nl}打倒他吧！	슬로거티스의 각성이 멀지 않았다.{nl}그를 쓰러뜨리자.				
QUEST_LV_0500_20230911_002788	消滅斯羅格提斯	슬로거티스 처치				
QUEST_LV_0500_20230911_002789	準備應付下個威脅	다음 위협에 대비하기				
QUEST_LV_0500_20230911_002790	注視者雖然已經消失，但混亂似乎還沒結束。{nl}為下一場戰鬥做好準備吧。	주시자는 사라졌지만, 아직 혼란은 끝나지 않은 거 같다.{nl}다음 싸움을 준비하자.				
QUEST_LV_0500_20230911_002791	我們已經擊敗了困擾歐勒夏和王國的注視者，或者說是魔神斯羅格提斯。{nl}現在跟歐勒夏的領主伊內莎說這個事實。	오르샤와 왕국을 괴롭혔던 주시자, 아니 마신 슬로거티스를 처치했다.{nl}이 사실을 오르샤의 영주 이네샤 헤먼데일에게 전하자.				
QUEST_LV_0500_20240327_002792	現在，連聚集這世上所有不敬與邪惡之物的斯羅格提斯也消失了，我…	이제 이 세상에 존재하는 불경하고 사악한 것들을 모으던 슬로거티스까지 사라진 이상 저는...				여신 라이마
QUEST_LV_0500_20240327_002793	我必須告知啟示者最後留下的，啟示之真相。	계시자에게 마지막 남은, 계시의 진실을 알려드려야겠군요.				여신 라이마
QUEST_LV_0500_20240327_002794	看來，我需要某人的幫助。如果有一個很久以前就存在的刻有樹葉的羅盤...是的。請找到位於某處的泰斯拉。啟示者，泰斯拉能為你製作羅盤。	아무래도, 누군가의 도움이 필요할 것 같군요. 아주 오래전, 나무에 나뭇잎을 새겨 놓은 나침반이 있다면 ... 그렇습니다. 모처에 있는 테슬라를 찾아가주세요, 계시자 님. 테슬라라면 나침반을 만들어 줄 겁니다.				여신 라이마
QUEST_LV_0500_20240327_002795	好久不見，嗯，好不容易才阻止了幾乎走向毀滅之路的世界，但不安的因素依然存在…	오랜만일세. 그래, 세상이 파멸 일로로 가는 것만은 겨우 막은 상태이네만, 아직 불안의 요소들은 그대로 남아 있지...				조각가 테슬라
QUEST_LV_0500_20240327_002796	啟示的碎片，這應該是拉伊瑪無數安排中的一部分…變成這樣了啊。真令人擔心，無論如何，既然是啟示，就應該像尋找啟示一樣去尋找它。	계시의 조각이라. 라이마님의 수많은 안배 중 하나였을 것인데... 그리되었군. 걱정이네. 어쨌든, 그것도 계시니까 계시를 찾듯이 찾아가면 되겠지.				조각가 테슬라
QUEST_LV_0500_20240327_002797	雖然我歪打正著踏上了永生之路，但擁有有限生命的人類生活本身就是有價值的。即使不安全，如果方向明確，那就一定要去。祝你好運。	나는 어쩌다 보니 영생의 길로 들어섰지만, 제한된 시간을 사는 인간의 삶이라는 것은 그것만으로 가치 있는 일이야. 안전하지 않아도, 그 방향이 확실하다면, 꼭 가야겠지. 건투를 비네.				조각가 테슬라
QUEST_LV_0500_20240327_002798	但是...那片樹葉，現在似乎指向了一個非常神秘的地方？克蘭托沿岸...或許…	그런데... 그 나뭇잎, 지금은 매우 묘한 곳을 가리키고 있군? 크란토 연안... 어쩌면...				조각가 테슬라
QUEST_LV_0500_20240327_002799	遠遠地看到你走來，本想阻止你捲入麻煩，但看來那樣的障礙對你來說不成問題。	멀리서 다가오는 너를 보며, 귀찮은 일에 휘말리고 싶지 않아 막으려 했지만 그 정도 장애물로는 역부족이었던 것 같구나.				여신 유라테
QUEST_LV_0500_20240327_002800	你來到這裡，我也變得好奇了。想看看拉伊瑪的啟示者究竟擁有多少力量…	여기까지 오니 나도 궁금하구나. 라이마의 계시자가 어느 정도의 힘을 가지고 있는지를…				여신 유라테
QUEST_LV_0500_20240327_002801	我要親眼看看你究竟是不是恢復那啟示的合適人選。	과연, 네가 그 계시를 되찾기에 적합한 인간인지 내 눈으로 직접 보자꾸나.				여신 유라테
QUEST_LV_0500_20240327_002802	你做得很好。我也想要取得這個，但是周圍的怪物讓我無法放心接近。既然如此，不介意再幫我一個忙吧？	아주 잘했소. 나도 구하고 싶었지만, 주변을 떠도는 무서운 몬스터들 때문에 마음 놓고 접근하지 못하던 참이었지. 기왕 이렇게 된 김에 부탁 하나만 더 들어주지 않겠소?				다미요나스
QUEST_LV_0500_20240327_002803	感謝你帶來所有的墓地青苔泥人之核...但是…	묘지골렘의 핵을 모두 가져다줘서 고맙소….그런데…..				다미요나스
QUEST_LV_0500_20240327_002804	歡迎，我一直在等你。你手中的羅盤因為融合了多種相互對立的力量處於不穩定狀態，快要爆炸了。能夠引導你到這裡，幾乎是於奇蹟。難道...這全部都是拉伊瑪計劃的？	어서 오십시오. 기다리고 있었습니다. 가지고 계신 나침반은 여러 가지 상반되는 힘이 뒤엉켜 있어 불안정한 상태로 폭주하기 직전이네요. 여기까지 인도한 것도 기적에 가깝다고 생각됩니다. 아니면….이것도 라이마님에 의해 모두 계산된 것이었을까요?				크로노맨서 마스터
QUEST_LV_0500_20240327_002805	為了讓羅盤指向下一個目的地，我們必須穩定那些即將爆發的力量。如果賦予力量的尤拉泰女神肯幫忙就好了...但她可能不會再介入了。如果有從尤拉泰女神那裡獲得力量的強大存在...就能收集到穩定羅盤所需的能量。	나침반이 다음 목적지를 가리키도록 하기 위해선 폭주하고 있는 힘을 안정시켜야만 합니다. 애초에 힘을 부여하신 유라테 여신께서 도와주시면 좋겠지만….아마 더 이상의 개입을 원치 않으실 겁니다. 유라테 여신으로부터 힘을 얻은 강력한 존재가 있다면……나침반을 안정화 시키는데 필요한 기운을 모을 수 있을 것입니다.				크로노맨서 마스터
QUEST_LV_0500_20240327_002806	據我所知，這樣的存在只有一個，蒙雷幾那……。如果啟示者你願意，我可以為你生成一個通往蒙雷幾那的傳點。	제가 알기로 그런 존재는 단 하나뿐이 없습니다. 머래지나…….계시자 님께서 원하신다면 머래지나에게 닿을 수 있는 포탈을 생성해 드리겠습니다.				크로노맨서 마스터
QUEST_LV_0500_20240327_002807	可疑的聚會	수상한 회동				
QUEST_LV_0500_20240327_002808	前往真實的聖所	진실의 성소로				
QUEST_LV_0500_20240327_002809	請告訴我真相。	진실을 알려달라고 한다.				
QUEST_LV_0500_20240327_002810	準備好聆聽我會再來。	들을 준비를 하고 오겠다고 한다.				
QUEST_LV_0500_20240327_002811	神秘的羅盤	의문의 나침반				
QUEST_LV_0500_20240327_002812	繼續對話。	대화를 계속한다.				
QUEST_LV_0500_20240327_002813	返回。	돌아간다.				
QUEST_LV_0500_20240327_002814	意外的相遇	뜻밖의 조우				
QUEST_LV_0500_20240327_002815	尤拉泰的考驗	유라테의 시험				
QUEST_LV_0500_20240327_002816	準備好了。	준비되었다고 한다.				
QUEST_LV_0500_20240327_002817	結束對話。	대화 종료.				
QUEST_LV_0500_20240327_002818	完成的羅盤	완성된 나침반				
QUEST_LV_0500_20240327_002819	新的方向	새로운 방향				
QUEST_LV_0500_20240327_002820	意外的相遇(2)	뜻밖의 조우(2)				
QUEST_LV_0500_20240327_002821	損壞的羅盤	손상된 나침반				
QUEST_LV_0500_20240327_002822	充滿魔力的石頭	마력 깃든 돌				
QUEST_LV_0500_20240327_002823	墓地青苔泥人之核	묘지골렘의 핵				
QUEST_LV_0500_20240327_002824	不穩定的羅盤	불안정한 나침반				
QUEST_LV_0500_20240327_002825	前往碑石路	비석로를 향해				
QUEST_LV_0500_20240327_002826	目睹魔王和魔神們的對話	마왕과 마신들의 대화 목격				
QUEST_LV_0500_20240327_002827	雖然注視者已回到神樹那裡，但可以感覺到不亞於他的黑暗氣息正在聚集。為了防止另一場悲劇發生，必須親自去確認即將發生的事情。	주시자는 신수로 돌아갔지만, 그에 못지않은 어둠의 기운이 모여들고 있는 것이 느껴집니다. 또 다른 비극을 막기 위해, 무슨 일이 벌어지려고 하는지 직접 확인해야 합니다.				
QUEST_LV_0500_20240327_002828	在魔王和魔神們的聚面中，偷聽得知了新啟示的存在。為了確認真相，必須去尋找拉伊瑪女神。	마왕과 마신들의 회동을 엿듣는 중에 새로운 계시의 존재에 대해 알게 되었습니다. 사실 확인을 위해 라이마 여신을 찾아가야 합니다.				
QUEST_LV_0500_20240327_002829	與雕刻師大師對話	딥디르비 마스터와 대화하기				
QUEST_LV_0500_20240327_002830	拉伊瑪要求確認具有自我意識的啟示的存在，為了找到啟示，必須拜託雕刻師大師製作羅盤。	라이마는 스스로 의지를 가지게 된 계시의 존재를 확인시켜주었습니다. 이를 찾기 위해 딥디르미 마스터에게 나침반을 제작해달라고 해야 합니다.				
QUEST_LV_0500_20240327_002831	到克蘭托沿岸按羅盤指示的方向前進	크란토 연안에서 나침반이 가리키는 방향을 향해 가기				
QUEST_LV_0500_20240327_002832	雕刻師大師製作的羅盤指向克蘭托沿岸，讓我們親自去看看那裡等待著什麼。	딥디르비 마스터가 만들어준 나침반은 크란토 연안을 가리키고 있습니다. 무엇이 기다리고 있을지 직접 가봅시다.				
QUEST_LV_0500_20240327_002833	到克蘭托沿岸與尤拉泰女神對話	크란토 연안에서 유라테 여신과 대화하기				
QUEST_LV_0500_20240327_002834	羅盤所指方向的盡頭有女神尤拉泰，不知發生什麼事，她對啟示者召喚怪物以阻止啟示者接近她。	나침반이 가리키는 방향의 끝에는 여신 유라테가 있었습니다. 무슨 일인지 계시자를 향해 몬스터를 소환하여 자신에게 다가오는 것을 막으려 하였습니다.				
QUEST_LV_0500_20240327_002835	到克蘭托沿岸和尤拉泰女神對話	크란토 연안에서 유라테 여신과 대화 하기				
QUEST_LV_0500_20240327_002836	跟隨尤拉泰女神，請求她賦予羅盤力量。	유라테 여신을 따라가서 나침반에 힘을 부여해 줄 것을 청해야 합니다.				
QUEST_LV_0500_20240327_002837	最終，尤拉泰女神似乎會賦予羅盤力量。	마침내, 유라테 여신은 나침반에 힘을 부여해 줄 것 같습니다.				
QUEST_LV_0500_20240327_002838	到卡魯艾平野按羅盤指示的方向前進	갈르엣 평야에서 나침반이 가리키는 방향을 향해 가기				
QUEST_LV_0500_20240327_002839	受祝福的羅盤正指向卡魯艾平野。	축복받은 나침반은 갈르엣 평야를 가리키고 있습니다.				
QUEST_LV_0500_20240327_002840	魔神巴烏巴斯出現了。不管他出現的原因是什麼，他的意圖肯定不好。	마신 바우바스가 나타났습니다. 나타난 이유가 무엇이든 그 의도가 좋을 리 없습니다.				
QUEST_LV_0500_20240327_002841	到帕薩卡峽谷尋找可以給予幫助的人	파사카 협곡에서 도움을 줄 사람을 찾아보기				
QUEST_LV_0500_20240327_002842	因為魔神巴烏巴斯引爆召喚的怪物，導致羅盤受損了。這種情況拉伊瑪女神也預知了嗎？必須尋找周圍是否有可以提供幫助的人。	마신 바우바스가 소환한 몬스터의 폭발로 인해 나침반이 손상되었습니다. 이 상황도 라이마 여신은 예지하고 있던 것일까요? 주변에서 도움을 줄 수 있는 사람이 없는지 찾아봐야 합니다.				
QUEST_LV_0500_20240327_002843	到帕薩卡峽谷採集10個含磁粉末	파사카 협곡에서 자성이 섞인 가루 10개 채집하기				
QUEST_LV_0500_20240327_002844	丹米尤那斯請求充滿魔力的石頭以獲得修理羅盤的第一批材料。	다미요나스는 나침반을 수리하기 위한 첫 번째 재료로 마력 깃든 돌을 채집해 줄 것을 부탁했습니다.				
QUEST_LV_0500_20240327_002845	採集帶磁性的粉末	자성이 섞인 가루 채집하기				
QUEST_LV_0500_20240327_002846	到帕薩卡峽谷獲得50個墓地青苔泥人之核	파사카 협곡에서 묘지골렘의 핵 50개 획득하기				
QUEST_LV_0500_20240327_002847	丹米尤那斯在修理羅盤的同時，請求為他的研究收集多個墓地青苔泥人之核。	다미요나스는 나침반을 수리하는 동안 자신의 연구를 위해 묘지골렘의 핵을 다수 구해줄 것을 요청했습니다.				
QUEST_LV_0500_20240327_002848	獲得墓地青苔泥人之核	묘지골렘의 핵 획득하기				
QUEST_LV_0500_20240327_002849	與丹米尤那斯對話	다미요나스와 대화하기				
QUEST_LV_0500_20240327_002850	在戰鬥中生存下來	전투에서 살아남기				
QUEST_LV_0500_20240327_002851	本來現在只剩下修理羅盤的事了，但發生意料之外的事了。	이제 나침반을 수리할 일만 남았을 텐데, 뜻밖의 일이 벌어졌습니다.				
QUEST_LV_0500_20240327_002852	巴以卡離開了，而女神和魔神力量混合的羅盤又開始指向某個地方。	바이가는 떠났고, 여신과 마신의 힘이 뒤섞인 나침반은 다시 어딘가를 가리키기 시작했습니다.				
QUEST_LV_0500_20240327_002853	到碑石路按羅盤指示的方向前進	비석로에서 나침반이 가리키는 방향을 향해 가기				
QUEST_LV_0500_20240327_002854	碑石路會發生什麼事呢？現在無從得知這一切都是拉伊瑪女神的預見，或是一連串的偶然？	비석로에선 어떤 사건이 기다리고 있을까요? 모든 게 라이마 여신의 예지인지, 돌발 상황의 연속인지 지금으로선 알 수 없습니다.				
