QUEST_LV_0500_20190509_000001	誰かがしなければならないことならば、他の人にしてほしいですよ。{nl}どうして私にこんなことをさせるのでしょうか。	누군가는 해야 할 일이면 다른 사람이 했으면 좋겠어요.{nl}왜 저한태 이런 걸 시키는 걸까요.				케도라 상단원 이네타
QUEST_LV_0500_20190509_000002	モンスターと魔族がいっぱいで…{nl}少なくとも強盗に遭う心配は無さそうだな。{nl}生きて帰れるなら、の話だけど。	몬스터와 마족들이 득실거리니..{nl}적어도 강도를 만날 걱정은 안 해도 되겠어.{nl}살아서 돌아갈 수 있다면 말이지.				케도라 상단원 타다스
QUEST_LV_0500_20190509_000003	偵察するのに数日、報告するのにまた数日！{nl}この調子じゃあ、いつになったら仕事が終わるんだ？	정찰하는 데 며칠, 보고하는 데 또 며칠!{nl}이러면 일은 언제 끝낼 생각인 거지?				바바리안 볼케
QUEST_LV_0500_20190509_000004	私はタダス様を手伝いに来たのであって{nl}ボルケ様が起こしたトラブルの後始末をしに来たわけじゃありません。	전 타다스님을 도우러 온 것이지.{nl}볼케님이 사고 치는 걸 처리하러 온 게 아닙니다.				케도라 상단원 니르기
QUEST_LV_0500_20190509_000005	カルタスの目を欺いて神樹の種を奪われずに済みました。{nl}この拘束を解けば、種の能力で力を回復できるはずです。	카르타스의 눈을 속여 신수의 씨앗을 빼앗기지 않았어요.{nl}이 속박을 풀어낸다면 씨앗의 능력으로 힘을 다시 회복할 수 있을 거예요.				여신 메데이나
QUEST_LV_0500_20190509_000006	カルタスがこの森に巨大な結界を張ってまで私を追う理由は何でしょうか…{nl}本当にこの種の存在を知っているのでしょうか？	카르타스가 이 숲에 거대한 결계를 펼치면서까지 저를 쫓는 이유가 무엇일까요..{nl}정말 이 씨앗의 존재를 알고 있는 걸까요?				여신 메데이나
QUEST_LV_0500_20190509_000007	私は体が回復し次第、ネリンガ様を訪ねてみるつもりです。{nl}ネリンガ様ならば、きっとカルタスからメデイナ様を救う方法をご存知のはずです。	저는 몸을 추스리는대로 네링가님을 찾아가 보려 해요.{nl}네링가님이라면 분명 카르타스로부터 메데이나님을 구할 방법을 알고 계실 거에요.				큐폴 아스트라
QUEST_LV_0500_20190509_000008	ああ！啓示者様！この森には邪悪な結界が張られているので、入ってはいけません！{nl}すぐに出てください！	아! 계시자님! 이 숲에는 사악한 결계가 펼쳐져 있어서 들어오시면 위험해요!{nl}어서 벗어나세요!				큐폴 아스트라
QUEST_LV_0500_20190509_000009	カルタスが森一帯に張った結界のせいで、今のメデイナ様の力では{nl}ここから出ることができません。{nl}メデイナ様が早く回復してくださるといいのですが…。	카르타스가 숲 일대에 펼친 결계 때문에 지금 메데이나님의 힘으로는 이곳을 벗어날 수 없어요.{nl}메데이나님이 어서 기운을 차리시고 회복하셔야 할 텐데..				큐폴 일로나
QUEST_LV_0500_20190509_000010	カルタスがここを発見したら大変です。{nl}メデイナ様が回復できるように、あなたの力をお貸しください。	카르타스가 이곳을 발견하면 큰일이에요.{nl}메데이나님이 회복할 수 있도록 계시자님께서 도와주세요.				큐폴 일로나
QUEST_LV_0500_20190509_000011	束縛の結界にかかりはしましたが…それでもイローナが無事で何よりです。{nl}啓示者様、結界を解除する方法が無いか、調べていただけませんか？	속박의 결계에 걸리긴 했지만.. 그래도 일로나가 무사해서 다행이에요.{nl}계시자님. 결계를 해제할만한 방법이 있을지 찾아봐 주세요.				큐폴 율리아
QUEST_LV_0500_20190509_000012	さあ、イローナと一緒にメデイナ様を探しに行ってください。	어서 일로나와 함께 메데이나님을 찾으러 가 봐요.				큐폴 율리아
QUEST_LV_0500_20190509_000013	メデイナ様の痕跡はこの先で途絶えているので、{nl}この中庭を確認してみてはいかがでしょうか？	메데이나님의 흔적이 이 앞에서 끊겼으니 이 안뜰 안쪽을 확인해보는 게 어떨까요?				큐폴 율리아
QUEST_LV_0500_20190509_000014	メデイナ様がご無事で何よりです！{nl}それよりも、メデイナ様にかけられた魔界移動の魔法陣を破棄しないと…	메데이나님이 무사하셔서 다행이에요!{nl}그보다 메데이나님에게 펼쳐진 마계 이동 마법진을 파훼해야 할텐데..				큐폴 율리아
QUEST_LV_0500_20190509_000015	啓示者様！メデイナ様にかけられた魔界移動の魔法陣を消してください。{nl}カルタスがいない今がチャンスです。	계시자님! 메데이나님에게 펼쳐진 마계 이동 마법진을 없애주세요.{nl}카르타스가 없는 지금이 기회에요.				큐폴 일로나
QUEST_LV_0500_20190509_000016	啓示者様のおかげでメデイナ様が結界から解き放たれました。{nl}すぐにここから離れないと…	계시자님 덕분에 메데이나님이 결계를 풀어낼 수 있었네요.{nl}어서 이곳을 벗어나야 할 텐데..				큐폴 일로나
QUEST_LV_0500_20190509_000017	補助魔法陣に魔力を過剰に注入したのが効きましたね。	보조 마법진에 마력을 과부하 되게 주입하는 게 효과가 있었네요.				큐폴 율리아
QUEST_LV_0500_20190509_000018	ああ…私たちのせいでメデイナ様が…	아.. 저희 때문에 메데이나님이..				큐폴 율리아
QUEST_LV_0500_20190509_000019	メデイナ様…	메데이나님..				큐폴 일로나
QUEST_LV_0500_20190509_000020	私が遅すぎたのですね…	제가 너무 늦었어요..				큐폴 아스트라
QUEST_LV_0500_20190509_000021	メデイナ様はカルタスに捕らわれてしまいましたが…{nl}私たちは啓示者様がメデイナ様をお探しするのを積極的に手伝ってくださったことを忘れません。{nl}	비록 메데이나님이 카르타스에게 붙잡혀 가셨지만..{nl}저희는 계시자님께서 메데이나님을 찾는 일에 적극적으로 도와주신 것을 기억하고 있어요.{nl}				큐폴 아스트라
QUEST_LV_0500_20200227_000022	あなたがギルティネに立ち向かう準備ができたら、その時にまた私の元へ来てください。{nl}	당신이 길티네에게 맞설 준비가 된다면 그때 저를 다시 찾아오십시오.{nl}				여신 라이마
QUEST_LV_0500_20200227_000023	魔神ラガナと魔王ヴァイガにここで会うことになるとは、まったく予想できませんでした。	마신 라가나와 마왕 바이가를 여기서 마주칠 거라고는 전혀 예상하지 못했습니다.				여신 아우스테야
QUEST_LV_0500_20200227_000024	ヴァイガと話す時は気をつけた方がいいと思います。	바이가와 이야기할 때는 조심하시는 게 좋겠어요.				여신 아우스테야
QUEST_LV_0500_20200227_000025	まずは啓示者様がヴァイガを相手している間、私一人でもここで神樹の根を探してみます。	일단은 계시자님이 바이가를 상대하는 동안 저 혼자서라도 이곳에서 신수의 뿌리를 찾아볼게요.				여신 아우스테야
QUEST_LV_0500_20200227_000026	そしてヴァイガに気をつけてください。{nl}彼を完全に信じてはいけません。	그리고 바이가를 조심하세요.{nl}그를 온전히 믿어서는 안 됩니다.				여신 아우스테야
QUEST_LV_0500_20200227_000027	ご無事でしたか。{nl}この地域をすべて確認してみましたが…神樹の根は見つかりませんでした。	무사하셨군요.{nl}이 지역을 모두 확인해 봤지만.. 신수의 뿌리는 찾을 수 없었어요.				여신 아우스테야
QUEST_LV_0500_20200227_000028	メデイナ様の状態が非常に危険です。{nl}これまでカルタスからどれほどおぞましい苦痛を受けたのか、想像さえできません。	메데이나님의 상태가 많이 위독해요.{nl}그동안 카르타스에게 얼마나 끔찍한 고통을 받았는지 감히 상상도 할 수 없을 것 같아요.				큐폴
QUEST_LV_0500_20200227_000029	カルタスを許すことは絶対にできません…{nl}彼は必ず悲惨な最期を迎えることになるでしょう。	카르타스를 절대 용서할 수 없어요..{nl}그는 반드시 비참한 최후를 맞이하게 될 겁니다.				큐폴
QUEST_LV_0500_20200227_000030	ヌカウォリアー、ヌオアサシンを退治	누카 전사, 누오 암살자 처치				
QUEST_LV_0500_20200227_000031	クラペダ依頼所の受付係ラムダの依頼で、{nl}トビルトゥマスの要塞でヌカウォリアー、ヌオアサシンを退治してください。	클라페다 의뢰소의 접수원 람다의 의뢰로{nl}트비르투마스 요새에서 누카 전사, 누오 암살자 처치를 수행해야 합니다.				
QUEST_LV_0500_20200227_000032	アクラスペタルウォリアーを退治	아클라스 페탈 전사 처치				
QUEST_LV_0500_20200227_000033	クラペダ依頼所の受付係ラムダの依頼で、{nl}トビルトゥマスの要塞でアクラスペタルウォリアーを退治してください。	클라페다 의뢰소의 접수원 람다의 의뢰로{nl}트비르투마스 요새에서 아클라스 페탈 전사 처치를 수행해야 합니다.				
QUEST_LV_0500_20200227_000034	リビングアーマーを退治	리빙 아머 처치				
QUEST_LV_0500_20200227_000035	クラペダ依頼所の受付係ラムダの依頼で、{nl}トビルトゥマスの要塞でリビングアーマーを退治してください。	클라페다 의뢰소의 접수원 람다의 의뢰로{nl}트비르투마스 요새에서 리빙 아머 처치를 수행해야 합니다.				
QUEST_LV_0500_20200227_000036	イルガランカを退治	일가란카 처치				
QUEST_LV_0500_20200227_000037	クラペダ依頼所の受付係ラムダの依頼で、{nl}トビルトゥマスの要塞でイルガランカを退治してください。	클라페다 의뢰소의 접수원 람다의 의뢰로{nl}트비르투마스 요새에서 일가란카 처치를 수행해야 합니다.				
QUEST_LV_0500_20200227_000038	ブロガーズゴブリンライダー、ネッコを退治	블로거즈 고블린 라이더, 넥코 처치				
QUEST_LV_0500_20200227_000039	クラペダ依頼所の受付係ラムダの依頼で、{nl}スカルダ外郭でブロガーズゴブリンライダー、ネッコを退治してください。	클라페다 의뢰소의 접수원 람다의 의뢰로{nl}스칼다 외곽에서 블로거즈 고블린 라이더, 넥코 처치를 수행해야 합니다.				
QUEST_LV_0500_20200227_000040	グレーウルフを退治	그레이 울프 처치				
QUEST_LV_0500_20200227_000041	クラペダ依頼所の受付係ラムダの依頼で、{nl}スカルダ外郭でグレーウルフを退治してください。	클라페다 의뢰소의 접수원 람다의 의뢰로{nl}스칼다 외곽에서 그레이 울프 처치를 수행해야 합니다.				
QUEST_LV_0500_20200227_000042	ブロガーズゴブリンアーチャーを退治	블로거즈 고블린 궁수 처치				
QUEST_LV_0500_20200227_000043	クラペダ依頼所の受付係ラムダの依頼で、{nl}スカルダ外郭でブロガーズゴブリンアーチャーを退治してください。	클라페다 의뢰소의 접수원 람다의 의뢰로{nl}스칼다 외곽에서 블로거즈 고블린 궁수 처치를 수행해야 합니다.				
QUEST_LV_0500_20200227_000044	グレーウルフチーフを退治	그레이 울프 치프 처치				
QUEST_LV_0500_20200227_000045	クラペダ依頼所の受付係ラムダの依頼で、{nl}スカルダ外郭でグレーウルフチーフを退治してください。	클라페다 의뢰소의 접수원 람다의 의뢰로{nl}스칼다 외곽에서 그레이 울프 치프 처치를 수행해야 합니다.				
QUEST_LV_0500_20200227_000046	ダブルアックスオークを退治	오크 살수병 처치				
QUEST_LV_0500_20200227_000047	クラペダ依頼所の受付係ラムダの依頼で、{nl}リンクスマスの廃墟でダブルアックスオークを退治してください。	클라페다 의뢰소의 접수원 람다의 의뢰로{nl}링크스마스 폐허에서 오크 살수병 처치를 수행해야 합니다.				
QUEST_LV_0500_20200227_000048	オークシャーマンを退治	오크 주술사 처치				
QUEST_LV_0500_20200227_000049	クラペダ依頼所の受付係ラムダの依頼で、{nl}リンクスマスの廃墟でオークシャーマンを退治してください。	클라페다 의뢰소의 접수원 람다의 의뢰로{nl}링크스마스 폐허에서 오크 주술사 처치를 수행해야 합니다.				
QUEST_LV_0500_20200227_000050	オーク盾兵を退治	오크 방패병 처치				
QUEST_LV_0500_20200227_000051	クラペダ依頼所の受付係ラムダの依頼で、{nl}リンクスマスの廃墟でオーク盾兵を退治してください。	클라페다 의뢰소의 접수원 람다의 의뢰로{nl}링크스마스 폐허에서 오크 방패병 처치를 수행해야 합니다.				
QUEST_LV_0500_20200227_000052	オークリーダーを退治	오크 리더 처치				
QUEST_LV_0500_20200227_000053	クラペダ依頼所の受付係ラムダの依頼で、{nl}リンクスマスの廃墟でオークリーダーを退治してください。	클라페다 의뢰소의 접수원 람다의 의뢰로{nl}링크스마스 폐허에서 오크 리더 처치를 수행해야 합니다.				
QUEST_LV_0500_20200227_000054	リンクスマスの廃墟のモンスター退治	링크스마스 폐허의 몬스터 처치				
QUEST_LV_0500_20200227_000055	クラペダ依頼所の受付係ラムダの依頼で、{nl}リンクスマスの廃墟で十分な数のモンスター退治を遂行してください。	클라페다 의뢰소의 접수원 람다의 의뢰로{nl}링크스마스 폐허에서 충분한 수의 몬스터 처치를 수행해야 합니다.				
QUEST_LV_0500_20200227_000056	オークキャノン兵を退治	오크 캐논병 처치				
QUEST_LV_0500_20200227_000057	クラペダ依頼所の受付係ラムダの依頼で、{nl}終焉の道でオークキャノン兵を退治してください。	클라페다 의뢰소의 접수원 람다의 의뢰로{nl}종언의 길에서 오크 캐논병 처치를 수행해야 합니다.				
QUEST_LV_0500_20200227_000058	オーク旗兵を退治	오크 깃발병 처치				
QUEST_LV_0500_20200227_000059	クラペダ依頼所の受付係ラムダの依頼で、{nl}終焉の道でオーク旗兵を退治してください。	클라페다 의뢰소의 접수원 람다의 의뢰로{nl}종언의 길에서 오크 깃발병 처치를 수행해야 합니다.				
QUEST_LV_0500_20200227_000060	オーク隊長を退治	오크 대장 처치				
QUEST_LV_0500_20200227_000061	クラペダ依頼所の受付係ラムダの依頼で、{nl}終焉の道でオーク隊長を退治してください。	클라페다 의뢰소의 접수원 람다의 의뢰로{nl}종언의 길에서 오크 대장 처치를 수행해야 합니다.				
QUEST_LV_0500_20200227_000062	終焉の道のモンスターを退治	종언의 길의 몬스터 처치				
QUEST_LV_0500_20200227_000063	クラペダ依頼所の受付係ラムダの依頼で、{nl}終焉の道で十分な数のモンスター退治を遂行してください。	클라페다 의뢰소의 접수원 람다의 의뢰로{nl}종언의 길에서 충분한 수의 몬스터 처치를 수행해야 합니다.				
QUEST_LV_0500_20200227_000064	クラペダ依頼所の受付係ラムダの依頼で、トビルトゥマスの要塞でヌカウォリアー、ヌオアサシンを退治してください。	클라페다 의뢰소의 접수원 람다의 의뢰로 트비르투마스 요새에서 누카 전사, 누오 암살자 처치를 수행해야 합니다.				
QUEST_LV_0500_20200227_000065	クラペダ依頼所の受付係ラムダの依頼で、トビルトゥマスの要塞でアクラスペタルウォリアーを退治してください。	클라페다 의뢰소의 접수원 람다의 의뢰로 트비르투마스 요새에서 아클라스 페탈 전사 처치를 수행해야 합니다.				
QUEST_LV_0500_20200227_000066	クラペダ依頼所の受付係ラムダの依頼で、トビルトゥマスの要塞でリビングアーマーを退治してください。	클라페다 의뢰소의 접수원 람다의 의뢰로 트비르투마스 요새에서 리빙 아머 처치를 수행해야 합니다.				
QUEST_LV_0500_20200227_000067	クラペダ依頼所の受付係ラムダの依頼で、トビルトゥマスの要塞でイルガランカを退治してください。	클라페다 의뢰소의 접수원 람다의 의뢰로 트비르투마스 요새에서 일가란카 처치를 수행해야 합니다.				
QUEST_LV_0500_20200227_000068	クラペダ依頼所の受付係ラムダの依頼で、スカルダ外郭でブロガーズゴブリンライダー、ネッコを退治してください。	클라페다 의뢰소의 접수원 람다의 의뢰로 스칼다 외곽에서 블로거즈 고블린 라이더, 넥코 처치를 수행해야 합니다.				
QUEST_LV_0500_20200227_000069	クラペダ依頼所の受付係ラムダの依頼で、スカルダ外郭でグレーウルフを退治してください。	클라페다 의뢰소의 접수원 람다의 의뢰로 스칼다 외곽에서 그레이 울프 처치를 수행해야 합니다.				
QUEST_LV_0500_20200227_000070	クラペダ依頼所の受付係ラムダの依頼で、スカルダ外郭でブロガーズゴブリンアーチャーを退治してください。	클라페다 의뢰소의 접수원 람다의 의뢰로 스칼다 외곽에서 블로거즈 고블린 궁수 처치를 수행해야 합니다.				
QUEST_LV_0500_20200227_000071	クラペダ依頼所の受付係ラムダの依頼で、スカルダ外郭でグレーウルフチーフを退治してください。	클라페다 의뢰소의 접수원 람다의 의뢰로 스칼다 외곽에서 그레이 울프 치프 처치를 수행해야 합니다.				
QUEST_LV_0500_20200227_000072	クラペダ依頼所の受付係ラムダの依頼で、リンクスマスの廃墟でダブルアックスオークを退治してください。	클라페다 의뢰소의 접수원 람다의 의뢰로 링크스마스 폐허에서 오크 살수병 처치를 수행해야 합니다.				
QUEST_LV_0500_20200227_000073	クラペダ依頼所の受付係ラムダの依頼で、リンクスマスの廃墟でオークシャーマンを退治してください。	클라페다 의뢰소의 접수원 람다의 의뢰로 링크스마스 폐허에서 오크 주술사 처치를 수행해야 합니다.				
QUEST_LV_0500_20200227_000074	クラペダ依頼所の受付係ラムダの依頼で、リンクスマスの廃墟でオーク盾兵を退治してください。	클라페다 의뢰소의 접수원 람다의 의뢰로 링크스마스 폐허에서 오크 방패병 처치를 수행해야 합니다.				
QUEST_LV_0500_20200227_000075	クラペダ依頼所の受付係ラムダの依頼で、リンクスマスの廃墟でオークリーダーを退治してください。	클라페다 의뢰소의 접수원 람다의 의뢰로 링크스마스 폐허에서 오크 리더 처치를 수행해야 합니다.				
QUEST_LV_0500_20200227_000076	クラペダ依頼所の受付係ラムダの依頼で、リンクスマスの廃墟で十分な数のモンスター退治を遂行してください。	클라페다 의뢰소의 접수원 람다의 의뢰로 링크스마스 폐허에서 충분한 수의 몬스터 처치를 수행해야 합니다.				
QUEST_LV_0500_20200227_000077	クラペダ依頼所の受付係ラムダの依頼で、終焉の道でオークキャノン兵を退治してください。	클라페다 의뢰소의 접수원 람다의 의뢰로 종언의 길에서 오크 캐논병 처치를 수행해야 합니다.				
QUEST_LV_0500_20200227_000078	クラペダ依頼所の受付係ラムダの依頼で、終焉の道でオーク旗兵を退治してください。	클라페다 의뢰소의 접수원 람다의 의뢰로 종언의 길에서 오크 깃발병 처치를 수행해야 합니다.				
QUEST_LV_0500_20200227_000079	クラペダ依頼所の受付係ラムダの依頼で、終焉の道でオーク隊長を退治してください。	클라페다 의뢰소의 접수원 람다의 의뢰로 종언의 길에서 오크 대장 처치를 수행해야 합니다.				
QUEST_LV_0500_20200227_000080	クラペダ依頼所の受付係ラムダの依頼で、終焉の道で十分な数のモンスター退治を遂行してください。	클라페다 의뢰소의 접수원 람다의 의뢰로 종언의 길에서 충분한 수의 몬스터 처치를 수행해야 합니다.				
QUEST_LV_0500_20200403_000081	お待ちください、もしやあなたは啓示者でしょうか？	잠시만요, 혹시 계시자인가요?				세이지 파견원
QUEST_LV_0500_20200403_000082	大変です。{nl}神樹の日以降、しばしば次元が崩壊する現象が現れています。{nl}	큰일입니다.{nl}신수의 날 이후로 종종 차원이 붕괴하는 현상이 나타나고 있어요.{nl}				세이지 파견원
QUEST_LV_0500_20200403_000083	それに加えて周りのモンスターたちも崩壊を加速させています。{nl}何とかしないと次元の崩壊が大陸全域に広がるでしょう。私一人では手に負えない事態だったので啓示者たちに助けを求めていました。{nl}どうか手を貸しては貰えないでしょうか。	더군다나 근처의 몬스터들이 붕괴를 가속하고 있죠.{nl}막지 않으면 차원 붕괴가 대륙 전역으로 번질 거예요.{nl}저 혼자서는 벅찬일이라 계시자들에게 도움을 구하고 있습니다.{nl}이렇게 부탁드립니다.				세이지 파견원
QUEST_LV_0500_20200403_000084	次元の崩壊に巻き込まれて命を失わないよう気をつけてください。{nl}万全の準備が揃わないと近づかない方が身のためです。	차원 붕괴에 휘말려 아까운 목숨을 잃지 않도록 주의하세요.{nl}준비가 충분하지 않으면 가까이 가지 않는 게 좋습니다.				세이지 파견원
QUEST_LV_0500_20200403_000085	次元の崩壊を防ぐ	차원 붕괴 저지				
QUEST_LV_0500_20200403_000086	自分のことだと言う	계시자가 맞다고 한다.				
QUEST_LV_0500_20200403_000087	自分ではないと言う	계시자가 아니라고 한다.				
QUEST_LV_0500_20200403_000088	セージ派遣員と会話する	세이지 파견원과 대화하기.				
QUEST_LV_0500_20200403_000089	廃都からセージ派遣員が啓示者たちへ何かを支給しています。シージ派遣員と話して下さい。	폐도에 위치한 세이지 파견원이 계시자들에게 무언가를 지급하고 있습니다. 세이지 파견원과 대화하세요.				
QUEST_LV_0500_20200724_000090	私達は、此処で近頃発生している寒波現象についての調査を行っています。{nl}	저희는 여기서 최근에 일어난 한파 현상에 대해 조사하고 있습니다.{nl}				크루세이더 마스터
QUEST_LV_0500_20200724_000091	三度に渡る調査の結果、この崖の下にいる魔族が寒波の原因だと判明しました。{nl}	세 차례에 걸친 조사로 이 절벽 아래에 있는 마족이 한파의 원인이라는 건 알아냈습니다.{nl}				크루세이더 마스터
QUEST_LV_0500_20200724_000092	魔族の名は――――{nl}	마족의 이름은..{nl}				크루세이더 마스터
QUEST_LV_0500_20200724_000093	『グレイシア』{nl}	글레이시어.{nl}				크루세이더 마스터
QUEST_LV_0500_20200724_000094	グレイシアという魔族です。{nl}そして特殊な装置の上に浮かんでいる黒い水晶も発見されています。{nl}正体は明らかになっていませんが、強い魔力を内に秘めていました。{nl}	글레이시어라고 하는 마족입니다.{nl}그리고 특별한 장치 위에 떠 있는 검은 수정도 발견했습니다.{nl}정체가 확실하지는 않지만, 강한 마력을 응축하고 있었습니다.{nl}				크루세이더 마스터
QUEST_LV_0500_20200724_000095	幾度かグレイシア討伐を試みましたが、寒波と魔族の攻勢を突破することは敵いませんでした。{nl}	몇 차례 글레이시어 토벌을 시도했지만, 한파와 마족의 공세를 뚫는 데 실패했습니다.{nl}				크루세이더 마스터
QUEST_LV_0500_20200724_000096	啓示者様方の活躍は耳にしております。{nl}グレイシア討伐にどうかご協力ください。	계시자들의 활약상은 들었습니다.{nl}글레이시어  처치를 도와주십시오.				크루세이더 마스터
QUEST_LV_0500_20200724_000097	では、崖の下へ降りる支度が済みましたら、ここで落ち合いましょう。	그럼, 절벽 아래로 내려갈 준비를 마친 후 다시 뵙겠습니다.				크루세이더 마스터
QUEST_LV_0500_20200724_000098	崖の下に降りるとなると、増援を要請することは難しくなるでしょう。{nl}グレイシアが起こしている寒波を何事もなく突破する事だって容易ではないでしょう。	절벽 아래로 내려간다면, 추가 지원을 요청하기는 힘들 겁니다.{nl}글레이시어가 일으키고 있는 한파를 버젓이 뚫고 가기도 쉽지 않을 겁니다.{nl}				크루세이더 마스터
QUEST_LV_0500_20200724_000099	私達はここで啓示者様が鉄格子に乗って崖の下へ無事降りれるよう、サポートします。{nl}	저희는 여기서 계시자님이 철창을 타고 절벽 아래로 무사히 내려갈 수 있도록 돕겠습니다.{nl}				크루세이더 마스터
QUEST_LV_0500_20200724_000100	……グレイシアを、よろしく頼みます。	글레이시어를 잘 부탁합니다.				크루세이더 마스터
QUEST_LV_0500_20200724_000101	啓示者様。{nl}少しお時間をいただけないでしょうか？{nl}	계시자님.{nl}잠시 시간 좀 내주시겠습니까?{nl}				크루세이더 파견원
QUEST_LV_0500_20200724_000102	以前、崖の下を調査中いくつか発見したものがあるのです。{nl}その内の一つが、この赤い液体……{nl}あの寒さの中、凍らずに薄氷だけ浮いていたのです。{nl}	지난 번, 절벽 아래를 조사하는 중에 몇 가지를 발견한 게 있습니다.{nl}그중 이 붉은 액체..{nl}그 추위 속에서 얼지 않고 살얼음만 띄고 있더군요.{nl}				크루세이더 파견원
QUEST_LV_0500_20200724_000103	どうも尋常ではない気がして、採取しました。{nl}もし分析を任せられるような方に心当たりありましたら、啓示者様にお預けします。	아무래도 심상치 않아 채취했습니다.{nl}혹시 분석을 맡길 만한 사람이 있다면 계시자님께 맡기겠습니다.				크루세이더 파견원
QUEST_LV_0500_20200724_000104	ありがとうございます。{nl}分析が完了しましたら、また私のところへ訪ねてきてください。	감사합니다.{nl}분석이 완료되면 다시 저를 찾아와 주세요.				크루세이더 파견원
QUEST_LV_0500_20200724_000105	なるほど……。この溶液を分析してほしい、ということですね？{nl}難しい事ではありませんが、……何やら不吉な予感がしますね。	용액을 분석해 달라는 말씀이신가요?{nl}어려운 일은 아니지만, 불길한 짐작이 드는군요.{nl}				플레이그 닥터 마스터
QUEST_LV_0500_20200724_000106	確実に分析するためには植物が必要です。{nl}この近辺のどんな植物でも構いませんので、一つだけ採取してきていただけますか？{nl}そういえば丁度ここからあまり離れていない場所に生えている植物を見かけたので、それを採取した方が良さそうですね。	확실히 하기 위해서는 식물이 필요합니다.{nl}근처에서 어떤 것이든 상관없으니 하나만 구해주시겠습니까?{nl}그러고 보니 마침, 여기서 멀지 않은 쪽에 길게 자란 식물이 있으니 그게 좋겠네요.				플레이그 닥터 마스터
QUEST_LV_0500_20200724_000107	分析が完了しましたら、また私のところへ訪ねてきてください。	분석이 완료되면 다시 저를 찾아와 주세요.				크루세이더 파견원
QUEST_LV_0500_20200724_000108	これは………{nl}	이건..{nl}				플레이그 닥터 마스터
QUEST_LV_0500_20200724_000109	どうやら、クルビナのようですね……。{nl}噂で聞いたことがあります。{nl}液体とはいえ……実際に見るのは初めてです。{nl}	아무래도 크루비나인 것 같군요.{nl}소문으로 들은 적이 있습니다.{nl}액체의 형태이지만.. 실제로 보는 건 처음이군요.{nl}				플레이그 닥터 마스터
QUEST_LV_0500_20200724_000110	ですが、コレには血がより濃く混ざっていますね。{nl}これは推測に過ぎませんが……誰かの体内に取り込まれていたものが血と共に吐き出されたのではないかと。{nl}	다만, 여기에는 피가 더 많이 섞여 있습니다.{nl}아무래도.. 누군가의 몸에 있다가 피와 함께 토해낸 거로 생각합니다.{nl}				플레이그 닥터 마스터
QUEST_LV_0500_20200724_000111	そしてその『誰か』とは、おそらく……仰っていたグレイシアという魔族であるかもしれません。{nl}	이를테면.. 말씀하신 글레이시어라는 마족이겠네요.{nl}				플레이그 닥터 마스터
QUEST_LV_0500_20200724_000112	よくない兆候ですね……。	안 좋은 징조입니다.				플레이그 닥터 마스터
QUEST_LV_0500_20200724_000113	今回の件につきましては、責任を持って調査していただきますよう、お願いします。{nl}こういった物は、平凡な魔族だけが欲しがる代物ではないでしょうから。	이번 일에 대해서 책임을 갖고 조사해주시기를 부탁드립니다.{nl}이런 물건이라면 평범한 마족 정도만 탐낼 물건이 아닐 겁니다.				플레이그 닥터 마스터
QUEST_LV_0500_20200724_000114	戻られましたか。{nl}	오셨습니까?{nl}				크루세이더 파견원
QUEST_LV_0500_20200724_000115	なるほど……分かりました。{nl}この溶液の処理と調査は我々が引き受けます。{nl}ご助力いただき本当に感謝いたします。	알겠습니다.{nl}이 용액에 대한 처리와 조사는 저희가 맡겠습니다.{nl}도와주셔서 정말 감사합니다.				크루세이더 파견원
QUEST_LV_0500_20200724_000116	啓示者様。{nl}ストーガス高原の野営地に駐屯している兵士の中に、謎の女性を目撃したと話している者がいるとの報告を受けました。	계시자님.{nl}스토가스 고원의 야영지에 주둔한 병사 중에서 의문의 여인에 대한 목격담을 이야기했다는 소식을 들었습니다.				크루세이더 파견원
QUEST_LV_0500_20200724_000117	私は現在の持ち場を離れるなとの命令を受けました。{nl}どうやら、クルセイダーマスター様へ報告していない調査であるせいか、私が動くのは難しいと思います。{nl}私の代わりに野営地の兵士達に会っていただけませんか？	저는 현 위치를 유지하라는 명령을 받았습니다.{nl}아무래도 마스터님에게는 보고하지 않은 조사라 제가 움직이기는 힘들 것 같습니다.{nl}저를 대신해 야영지의 병사들을 만나봐 주실 수 있으실까요?				크루세이더 파견원
QUEST_LV_0500_20200724_000118	助けていただき本当にありがとうございました。{nl}野営地にいらっしゃる分隊長アデスという方を訪ねれば、多少手間が省けるでしょう。	도와주셔서 정말 감사합니다.{nl}야영지에 있는 스토가스 분대장 아데스라는 사람을 찾아보시면 수고를 줄이실 수 있으실 겁니다.				크루세이더 파견원
QUEST_LV_0500_20200724_000119	謎の女性を目撃した話を聞きにきた…？ああ、その話ですか。	의문의 여인에 대한 목격담을 듣고 오셨다고요?				스토가스 분대장 아데스
QUEST_LV_0500_20200724_000120	ええ、はっきり覚えております。{nl}変だと思ったのが、「誰でもいいから助けて」と泣いていたのに、助けようとした我々がまるで見えてないかのようにシカトしていたんです。{nl}そうして『誰も自分を助けてくれない』と何かブツブツと呟いていたのです。{nl}どうも正気であるとは思えませんでした。	분명히 기억하고 있어요.{nl}이상했던 게, 누구든지 자신을 도와달라며 울면서도 도와주려는 저희를 무시하는 듯했었죠.{nl}그러면서 아무도 자신을 돕지 않는다며 중얼거리기도 했습니다.{nl}제정신 같지가 않았어요.				스토가스 분대장 아데스
QUEST_LV_0500_20200724_000121	もっと分かりやすく知りたければ、高原の兵士モティマーにも訊いてみてください。{nl}その女性を発見したというのが、そのモティマーだったんです。	이해하기 힘드시다면, 고원병사 모티머에게 물어보시면 됩니다.{nl}그 여인을 발견했던 게 바로 모티머였습니다.				스토가스 분대장 아데스
QUEST_LV_0500_20200724_000122	野営地にいらっしゃる分隊長アデスという方を訪ねれば、多少手間が省けるでしょう。	야영지에 있는 스토가스 분대장 아데스라는 사람을 찾아보시면 수고를 줄이실 수 있으실 겁니다.				크루세이더 파견원
QUEST_LV_0500_20200724_000123	どうされました？	무슨 일이시죠?				고원병사 모티머
QUEST_LV_0500_20200724_000124	例の女性についてならば、高原の兵士モティマーに訊くと良いでしょう。{nl}その女性を発見したというのが、そのモティマーだったんです。	여인에 대해서라면 고원병사 모티머에게 물어보시면 됩니다.{nl}그 여인을 발견했던 게 바로 모티머였습니다.				스토가스 분대장 아데스
QUEST_LV_0500_20200724_000125	例の女性について、お聞きしたいのですね。	여인에 대해서 여쭤보시는 거군요.				고원병사 모티머
QUEST_LV_0500_20200724_000126	あ、ですが今は少々……うーん、困りましたね。{nl}急いで済ませなければならない用事があるのです。{nl}私が用事を済ませている間に、ゲヒマの空き地を調べておいた方が良いでしょう。{nl}その女性を最初に発見したのが、そこの近辺だったので。	아, 하지만 지금은 곤란합니다.{nl}서둘러 처리할 일이 있어서요.{nl}제가 일을 마무리하는 동안 게히마 공터로 가는 길목을 살펴보시는 게 좋을 겁니다.{nl}그 여인을 처음 발견했던 게 그 근처였습니다.				고원병사 모티머
QUEST_LV_0500_20200724_000127	では、急いで用を済ませてきますので、先にゲヒマの空き地を調べてみてくださいね。	그럼, 서둘러 일을 마무리할 테니 게히마 공터의 길목을 먼저 조사해 보십시오.				고원병사 모티머
QUEST_LV_0500_20200724_000128	私は急いで用を済ませてきますので、先にゲヒマの空き地を調べてみてください。	저는 서둘러 일을 마무리할 테니 게히마 공터의 길목을 먼저 조사해 보십시오.				고원병사 모티머
QUEST_LV_0500_20200724_000129	ちょうど啓示者様を捜しているところでした。	마침 계시자님을 찾던 중이었습니다.				고원병사 모티머
QUEST_LV_0500_20200724_000130	その足かせは……{nl}あの女性の足首に付けられていた足かせですね。	그 족쇄는..{nl}그 여인의 발목에 채워져 있던 족쇄군요.				고원병사 모티머
QUEST_LV_0500_20200724_000131	あの女性は、まるで私達のことが全く見えても声も聞こえていないかのように、ただ虚空を見つめながら「助けて」とだけ言っていました。{nl}私は何とかして彼女を助けようとしたのですが、そうすることもままならない状態でした。{nl}女性は「誰も自分を助けてくれない」とブツブツ呟きながら、アルモール第2労役場の方へ向かっていきました。	그 여인은 마치 저희가 전혀 보이지도 들리지도 않는 것처럼 허공을 응시하며 도와달라고만 했습니다.{nl}제가 어떻게든 도우려고 했지만, 그럴 수도 없을 지경이었죠.{nl}여인은 아무도 자신을 돕지 않는다며 중얼거리면서 알몰 제2 노역장 방향으로 갔습니다.				고원병사 모티머
QUEST_LV_0500_20200724_000132	このような地形で生き残れるとは到底思えない状態でした。{nl}……そういえば、虚空を見つめていた目もどことなく変な感じだった気がします。{nl}瞳孔が無かったような……{nl}歩くのも大変そうで……。足かせを外すことだけが、当時私にできる全てでした……。	이런 지형에서 살아남기도 힘들어 보이는 상태였죠.{nl}그러고 보니 허공을 응시하고 있던 눈동자가 이상했습니다.{nl}검은자가.. 없었던 것 같습니다.{nl}걷는 것이 힘들어 보여 족쇄를 끊어 주는 것만이 제가 할 수 있는 전부였습니다.				고원병사 모티머
QUEST_LV_0500_20200724_000133	戻られたのですね。{nl}野営地で発見された女性の目撃談に関する調査は終わりましたか？	오셨군요.{nl}야영지에서 발견된 여인의 목격담에 대해 조사를 마치셨습니까?				크루세이더 파견원
QUEST_LV_0500_20200724_000134	なるほど……。{nl}その女性はここまで辿り着き、崖の下へ落ちた可能性が高いですね。{nl}……当然、無事では済まなかったでしょう。	그렇게 된 것이군요.{nl}이곳까지 와서 절벽 아래로 떨어졌을 가능성이 높습니다.{nl}당연히 무사하진 못 했겠군요.				크루세이더 파견원
QUEST_LV_0500_20200724_000135	落ちていた物にクルビナ液が付着していたということは……その女性こそ、まさしくグレイシアだったのでしょう。	떨어져 있던 물품에 크루비나 용액이 묻어 있었다는 말은.. 그 여인이 곧, 글레이시어겠군요.				크루세이더 파견원
QUEST_LV_0500_20200724_000136	啓示者様が調査してくださった内容と、私達がこれまで調査してきた内容を基に推測すると、グレイシアはもっと大きな存在に害されたのではないかと考えられます。{nl}どうやら裏に、彼女の精神に害をなして魔族化させた存在がいるようですね。	계시자님께서 조사해주신 내용과 저희가 그동안 조사한 내용을 토대로 추측해봤을 때, 글레이시어는 더 큰 존재에게 해를 입었을 것으로 생각됩니다.{nl}아무래도 그녀의 정신을 해치고 마족화시킨 배후가 있겠군요.				크루세이더 파견원
QUEST_LV_0500_20200724_000137	啓示者様。{nl}そろそろ崖の下へ降りる頃合いです。{nl}どんな些細な事でも構いません。白き魔女の森で何か発見しましたら、私にお知らせください。	계시자님.{nl}이제는 저 절벽 아래로 내려가봐야 할 때인 것 같습니다.{nl}하얀 마녀의 숲에서 무엇이든지 발견하신다면 저에게 알려주시길 부탁드립니다.				크루세이더 파견원
QUEST_LV_0500_20200724_000138	グレイシアは崖の下へ落ちた後、今のような姿に至ったはずです。{nl}どんな些細な事でも構いません。白き魔女の森で何か発見しましたら、私にお知らせください。	글레이시어는 절벽 아래로 떨어진 이후 지금에 이르렀을 겁니다.{nl}하얀 마녀의 숲에서 무엇이든지 발견하신다면, 저에게 알려주시길 부탁드립니다.				크루세이더 파견원
QUEST_LV_0500_20200724_000139	啓示者様、今は……	계시자님 지금은..				크루세이더 파견원
QUEST_LV_0500_20200724_000140	お待ちください。	멈춰주십시오.				크루세이더 마스터
QUEST_LV_0500_20200724_000141	啓示者様。{nl}申し上げたいことがあります。	계시자님.{nl}드릴 말씀이 있습니다.				크루세이더 마스터
QUEST_LV_0500_20200724_000142	この場の指揮を預かっているのは、この私です。{nl}許可の無い調査は慎んでください。{nl}啓示者様といえど、王国の法に背けば立場が不利になるでしょう。	이곳의 지휘를 담당하고 있는 것은 바로 저입니다.{nl}허가되지 않은 조사 활동은 삼가 주십시오.{nl}아무리 계시자님이라고 하셔도, 왕국의 법을 어기신다면 불리한 입장에 처하시게 될 겁니다.				크루세이더 마스터
QUEST_LV_0500_20200724_000143	調査にご協力いただいた啓示者様の献身につきましては、謝意を表します。{nl}但し、敵が誰であれ神樹の脅威となり得る存在であるなら……当然、処断せねばなりません。{nl}それだけが、クルセイダーが代々請け負ってきた義務です。	조사에 협조해주신 계시자님의 헌신에 대해서는 분명한 감사를 표하겠습니다.{nl}다만, 적이 누구든지 신수에 위협이 될 존재라면 마땅히 처단해야 합니다.{nl}크루세이더가 가진 의무는 그것뿐입니다.				크루세이더 마스터
QUEST_LV_0500_20200724_000144	以後、独断の調査はお控えください。	앞으로는 독단적인 조사는 지양해주십시오.				크루세이더 마스터
QUEST_LV_0500_20200724_000145	ヌバースク絶壁で発生している異常寒波現象について調査しています。{nl}ですが、人手不足で色々と困難な状況です。{nl}差支えなければ、ご協力いただけませんか？	누바스크 절벽에서 발생하고 있는 이상 한파 현상에 대해 조사하고 있습니다.{nl}하지만, 인력이 부족한 탓에 어려움을 겪고 있습니다.{nl}괜찮으시다면 도와주실 수 있으십니까?				크루세이더 파견원
QUEST_LV_0500_20200724_000146	感謝します。{nl}では、ヌバースク絶壁へ向かいましょう。	감사합니다.{nl}누바스크 절벽으로 가시죠.				크루세이더 파견원
QUEST_LV_0500_20200724_000147	異常寒波は、ヌバースク絶壁で発生しています。	이상 한파는 누바스크 절벽에서 발생하고 있습니다.				크루세이더 파견원
QUEST_LV_0500_20200724_000148	調査のご協力、感謝いたします。{nl}十分な証拠が集まり次第、王国へ持っていき対策を講じようと思います。{nl}毎度人手不足で……参ってしまいます……	조사를 도와주셔서 감사합니다.{nl}충분한 증거가 모이면 왕국에 가져가 대책을 마련할 생각입니다.{nl}항상 인력이 부족해서 고민이군요..				크루세이더 파견원
QUEST_LV_0500_20200724_000149	協力できない	도울 수 없다고 한다.				
QUEST_LV_0500_20200724_000150	白き魔女とクルセイダー(1)	하얀 마녀와 크루세이더(1)				
QUEST_LV_0500_20200724_000151	今は別件で忙しい	지금은 다른 일 때문에 바쁘다고 한다.				
QUEST_LV_0500_20200724_000152	白き魔女とクルセイダー(2)	하얀 마녀와 크루세이더(2)				
QUEST_LV_0500_20200724_000153	最善を尽くす	이번 일에 최선을 다하겠다고 한다.				
QUEST_LV_0500_20200724_000154	このあたりで手を引きたい	이쯤에서 그만두고 싶다고 한다.				
QUEST_LV_0500_20200724_000155	白き魔女とクルセイダー(3)	하얀 마녀와 크루세이더(3)				
QUEST_LV_0500_20200724_000156	もう関わりたくない	더 관여하고 싶지 않다고 말한다.				
QUEST_LV_0500_20200724_000157	白き魔女とクルセイダー(4)	하얀 마녀와 크루세이더(4)				
QUEST_LV_0500_20200724_000158	興味無い	관심이 없다고 한다.				
QUEST_LV_0500_20200724_000159	白き魔女とクルセイダー(5)	하얀 마녀와 크루세이더(5)				
QUEST_LV_0500_20200724_000160	調査結果を報告する	조사 결과를 전한다.				
QUEST_LV_0500_20200724_000161	まだ調査が終わっていない	아직 조사가 끝나지 않았다고 한다.				
QUEST_LV_0500_20200724_000162	白き魔女とクルセイダー(6)	하얀 마녀와 크루세이더(6)				
QUEST_LV_0500_20200724_000163	今は他に用事がある	지금은 다른 일이 있다고 한다.				
QUEST_LV_0500_20200724_000164	白き魔女とクルセイダー(7)	하얀 마녀와 크루세이더(7)				
QUEST_LV_0500_20200724_000165	手紙を見せる	편지를 보여준다.				
QUEST_LV_0500_20200724_000166	しらを切る	시치미를 뗀다.				
QUEST_LV_0500_20200724_000167	ストーガス高原の異常寒波	스토가스 고원의 이상 한파				
QUEST_LV_0500_20200724_000168	調査に協力する	조사에 도움을 준다.				
QUEST_LV_0500_20200724_000169	調査に協力しない	조사를 돕지 않는다.				
QUEST_LV_0500_20200724_000170	クルセイダーマスターと会話する	크루세이더 마스터와 대화하기				
QUEST_LV_0500_20200724_000171	ストーガス高原地帯で調査任務にあたっていたクルセイダーマスターが啓示者達に協力を仰いでいます。{nl}ストーガス高原のクルセイダーマスターであるゾフィア・エレノーラを訪ね、話を聞いてみましょう。	스토가스 고원 지대에서 조사 임무를 맡던 크루세이더 마스터가 계시자들에게 도움을 요청하고 있습니다.{nl}스토가스 고원의 크루세이더 마스터 조피아 엘레노라를 찾아가 이야기를 들어보세요.				
QUEST_LV_0500_20200724_000172	準備を済ませてクルセイダーマスターの元へ戻る	준비를 마치고 크루세이더 마스터에게 돌아가기				
QUEST_LV_0500_20200724_000173	ゾフィアは崖の下にいるグレイシアを討伐するため、啓示者達の協力を要請したとのこと。{nl}崖の下へ降りる準備を済ませたら、ゾフィアのところへ戻って伝えましょう。	조피아는 절벽 아래에 있는 글레이시어를 처치하기 위해 계시자들에게 도움을 요청했다고 합니다.{nl}절벽 아래로 내려 갈 준비를 마쳤다면 조피아에게 돌아가 이야기하세요.				
QUEST_LV_0500_20200724_000174	白き魔女とクルセイダー	하얀 마녀와 크루세이더				
QUEST_LV_0500_20200724_000175	クルセイダー派遣員	크루세이더 파견원과 대화하기.				
QUEST_LV_0500_20200724_000176	クルセイダー派遣員が、貴方に話があるようです。{nl}クルセイダー派遣員と話をしてみましょう。	크루세이더 파견원이 당신에게 할 말이 있는 듯 합니다.{nl}크루세이더 파견원과 이야기를 나눠 보세요.				
QUEST_LV_0500_20200724_000177	植物を採取する	식물을 채집하기.				
QUEST_LV_0500_20200724_000178	クルセイダー派遣員から、白き魔女の森を探索中に発見されたアイテムに関する調査を任されました。{nl}プレイグドクターマスターを訪ね、薄氷の帯びた赤い液体の分析を依頼しましょう。	크루세이더 파견원은 하얀 마녀의 숲을 탐사 중 발견한 물건에 대해 조사를 맡겼습니다.{nl}플레이그 닥터 마스터에게 찾아가 살얼음 띈 붉은 액체의 분석을 의뢰하세요.				
QUEST_LV_0500_20200724_000179	プレイグドクターマスターのところへ戻る	플레이그 닥터 마스터에게 돌아가기.				
QUEST_LV_0500_20200724_000180	プレイグドクターマスターから頼まれた植物を手に入れました。{nl}プレイグドクターマスターの元へ戻り、溶液分析の依頼を達成できるよう植物を渡しましょう。	플레이그 닥터 마스터가 말한 식물을 구했습니다.{nl}플레이그 닥터 마스터에게 돌아가 의뢰를 용액 분석을 마무리할 수 있도록 식물을 전해주세요.				
QUEST_LV_0500_20200724_000181	プレイグドクターマスターから調査結果を聞く	플레이그 닥터 마스터에게 조사 결과를 받기				
QUEST_LV_0500_20200724_000182	プレイグドクターマスターと再度会話する	플레이그 닥터와 다시 이야기 하기.				
QUEST_LV_0500_20200724_000183	プレイグドクターマスターは溶液の正体がクルビナ液である事実を知り、懸念を抱きました。彼は、何やら頼み事があるようです。もう一度プレイグドクターマスターと会話しましょう。	플레이그 닥터 마스터는 용액의 정체가 크루비나 용액이라는 사실을 알고 우려를 표했습니다.{nl}그가 당부할 것이 있는 것 같으니 다시 플레이그 닥터 마스터와 대화하세요.				
QUEST_LV_0500_20200724_000184	クルセイダー派遣員のところへ戻る	크루세이더 파견원에게 돌아가기.				
QUEST_LV_0500_20200724_000185	溶液の分析依頼を完了しました。{nl}クルセイダー派遣員の元へ戻り、クルビナ液を返しましょう。	용액의 분석 의뢰를 완료했습니다.{nl}크루세이더 파견원에게 돌아가 크루비나 용액을 돌려주세요.				
QUEST_LV_0500_20200724_000186	クルセイダー派遣員は、クルビナ液に関する今後の調査は自分達が引き受けると言いました。{nl}派遣員ともう一度会話し、何か手伝えることはないか聞いてみましょう。	크루세이더 파견원은 크루비나 용액에 대한 이후 조사는 자신들이 맡겠다고 했습니다.{nl}파견원과 다시 이야기해서 도울 일이 있는지 물어보세요.				
QUEST_LV_0500_20200724_000187	ストーガス分隊長アデスを訪ねる	스토가스 분대장 아데스 찾아가기.				
QUEST_LV_0500_20200724_000188	クルセイダー派遣員がグレイシアと思われる人物が目撃された場所があるのだと言います。{nl}ストーガス高原の野営地にいるストーガス分隊長アデスを訪ねて話を聞いてみましょう。	크루세이더 파견원은 글레이시어로 추정되는 인물이 목격된 장소가 있다고 합니다.{nl}스토가스 고원의 야영지 지역에 있는 스토가스 분대장 아데스를 찾아가 관련된 이야기를 들어보세요.				
QUEST_LV_0500_20200724_000189	高原の兵士モティマーを訪ねる	고원병사 모티머 찾아가기.				
QUEST_LV_0500_20200724_000190	アデスからグレイシアと思わしき女性の話を聞きました。{nl}詳しく話を聞くためにも高原の兵士モティマーを訪ねましょう。	아데스로부터 글레이시어로 추정되는 여인의 이야기를 들었습니다.{nl}자세한 이야기를 듣기 위해 고원병사 모티머를 찾아세요.{nl}				
QUEST_LV_0500_20200724_000191	高原の兵士モティマーと会話	고원병사 모티머와 대화하기.				
QUEST_LV_0500_20200724_000192	高原の兵士モティマーからグレイシアと思わしき女性について話を聞きましょう。	고원병사 모티머에게 글레이시어로 추정되는 여인에 대한 이야기를 들으세요.				
QUEST_LV_0500_20200724_000193	事件の現場を調査する	사건 장소 조사하기.				
QUEST_LV_0500_20200724_000194	高原の兵士モティマ―が用事を済ませている間に女性が発見されたという場所を調査してみましょう。	고원병사 모티머가 자신의 일을 마무리하는 동안 여인이 발견되었던 장소를 조사해 보세요.				
QUEST_LV_0500_20200724_000195	高原の兵士モティマ―のところへ戻る	고원병사 모티머에게 돌아가기.				
QUEST_LV_0500_20200724_000196	現場でクルビナ液を発見し、モンスターからは足かせを見つけることができました。{nl}高原の兵士モティマ―のところへ戻り調査結果を見せて事件の経緯について訊いてみましょう。	사건 현장에서 크루비나 용액을 발견했고, 몬스터로 부터 족쇄를 찾을 수 있었습니다.{nl}고원병사 모티머에게 돌아가 조사 결과를 보여주고 사건의 경위에 대해 물어보세요.				
QUEST_LV_0500_20200724_000197	遺失した物を回収	유실된 물건 회수				
QUEST_LV_0500_20200724_000198	クルセイダー派遣員に擦り減っている足かせを渡す	크루세이더 파견원에게 닳고 닳은 족쇄 전해주기.				
QUEST_LV_0500_20200724_000199	野営地での調査を終えました。{nl}クルセイダー派遣員の元へ戻り、調査結果を報告しましょう。	야영지에서의 조사를 끝냈습니다.{nl}크루세이더 파견원에게 돌아가 조사 결과를 알려주세요.				
QUEST_LV_0500_20200724_000200	調査を続行するためクルセイダー派遣員と会話しましょう。	조사를 지속하기 위해 크루세이더 파견원과 이야기를 나누세요.				
QUEST_LV_0500_20200724_000201	白き魔女の森で調査を進める	하얀 마녀의 숲에서 조사를 진행하기.				
QUEST_LV_0500_20200724_000202	クルセイダー派遣員はこの件には何か裏があるはずだと推察しました。{nl}白き魔女の森でグレイシアの痕跡を調査してください。	크루세이더 파견원은 이 일의 배후가 있을 것임을 짐작했습니다.{nl}하얀 마녀의 숲에서 글레이시어의 흔적을 조사하세요.				
QUEST_LV_0500_20200724_000203	クルセイダー派遣員に手紙の束を渡す	크루세이더 파견원에게 편지 뭉치를 전달하기.				
QUEST_LV_0500_20200724_000204	クルセイダー派遣員に白き魔女の森で見つけたものを渡しましょう。	크루세이더 파견원에게 하얀 마녀의 숲에서 발견한 것들을 가져다주세요.				
QUEST_LV_0500_20200724_000205	クルセイダーマスターと会話する	크루세이더 마스터와 대화하기.				
QUEST_LV_0500_20200724_000206	クルセイダーマスターのゾフィア・エレノーラから何か話があるようです。{nl}彼女と会話しましょう。	크루세이더 마스터 조피아 엘레노라가 할말이 있는 듯 합니다.{nl}그녀와 대화하세요.				
QUEST_LV_0500_20200724_000207	クルセイダー派遣員を訪ねる	크루세이더 파견원을 찾아가기.				
QUEST_LV_0500_20200724_000208	ストーガス高原の異常寒波現象を調査しているクルセイダー派遣員を訪ねましょう。	스토가스 고원의 이상 한파를 조사하고 있는 크루세이더 파견원에게 찾아가세요.				
QUEST_LV_0500_20200724_000209	ヌバースク絶壁で発生している異常寒波について調査する	누바스크 절벽에서 나타나는 이상 한파에 대해 조사하기.				
QUEST_LV_0500_20200724_000210	ヌバースク絶壁で異常寒波の調査し結果をクルセイダー派遣員に報告しましょう。	누바스크 절벽에서 이상 한파 현상에 대해 조사하고 결과를 크루세이더 파견원에게 들려주세요.				
QUEST_LV_0500_20200724_000211	異常寒波に関する調査結果をクルセイダー派遣員に報告しましょう。	이상 한파에 대한 조사 결과를 크루세이더 파견원에게 알려주세요.				
QUEST_LV_0500_20200907_000212	お待ちしておりました。{nl}啓示者様には協力に応じていただきたく、ここまで来ていただきました。	오셨습니까?{nl}협조를 부탁드리려고 계시자님을 불렀습니다.				크루세이더 마스터
QUEST_LV_0500_20200907_000213	グレイシアに関する調査を行った経験もありますし、やはりこの事件の真相の間近に辿り着けた者は啓示者様以外にはいないと思いました。{nl}調査にご協力願えますか？	글레이시어에 대한 조사를 진행하신 적이 있으시니, 아무래도 계시자님만큼 이 사건의 진상에 가까이 다가간 사람은 없을 거로 생각합니다.{nl}조사에 협조해 주실 수 있으십니까?				크루세이더 마스터
QUEST_LV_0500_20200907_000214	ご協力感謝します。{nl}啓示者様に渡した物はグレイシアの服から落ちた装身具です。{nl}グレイシアがこの場所へ辿り着くまでの間、どうやって魔族から命を守ることが出来たのか確認する必要があります。	협조에 감사드립니다.{nl}계시자님께 드린 물건은 글레이시어의 옷에서 떨어져 나온 장신구입니다.{nl}글레이시어가 어떻게 이곳까지 마족으로부터 목숨을 지킬 수 있었는지 알아볼 필요가 있습니다.				크루세이더 마스터
QUEST_LV_0500_20200907_000215	その装身具を魔族に見せて、反応を見ていただけますか？	그 장신구를 마족에게 보여주고 반응을 살펴봐 주십시오.				크루세이더 마스터
QUEST_LV_0500_20200907_000216	ご協力ありがとうございます。{nl}きらめく珠を魔族に見せて、反応を見てください。	협조에 감사드립니다.{nl}반짝이는 구슬을 마족에게 보여주고 반응을 살펴봐 주십시오.				크루세이더 마스터
QUEST_LV_0500_20200907_000217	戻られましたか。	돌아오셨습니까?				크루세이더 마스터
QUEST_LV_0500_20200907_000218	魔族が怯えて逃げた……ですか。{nl}グレイシアが強力な魔族であることは事実ですが…...彼女がここを通った時はまだ人間だったはずです。	마족이 겁에 질려 도망갔다고요?{nl}글레이시어가 강력한 마족인 건 사실이지만.. 그녀가 여기를 지날 때는 아직 인간이었을 때입니다.				크루세이더 마스터
QUEST_LV_0500_20200907_000219	だとすると……グレイシア以上の力を持つ他の魔族がこの事件に関わった可能性が大きいですね。	그렇다면.. 글레이시어 이상의 다른 마족이 이 사건과 연관되어 있을 가능성이 크군요.				크루세이더 마스터
QUEST_LV_0500_20200907_000220	以前、私達の派遣員が岩壁にある木の根近くでクルビナ液がこびれ付いている怪しい欠片を発見したそうです。{nl}現場保存のために、対象には触れませんでしたが。	지난번 저희 파견원이 암벽에 있는 나무뿌리 근처에서 크루비나 용액이 묻은 수상한 조각을 봤다고 하더군요.{nl}현장 보존을 위해 건들지는 않았습니다.				크루세이더 마스터
QUEST_LV_0500_20200907_000221	その欠片については、私が直接調べますので、啓示者様は怪しい欠片を探しながら調査の準備を進めてください。	제가 직접 그 조각을 조사할 테니 계시자님 께서는 수상한 조각을 찾아 조사를 준비해 주세요.				크루세이더 마스터
QUEST_LV_0500_20200907_000222	怪しい欠片は左の階段を下り、そのまま進むと見えてくる岩壁と木の根の間にあります。{nl}先に啓示者様が向かい調査の準備をしてください。	수상한 조각은 왼쪽 계단 아래로 내려가, 그대로 가시다 보면 암벽과 나무뿌리 사이에 있습니다.{nl}계시자님께서 먼저 가서 조사를 준비해주십시오.				크루세이더 마스터
QUEST_LV_0500_20200907_000223	そう、ですね……どう説明すれば良いのか...…{nl}結論から話しますと……	어떻게 말씀을 드려야 할지..{nl}결론부터 말씀드리자면..				크루세이더 마스터
QUEST_LV_0500_20200907_000224	この欠片には、長い時間をかけて染み付いた魔族の力が込められているようです。{nl}私が遭遇したどの魔族よりも強い力が感じられます。{nl}もしかしたらグレイシアは……	이 조각에는 오랜 시간에 걸쳐 마족의 힘이 배어있습니다.{nl}제가 마주쳤던 그 어떤 마족보다도 더욱 강한 힘이군요.{nl}어쩌면 글레이시어는..				크루세이더 마스터
QUEST_LV_0500_20200907_000225	もし……この力の持ち主に比べればグレイシアは大したことないレベルだと言えるほど……と言ったら、信じますか？	이 힘의 주인에 비하면 글레이시어는 큰 걱정거리가 아닌 수준이라면 믿으시겠습니까?				크루세이더 마스터
QUEST_LV_0500_20200907_000226	啓示者様のご協力のおかげで調査が早く進んでいます。	계시자님의 협조 덕분에 조사가 빠르게 진척되고 있습니다.				크루세이더 마스터
QUEST_LV_0500_20200907_000227	面倒をかけますが……グレイシアの背後にいる存在を証明するためには、もっと確実な証拠が必要です。	번거롭게도.. 글레이시어의 배후를 증명해내기 위해서는 더 확실한 증거가 필요합니다.				크루세이더 마스터
QUEST_LV_0500_20200907_000228	以前グレイシアの手紙を発見した場所が、崖の下だと仰られてましたよね?{nl}其処へ戻り、見逃した証拠はないかもう一度確認お願いします。	지난번 글레이시어의 편지를 발견한 곳이 절벽 아래라고 하셨죠?{nl}그곳에 가서 그때 놓친 증거가 없는 지, 다시 확인해주셨으면 합니다.				크루세이더 마스터
QUEST_LV_0500_20200907_000229	白き魔女の森の調査をお願いします。	하얀 마녀의 숲을 조사해주시길 바랍니다.				크루세이더 마스터
QUEST_LV_0500_20200907_000230	この指令書であれば確実な証拠になります。{nl}グレイシアの名前まで書かれています。	지령서라면 확실한 증거입니다.{nl}글레이시어의 이름까지 적혀있군요.				크루세이더 마스터
QUEST_LV_0500_20200907_000231	ですが、何故人間の言葉で書かれいるのでしょうか……？{nl}欠片に感じられた力は魔族の力で間違いありません。	그렇지만 어째서 인간의 언어로 적혀있을까요?{nl}조각에서 느꼈던 힘은 마족의 힘이 분명했습니다.				크루세이더 마스터
QUEST_LV_0500_20200907_000232	……私たちに自分の存在を知らせたいのかも知れません。	우리에게 자신의 존재를 알리고 싶어 하는군요.				크루세이더 마스터
QUEST_LV_0500_20200907_000233	黒幕がいるという証拠は確かになりました。{nl}啓示者様が崖の下に降りている間、私は欠片を調べるために王国に協力を要請しました。	배후가 있다는 증거는 확실해졌습니다.{nl}계시자님께서 절벽 아래로 내려가 있는 동안, 저는 조각을 조사하기 위해 왕국에 협조를 요청했습니다.				크루세이더 마스터
QUEST_LV_0500_20200907_000234	王国からは、魔族の力に最も詳しい人がいるのだそうです。{nl}ランダマスターのウオリオス・ワヒドに欠片をお渡しください。{nl}……あまり好ましくありませんが……王国の命令です。	왕국에서는 마족의 힘이라면 가장 잘 알만한 사람이 있다고 하더군요.{nl}랑다 마스터인 우올리오스 와히드에게 조각을 전해주십시오.{nl}탐탁지는 않지만.. 왕국의 명령입니다.				크루세이더 마스터
QUEST_LV_0500_20200907_000235	では、よろしくお願いします。{nl}この欠片さえ届けてくだされば、啓示者様にお手伝いいただく事はもうありません。	그럼 부탁드립니다.{nl}그 조각만 전해주신다면 계시자님께서 도와주실 일은 더 없습니다.				크루세이더 마스터
QUEST_LV_0500_20200907_000236	啓示者様、ご助力……ありがとうございました。	계시자님, 도와주셔서 감사했습니다.				크루세이더 마스터
QUEST_LV_0500_20200907_000237	グレイシア・カシミーラ{/}{nl}……グレイシアがまだ人間であった時の名前です。	글레이시어 카시밀라.{nl}글레이시어가 인간이었을 때의 이름입니다.				크루세이더 마스터
QUEST_LV_0500_20200907_000238	お待ちしておりました。{nl}話は既に聞いております。	오셨군요.{nl}이야기는 미리 들었습니다.				랑다 마스터
QUEST_LV_0500_20200907_000239	強いオーラですね……。{nl}クルセイダーマスター殿の措置がなければ、ここへ来る途中で倒れてもおかしくないほどです。	강한 기운이군요.{nl}크루세이더 마스터님의 조치가 없었더라면, 이곳에 오는 중에 쓰러지셨어도 이상하지 않았을 겁니다.				랑다 마스터
QUEST_LV_0500_20200907_000240	この力の持ち主は、この地で注視者と呼ばれる存在ですね。{nl}この先の話は、後に機会があればお話ししましょう。{nl}この欠片は私達が管理しましょう。{nl}隣の少女に渡してもらえますか？	이 힘의 주인은 이 땅의 명칭으로 주시자라는 이름의 존재군요.{nl}이 이상의 이야기는 나중에 기회가 된다면 말씀드리죠.{nl}이 조각은 저희가 관리하겠습니다.{nl}저 옆의 소녀에게 주시겠습니까?				랑다 마스터
QUEST_LV_0500_20200907_000241	ランダの少女	랑다 소녀				
QUEST_LV_0500_20200907_000242	彼女はまだ幼いので、気をつけて接してあげてください。	어린 아이이니 조심히 대해주세요.				랑다 마스터
QUEST_LV_0500_20200907_000243	次元の崩壊と分裂特異点に巻き込まれて命を失わないよう気をつけてください。{nl}特に分裂特異点では慎重に行動してください。とても危険な場所です。	차원 붕괴와 분열 특이점에 휘말려 아까운 목숨을 잃지 않도록 주의하세요.{nl}특히 분열 특이점에서는 행동을 주의하세요. 무척 위험한 장소입니다.	QUEST_LV_0500_20200403_000084	次元の崩壊に巻き込まれて命を失わないよう気をつけてください。{nl}万全の準備が揃わないと近づかない方が身のためです。	차원 붕괴에 휘말려 아까운 목숨을 잃지 않도록 주의하세요.{nl}준비가 충분하지 않으면 가까이 가지 않는 게 좋습니다.	세이지 파견원
QUEST_LV_0500_20200907_000244	十分な準備無しで近づかない方が身のためです。万全の準備を整えてから接近するように……。	준비가 충분하지 않으면 가까이 가지 않는 게 좋습니다. 철저한 준비를 하시고 접근하시기 바랍니다. 				세이지 파견원
QUEST_LV_0500_20200907_000245	白き魔女とクルセイダー(8)	하얀 마녀와 크루세이더(8)				
QUEST_LV_0500_20200907_000246	調査に協力する	조사에 협조한다.				
QUEST_LV_0500_20200907_000247	協力に応じない	협조하고 싶지 않다.				
QUEST_LV_0500_20200907_000248	白き魔女とクルセイダー(9)	하얀 마녀와 크루세이더(9)				
QUEST_LV_0500_20200907_000249	準備を整えておく	준비해 두겠다고 한다.				
QUEST_LV_0500_20200907_000250	後で行こう	나중에 가자고 한다.				
QUEST_LV_0500_20200907_000251	白き魔女とクルセイダー(10)	하얀 마녀와 크루세이더(10)				
QUEST_LV_0500_20200907_000252	今は難しい	지금은 어렵다고 한다.				
QUEST_LV_0500_20200907_000253	白き魔女とクルセイダー(11)	하얀 마녀와 크루세이더(11)				
QUEST_LV_0500_20200907_000254	渡しておく	전해주겠다고 말한다.				
QUEST_LV_0500_20200907_000255	手伝えない	도울수 없다고 한다.				
QUEST_LV_0500_20200907_000256	白き魔女とクルセイダー(12)	하얀 마녀와 크루세이더(12)				
QUEST_LV_0500_20200907_000257	これ以上関わりたくない	더 이상 관여하고 싶지 않다고 한다.				
QUEST_LV_0500_20200907_000258	クルセイダーマスターを訪ねる	크루세이더 마스터를 찾아가기.				
QUEST_LV_0500_20200907_000259	クルセイダーマスターが貴方に話があるようです。{nl}彼女の元を訪ねて、話を聞いてみましょう。	크루세이더 마스터가 당신에게 할 말이 있는 듯 합니다.{nl}그녀를 찾아가 무슨 일인지 물어보세요.				
QUEST_LV_0500_20200907_000260	グレイシアの所持品をモンスターに使用する	글레이시어의 소지품을 몬스터에게 사용하기.				
QUEST_LV_0500_20200907_000261	クルセイダーマスターの言われた通り、グレイシアの所持品をモンスターに見せてみてください。	크루세이더 마스터의 요청대로, 글레시이어의 소지품을 몬스터들에게 보여주세요.				
QUEST_LV_0500_20200907_000262	調査結果をクルセイダーマスターに報告する	조사 결과를 크루세이더 마스터에게 보고하기.				
QUEST_LV_0500_20200907_000263	グレイシアの所持品をモンスターに見せると、モンスター達が慌ててその場から逃げ出しました！{nl}調査結果をクルセイダーマスターに報告しましょう。	글레시이서의 소지품을 몬스터에게 보여주니, 몬스터들은 허겁지겁 달아났습니다!{nl}조사 결과를 크루세이더 마스터에게 알려주세요.				
QUEST_LV_0500_20200907_000264	クルセイダーマスターが次の調査への協力も頼みたいそうです。{nl}クルセイダーマスターと会話してください。	크루세이더 마스터가 다음 조사를 위해 협조를 요청하려고 합니다.{nl}크루세이더 마스터와 대화하세요.				
QUEST_LV_0500_20200907_000265	怪しい欠片の調査の準備を行う	수상한 조각 조사 준비하기.				
QUEST_LV_0500_20200907_000266	クルセイダーマスターは、派遣員からグレイシアから零れたと推測される怪しい欠片に関する報告を受けました。{nl}怪しい欠片がある場所へ向かい、クルセイダーマスターが調査できるよう先に準備をしておきましょう。	크루세이더 마스터는 파견원으로부터 글레이시어가 흘린 것으로 추정되는 수상한 조각에 대한 보고를 받았습니다.{nl}수상한 조각이 있는 곳으로 가서 크루세이더 마스터가 조사할 수 있도록 미리 준비를 해두세요.				
QUEST_LV_0500_20200907_000267	クルセイダーマスターの元へ戻る	크루세이더 마스터에게 돌아가기.				
QUEST_LV_0500_20200907_000268	クルセイダーマスターが怪しい欠片を持って行きました。{nl}彼女のところへ戻り調査結果を聞いてみましょう。	크루세이더 마스터가 수상한 조각을 가져갔습니다.{nl}그녀에게 돌아가 조사 결과에 대해 들어보세요.				
QUEST_LV_0500_20200907_000269	クルセイダーマスターに次の調査のために必要なものは何か聞いてみましょう。	크루세이더 마스터에게 다음 조사를 위해 필요한 건 무엇인지 물어보세요.				
QUEST_LV_0500_20200907_000270	白き魔女の森(レジェンド)で調査を進める	하얀 마녀의 숲(레전드)에서 조사를 진행하기.	QUEST_LV_0500_20200724_000201	白き魔女の森で調査を進める	하얀 마녀의 숲에서 조사를 진행하기.	
QUEST_LV_0500_20200907_000271	クルセイダーマスターはグレイシアの背後にいる魔族の存在を特定するには確かな証拠が必要だと言います。{nl}白き魔女の森に入り古い袋を調べてみてください。	크루세이더 마스터는 글레이시어의 배후에 있는 마족의 존재를 특정하기 위해서는 더 확실한 증거가 필요하다고 합니다.{nl}하얀 마녀의 숲으로 돌아가 해진 주머니를 살펴보세요.				
QUEST_LV_0500_20200907_000272	クルセイダーマスターに古い袋から発見された謎の指令書を見せましょう。	크루세이더 마스터에게 해진 주머니에서 발견한 의문의 지령서를 보여주세요.				
QUEST_LV_0500_20200907_000273	クルセイダーマスターに他に手伝ることはないかと訊いてみましょう。	크루세이더 마스터에게 더 도와줄 일은 없는 지 물어보세요.				
QUEST_LV_0500_20200907_000274	ランダマスターを訪ねる	랑다 마스터를 찾아가기.				
QUEST_LV_0500_20200907_000275	クルセイダーマスターは調査への協力に応じてくれたことに謝意を表し、最後に怪しい欠片について確実な調査を行うため、ランダマスターの元を訪ねるように言いました。{nl}サルラス修道女院にいるランダマスターの元へ向かい怪しい欠片について訊いてみましょう。	크루세이더 마스터는 조사에 협력해주어서 고맙다는 말을 전하며, 마지막으로 수상한 조각에 대해서 확실한 조사를 하기 위해 랑다 마스터를 찾아가 달라고했습니다.{nl}살러스 수녀원에 있는 랑다 마스터를 찾아가 수상한 조각에 대해 물어보세요.				
QUEST_LV_0500_20200907_000276	ランダマスターと話す	랑다 마스터와 대화하기.				
QUEST_LV_0500_20200907_000277	ランダマスターに怪しい欠片について話を聞いてみましょう。	랑다 마스터에게 수상한 조각에 대해서 의견을 들으세요.				
QUEST_LV_0500_20200907_000278	怪しい欠片をランダの少女に渡す	수상한 조각을 랑다 소녀에게 전해주기.				
QUEST_LV_0500_20200907_000279	ランダマスターに怪しい欠片について説明しました。{nl}危険な物であるため、魔族の力を扱うことに長けたランダに欠片を任せる必要があります。{nl}欠片をランダの少女に渡しましょう。	랑다 마스터에게 수상한 조각에 대한 설명을 들었습니다.{nl}위험한 물건이니 마족의 힘을 다루는 데 더 능숙한 랑다에게 조각을 맡겨야 합니다.{nl}조각을 랑다 소녀에게 전해주세요.				
QUEST_LV_0500_20210125_000280	イサウゴティ森のマティネスを全て排除しましたが、まだ注視者が集めたマティネスが残っているはずです。{nl}加えて、バウバスとヴァイガも変わらずマティネスを狙っている状況です。	비록 이사우고티 숲의 머티니스는 모두 제거했지만, 주시자가 모은 머티니스가 남아 있을 겁니다.{nl}그리고 바우바스와 바이가 역시 여전히 머티니스를 노리고 있는 상황입니다.				여신 라다
QUEST_LV_0500_20210125_000281	オルシャ一帯のマティネスが完全に消滅したわけではないため、{nl}魔族は必ず戻ってくるでしょう。	오르샤 일대의 머티니스가 완전히 소멸한 건 아니니,{nl}마족들은 반드시 돌아올 겁니다.				여신 라다
QUEST_LV_0500_20210125_000282	故に……啓示者よ。{nl}この危うい平和は、そう遠くない未来再びオルシャを襲うでしょう。	그러니 계시자.{nl}이 위태로운 평화는 머지않은 미래에 다시 오르샤를 덮칠 것입니다.				여신 라다
QUEST_LV_0500_20210125_000283	その危機に備え、万全の準備を整えてください。{nl}自身が背負う運命を教訓として……	그 위협에 대비해 만반의 준비를 하세요.{nl}그대가 짊어진 운명을 교훈 삼아.				여신 라다
QUEST_LV_0500_20210125_000284	先ほどいたパウフィスの渡し場の先にある森は、イサウゴティ森です。	앞에 있던 숲의 이름은 이사우고티 숲이라고 합니다.				여신 라다
QUEST_LV_0500_20210125_000285	イサウゴティ森には、どの森よりも強烈なマティネスの気配を感じます……	이사우고티 숲에서는 숲의 어느 부분보다 강렬한 머티니스의 기운이 느껴집니다.				여신 라다
QUEST_LV_0500_20210125_000286	間違いなくそこに注視者の魔族達が採掘したマティネスがあるはずです。{nl}多くの魔族がその場所を掌握しているでしょう。	분명히 그곳에 주시자의 마족들이 채굴한 머티니스가 있을 겁니다.{nl}분명히 많은 마족들이 그 곳을 장악하고 있겠죠.				여신 라다
QUEST_LV_0500_20210125_000287	注視者はいつも計画的に動いていました。{nl}マティネスの保管に関しても必ず何らかの対策を備えているはずです。	주시자는 항상 계획적으로 움직였습니다.{nl}분명 머티니스의 보관에도 대비책을 마련해놨겠죠.				여신 라다
QUEST_LV_0500_20210125_000288	やみくもにイサウゴティ森に向えば、大きなリスクを伴うことになるでしょう。	생각 없이 이사우고티 숲으로 향했다간 큰 위험을 감수해야 할 겁니다.				여신 라다
QUEST_LV_0500_20210125_000289	注視者の魔族たちは既に多くのマティネスを確保しているはずです。{nl}あなたの力だけで一度に取り除くことは難しい……	주시자의 마족들은 이미 많은 머티니스를 저장해두었을 겁니다.{nl}당신의 힘만으로는 한 번에 제거하기는 버거운 일..				여신 라다
QUEST_LV_0500_20210125_000290	私の力でマティネスを除去するという手もありますが……マティネスに宿る私の力と衝突する恐れがあります。{nl}それに、魔族たちが私の気配にすぐ気付いてしまうでしょう……	제 힘으로 머티니스를 제거하는 건 머티니스에 내재된 제 힘과의 충돌이 우려됩니다.{nl}게다가 마족들이 저의 기운을 금방 알아차릴 겁니다.				여신 라다
QUEST_LV_0500_20210125_000291	マティネスをできるだけ早く、且つ多く除去するためには、人間の手によって作られた十分な威力を持つ爆弾が一番効果的でしょう。	머티니스를 최대한 빨리, 최대한 많이 제거하기 위해서는 충분한 위력을 지닌 인간의 폭탄이 적당하겠군요.				여신 라다
QUEST_LV_0500_20210125_000292	どこからか爆弾を手に入れられないでしょうか？	혹시 폭탄을 구하실 수 있겠습니까?				여신 라다
QUEST_LV_0500_20210125_000293	オルシャの領主が『必要なことがあれば助力する』と言ってくれた……？{nl}よかった……まさに願ったりかなったりです。{nl}オルシャに良い質の爆弾があることを願いましょう。	오르샤의 영주가 필요한 일이 있으면 도움을 요청하라고 했다고요?{nl}마침 다행입니다.{nl}오르샤에 적당한 폭탄이 있기만 바라죠.				여신 라다
QUEST_LV_0500_20210125_000294	[オルシャの領主]イネッサ・ヘモンデール	[오르샤 영주]이네사 해먼데일				
QUEST_LV_0500_20210125_000295	オルシャの助力が必要なのですか？{nl}私の方から協力を頼んだ立場でもありますし、少しでもお力になれるのでしたら何でも提供いたします。	오르샤의 도움이 필요하시다고요?{nl}제가 도움을 청한 입장이니, 힘이 될 수 있다면 무엇이든 드리겠습니다.				[오르샤 영주]이네사 해먼데일
QUEST_LV_0500_20210125_000296	爆弾が必要なのですね。{nl}爆弾ならオルシャ 軍事基地の倉庫にあるはずです。{nl}警備兵に持ってくるよう指示いたします。	폭탄이 필요하다는 말씀이시군요.{nl}폭탄이라면, 오르샤 군수 창고에 있을 겁니다.{nl}경비병에게 가져오라 지시하겠습니다.				[오르샤 영주]이네사 해먼데일
QUEST_LV_0500_20210125_000297	どうか啓示者様にご満足いただける十分な威力だと良いのですが...…	부디 계시자님께서 바라시는 만큼 충분한 위력이길..				[오르샤 영주]이네사 해먼데일
QUEST_LV_0500_20210125_000298	気を付けて扱ってください。{nl}とても強力な威力を持つ魔法爆弾です。	조심히 다루시길 바랍니다.{nl}매우 강한 위력을 가진 마법 폭탄입니다.				[오르샤 영주]이네사 해먼데일
QUEST_LV_0500_20210125_000299	爆発に巻き込まれる可能性がありますので、十分注意してください。{nl}必ず安全な場所に避難した後に作動させてください。	자칫하면 폭발에 휘말릴 수도 있으니, 꼭 주의하셔야 합니다.{nl}반드시 안전한 곳에 몸을 피하신 후에 작동하셔야 합니다.				[오르샤 영주]이네사 해먼데일
QUEST_LV_0500_20210125_000300	啓示者様、どうかご無事で……{nl}オルシャのために戦ってくださり、ありがとうございます。	모쪼록 몸조심하십시오, 계시자님.{nl}오르샤를 위해 싸워주셔서 감사합니다.				[오르샤 영주]이네사 해먼데일
QUEST_LV_0500_20210125_000301	急ぎましょう。{nl}あなたが守るべきオルシャのためにも。	서둘러 움직이세요.{nl}당신이 지켜야 할 오르샤를 위해서라도.				여신 라다
QUEST_LV_0500_20210125_000302	どうでしたか？{nl}……その爆弾がオルシャの領主から頂いたものですか？	오셨습니까?{nl}그 폭탄이 오르샤 영주가 제공한 물건인가요?				여신 라다
QUEST_LV_0500_20210125_000303	……なるほど。{nl}では、マティネスを破壊できる手段も確保できましたし、接近さえできれば何とか対処できそうですね。	그렇군요.{nl}이제 머티니스를 파괴할 수단을 찾았으니, 접근을 하는 일만 남았습니다.				여신 라다
QUEST_LV_0500_20210125_000304	注視者、魔神ラガナ、魔王ヴァイガ...{nl}3人の魔族はそれぞれ異なる目的を持って戦っています。	주시자, 라가나, 바이가..{nl}세 마족은 각자 다른 목적으로 싸우고 있습니다.				여신 라다
QUEST_LV_0500_20210125_000305	私達は彼らの欲望を利用しましょう。{nl}魔神ラガナと魔王ヴァイガが啓示者様に提案したことを逆に利用し、彼らに偽りの情報を伝えるのです。	그러니, 우리는 그들의 욕망을 이용하죠.{nl}라가나와 바이가가 계시자님께 한 제안을 역으로 이용해, 그들에게 거짓 정보를 전해야 합니다.				여신 라다
QUEST_LV_0500_20210125_000306	そうすれば魔神ラガナと魔王ヴァイガの勢力はお互い対立するはずです。注視者の勢力もその状態を黙って見過ごすようなことはしないでしょう。{nl}戦場が混乱している隙をついてマティネス貯蔵所に接近してください。{nl}イサウゴティ森までは一緒に移動することになりますが、私が下手に動いてしまえば、魔族の目をごまかしたことがすべて無駄になってしまいます。	그러면 라가나와 바이가의 세력이 대립할테고, 주시자의 세력도 지켜보고만 있지는 않을 겁니다.{nl}전장이 혼란한 틈을 타 머티니스 저장소로 접근하시면 됩니다.{nl}이사우고티 숲까지는 같이 이동하겠지만, 제가 섣불리 움직이면 마족들의 눈을 돌린 게 소용없어질 겁니다.				여신 라다
QUEST_LV_0500_20210125_000307	ご存じの通り、私たちが一緒に動くことはできません。	아시다시피, 우리는 같이 움직일 수 없습니다.				여신 라다
QUEST_LV_0500_20210125_000308	私は、オルシャ周辺に他のマティネス貯蔵所がないか確認してみます。	저는 오르샤 근처에 또 다른 머티니스 저장소가 있는지 찾아보겠습니다.				여신 라다
QUEST_LV_0500_20210125_000309	どうか優先すべきことを忘れませぬよう……{nl}魔王ヴァイガと魔神ラガナ勢力の魔族よりも早く、マティネスの位置を確認することが何よりも重要です。	잊지마십시오.{nl}바이가와 라가나 세력의 마족들보다 머티니스의 위치를 알아내는 것이 우선입니다.				여신 라다
QUEST_LV_0500_20210125_000310	魔族たちにバレないよう、迅速に動いてください。	마족들에게 들키지 않도록, 조용하지만 신속하게 움직여 주십시오.				여신 라다
QUEST_LV_0500_20210125_000311	魔族たちの勢力争いに巻き込まれないようにお気を付けください。	마족들의 세력 다툼에 휘말리지 않도록 조심하십시오.				여신 라다
QUEST_LV_0500_20210125_000312	マティネス貯蔵所が見える場所を発見されましたか？	머티니스 저장소로 보이는 곳은 발견하셨나요?				여신 라다
QUEST_LV_0500_20210125_000313	幸いオルシャ周辺では、ここを除く他のマティネス貯蔵所は見つかりませんでした。	다행히 이곳을 제외한 오르샤 근처에서 다른 머티니스 저장소는 보이지 않았습니다.				여신 라다
QUEST_LV_0500_20210125_000314	やはり…...{nl}予想していた通り、魔族たちの警戒は厳重なようですね。	역시..{nl}예상대로 마족들이 경계가 심상치 않군요.				여신 라다
QUEST_LV_0500_20210125_000315	それでは手筈通りに魔神ラガナと魔王ヴァイガ勢力の魔族たちを利用しましょう。	계획대로, 라가나와 바이가 세력의 마족들을 이용하도록 하죠.				여신 라다
QUEST_LV_0500_20210125_000316	十分な空間がある場所に魔族たちをおびき寄せれると良さそうです。{nl}貯蔵所と遠すぎると注視者の魔族たちが動かない可能性があります。{nl}適切な場所を探してください。	충분한 공간이 있는 곳에 마족들을 유인하면 좋겠군요.{nl}저장소와 너무 멀다면 주시자의 마족들이 움직이지 않을 수 있습니다.{nl}적당한 장소를 찾아주세요.				여신 라다
QUEST_LV_0500_20210125_000317	見つけましたか？{nl}プラナス空き地ですか...…。	찾으셨습니까?{nl}플라나스 공터란 말씀이시군요.				여신 라다
QUEST_LV_0500_20210125_000318	なるほど……そこなら計画が狂う恐れはないでしょう。	그곳이라면 계획에 문제는 없을 겁니다.				여신 라다
QUEST_LV_0500_20210125_000319	まず魔神ラガナの伝令と会いましょう。{nl}魔神ラガナの気配を持つ存在がプラエイティ休憩所で感じられます。{nl}その場所に魔神ラガナが言っていた彼女の伝令がいるはずです。{nl}伝令に偽りの情報を渡してください。	먼저 라가나의 전령을 만나죠.{nl}라가나의 기운을 지닌 존재가 프레이티 쉼터에서 느껴집니다.{nl}그 곳에 라가나가 말했던 그녀의 전령이 있을 겁니다.{nl}전령에게 거짓 정보를 넘겨주세요.				여신 라다
QUEST_LV_0500_20210125_000320	偽りの情報として「プラナス空き地に注視者の魔族たちが採掘したマティネス 貯蔵所がある」と伝えて良いでしょう。	거짓 정보의 내용은 플라나스 공터에 주시자의 마족들이 채굴한 머티니스 저장소가 있다고 전하면 될 겁니다.				여신 라다
QUEST_LV_0500_20210125_000321	メサラス野営地にいるであろう魔王ヴァイガの伝令にも、同じ内容を伝えてください。	그리고 메살라스 야영지에 있을 바이가의 전령에게도 같은 내용을 전해주세요.				여신 라다
QUEST_LV_0500_20210125_000322	魔神ラガナの伝令	라가나의 전령				
QUEST_LV_0500_20210125_000323	ふむ...…{nl}見たところ事実のようだな。	흠..{nl}보아하니 사실인 것 같군.				라가나의 전령
QUEST_LV_0500_20210125_000324	この情報はラガナ様にお伝えする。{nl}ラガナ様は忠誠を捧げるものには、限りなく慈悲深い方だ。{nl}お前も必ず魔神ラガナ様の恩寵を受けることができるだろう。	이 정보는 라가나님께 전달하겠다.{nl}라가나님은 충성을 바치는 자에게 한없이 자비로운 분이지.{nl}네 녀석도 분명히 라가나님의 은총을 받을 수 있을 거다.				라가나의 전령
QUEST_LV_0500_20210125_000325	賢明な選択だな。	현명한 선택이군.				라가나의 전령
QUEST_LV_0500_20210125_000326	魔神ラガナと魔王ヴァイガの伝令たちに偽りの情報を渡し、プラナス空き地で争いを起こせば、{nl}必ずマティネス 貯蔵所にいる魔族たちの注意をそらすことができるはずです。{nl}さぁ、急ぎましょう。	라가나와 바이가의 전령들에게 거짓 정보를 주고 플라나스 공터에서 싸움을 일으키면,{nl}분명 머티니스 저장소에 있는 마족들의 시선을 돌릴 수 있을 겁니다.{nl}서둘러 주십시오.				여신 라다
QUEST_LV_0500_20210125_000327	ふむ...{nl}うーむ...	흐음..{nl}음..				바이가의 전령
QUEST_LV_0500_20210125_000328	いいでしょう。{nl}ヴァイガ様にあなたの言葉をお伝えします。{nl}でもあまり調子に乗らないほうがいいですよ。	좋아요.{nl}바이가님께 당신의 말을 전하도록 하겠습니다.{nl}하지만, 기고만장하지 않는 것이 좋을 겁니다.				바이가의 전령
QUEST_LV_0500_20210125_000329	ヴァイガ様は、生意気な人間をお嫌いですから...	바이가님은 건방진 인간을 좋아하지 않으시니..				바이가의 전령
QUEST_LV_0500_20210125_000330	ご苦労様でした。{nl}あとは偽りの情報による魔族たちの反応を待つだけですね。	고생하셨습니다.{nl}이제 거짓 정보에 대한 마족들의 반응을 기다리는 것만 남았군요.				여신 라다
QUEST_LV_0500_20210125_000331	反応を示した魔族たちが気を逸らしている内に、マティネス 貯蔵所に接近するのです。{nl}準備ができ次第、出発してください。	반응을 보인 마족들이 시선을 끄는 사이에 머티니스 저장소에 접근하시면 될 겁니다.{nl}준비가 되면 출발하세요.				여신 라다
QUEST_LV_0500_20210125_000332	爆弾が爆発すれば魔族たちは混乱の最中でも、あなたを探すはずです。{nl}最悪の場合、魔族たちがオルシャを攻撃する原因となるかも知れません。	폭탄이 터지면, 마족들은 혼란 속에서도 당신을 찾을 겁니다.{nl}자칫하면 마족들이 오르샤를 공격하는 원인이 될 수도 있을 겁니다.				여신 라다
QUEST_LV_0500_20210125_000333	魔族たちがオルシャに向かうためにはここを通り過ぎるはず。{nl}私も魔族たちが所持しているマティネスを回収しなければならないですし……	마족들이 오르샤로 향하기 위해서는 이곳을 지나야 할 터,{nl}마침 저는 마족들이 지니고 있을 머티니스를 회수해야 하니..				여신 라다
QUEST_LV_0500_20210125_000334	オルシャに向かう魔族たちは、私にお任せを。	오르샤로 향하는 마족들을 제가 처리할 이유가 있군요.				여신 라다
QUEST_LV_0500_20210125_000335	あなたは、あなたの任務のために動いてください。	당신의 임무를 위해 움직이세요.				여신 라다
QUEST_LV_0500_20210125_000336	魔神ラガナも魔王ヴァイガも、とてもプライドが高い魔族です。{nl}あなたに騙されたのだと知れば、きっとただでは済まさないでしょう……{nl}ですが、むやみに戦おうとしないでください。{nl}後で必ず機会があるはずです。	라가나와 바이가 모두 자긍심 높은 마족입니다.{nl}당신이 자신을 속였다는 것을 알면 계시자님을 내버려두지 않을 겁니다.{nl}그들과 함부로 싸우려 하지는 마세요.{nl}나중에 분명한 기회가 있을 겁니다.				여신 라다
QUEST_LV_0500_20210125_000337	魔神ラガナ	마신 라가				
QUEST_LV_0500_20210125_000338	待っていたわよ。{nl}ライマの子。	기다리고 있었단다.{nl}라이마의 아이여.				마신 라가
QUEST_LV_0500_20210125_000339	立派ね？{nl}壊しやすい人間如きが頑張ったところで、底が知れると思っていたんだけど...…	훌륭한 걸?{nl}부러지기 쉬운 인간이 해봤자 얼마나 할 수 있겠나 싶었는데..				마신 라가나
QUEST_LV_0500_20210125_000340	注視者のマティネスをキレイさっぱり吹き飛ばしてくれたじゃないの？{nl}感心したわ。	주시자의 머티니스를 아주 시원하게 날려버렸잖아?{nl}기특해.				마신 라가나
QUEST_LV_0500_20210125_000341	私を騙そうとしたなんて、本来なら許されないことだけど…...{nl}注視者が集めたマティネスを吹き飛ばしてくれたわけだし？今回は特別に見逃してあげるわ。	나를 속이려 든 건 용서할 수 없는 일이지만..{nl}주시자가 모은 머티니스를 날려버렸으니 특별히 이번은 넘어가도록 하마.				마신 라가나
QUEST_LV_0500_20210125_000342	それはそうと、注視者はお前をタダじゃ置かないでしょうから..….{nl}生き延びたいなら下側に逃げ続けることね。{nl}ほら、早く{nl}私の許可なく注視者なんかに殺されないでよね。	그건 그렇고, 주시자가 널 가만두지 않으려 할 테니..{nl}살고 싶다면 아래쪽으로 계속 도망치는 게 좋을 거야.{nl}어서,{nl}내 허락 없이 주시자 따위에게 죽지 말거라.				마신 라가나
QUEST_LV_0500_20210125_000343	ようやく見つけたぞ。{nl}啓示者。	드디어 찾았군.{nl}계시자.				마왕 바이가
QUEST_LV_0500_20210125_000344	命を差し出す覚悟はできているだろうな？{nl}俺への欺瞞行為……代価はきっちり払ってもらおうじゃないか。	목숨을 내놓을 준비는 되어있겠지?{nl}나를 기만한 대가는 톡톡히 치러야 할 것이다.				마왕 바이가
QUEST_LV_0500_20210125_000345	戻られたのですね。{nl}爆弾の爆発音を、しかと耳にしました。	돌아오셨군요.{nl}폭탄이 터지는 소리는 분명히 들었습니다.				여신 라다
QUEST_LV_0500_20210125_000346	魔神バウバスに会ったのですか？	바우바스를 만났다고요?				여신 라다
QUEST_LV_0500_20210125_000347	魔神バウバス...…	마신 바우바스..				여신 라다
QUEST_LV_0500_20210125_000348	魔神ギルティネがいない今……魔神の中で最も強力な存在です。{nl}魔神バウバスが魔王ヴァイガを助けたということは、思っていたよりも二人の協力関係が円満な状況だということ……ですね	길티네가 사라진 지금, 마신들 중에서 가장 강한 존재입니다.{nl}바우바스가 바이가를 구했다는 건, 생각보다 둘의 협력 관계가 원만한 수준인 거군요.				여신 라다
QUEST_LV_0500_20210125_000349	あまり良い知らせではありませんが、魔神バウバスがいなければ今ごろ注視者によって酷い目に合わされていたかもしませんし……{nl}不幸中の幸いと言えるでしょう。	반가운 소식은 아니지만, 바우바스가 아니었다면 주시자에게 큰 화를 입을 뻔했으니..{nl}불행 중 다행이겠군요.				여신 라다
QUEST_LV_0500_20210125_000350	何はともあれ……ひとまず、あなたの任務を終わらせましょう。{nl}オルシャに戻り領主に会ってください。{nl}魔神ラガナと魔王ヴァイガ、注視者の勢力下にある魔族たちの勢いは確実に抑えられました。	아무튼 지금은 당신의 임무를 끝낼 때이군요.{nl}오르샤로 가서 영주를 만나세요.{nl}라가나와 바이가, 주시자 세력의 마족들은 확실히 기세가 한풀 꺾였습니다.				여신 라다
QUEST_LV_0500_20210125_000351	まだ状況が終息したわけではありませんが、{nl}きっとあなたからの知らせを待っているでしょう。	아직 상황이 완전히 종식된 건 아니지만,{nl}분명 이 소식을 기다리고 있을 겁니다.				여신 라다
QUEST_LV_0500_20210125_000352	お戻りになりましたか。{nl}大きな爆発音が聞こえたので、啓示者様がうまく作戦を成功されたのだと思っておりました。	돌아오셨습니까.{nl}큰 폭팔음이 들려서 계시자님일 거라 짐작했습니다.				[오르샤 영주]이네사 해먼데일
QUEST_LV_0500_20210125_000353	無事で何よりです。	무사하신 것 같아 다행입니다.				[오르샤 영주]이네사 해먼데일
QUEST_LV_0500_20210125_000354	そうですか……{nl}オルシャは、またも啓示者様に助けられてしまったのですね……	그렇군요.{nl}오르샤는 이렇게 또 한 번 계시자님의 도움을 받게되었군요.				[오르샤 영주]이네사 해먼데일
QUEST_LV_0500_20210125_000355	オルシャとキレン地方を代表して心より感謝申し上げます。{nl}少なくとも、我々オルシャは次の戦いを準備するための時間を稼ぐことができました。	오르샤와 키렌 지방을 대표하여 감사드립니다.{nl}적어도 우리 오르샤는 다음 전투를 준비할 시간을 벌었습니다.				[오르샤 영주]이네사 해먼데일
QUEST_LV_0500_20210125_000356	多くの人達が傷つき倒れましたが、やられたまま終わらせるつもりはありません。{nl}まずは避難が遅れた人々を助け、それが終われば{nl}きっと反撃の機会がやってくるでしょう。	많은 이들이 다치고 쓰러졌지만, 이대로 우리는 당하고만 있지는 않을 겁니다.{nl}아직 피난하지 못한 사람들을 구하고 나면{nl}반격의 시간이 오겠지요.				[오르샤 영주]이네사 해먼데일
QUEST_LV_0500_20210125_000357	啓示者様。改めまして、感謝御礼申し上げます。	계시자님께 다시 한 번 감사의 말씀을 드리겠습니다.				[오르샤 영주]이네사 해먼데일
QUEST_LV_0500_20210125_000358	当分は魔族たちがオルシャを直接攻撃してくることは無いでしょう。	당분간은 마족들이 오르샤를 직접 공격하는 일은 없을 겁니다.				여신 라다
QUEST_LV_0500_20210125_000359	しかし、この危うい平和が長続きしないことは、啓示者……あなたもよく存じていることでしょう。	하지만 이 위태로운 평화가 오래가지 못할 것은 계시자, 그대도 잘 알고 있겠지요.				여신 라다
QUEST_LV_0500_20210125_000360	あなたはオルシャを守る任務を忠実に果たし、{nl}そして私も、十分責任を請け負うことができました。	당신은 오르샤를 지키는 임무에 충실히 임했고,{nl}저 또한 충분할 만큼 책임을 질 수 있었습니다.				여신 라다
QUEST_LV_0500_20210125_000361	失せろ！	꺼져라!				마신 길티네
QUEST_LV_0500_20210125_000362	呼びかけに応じていただきありがとうございます。{nl}オルシャは今危機に瀕している状態です。	부름에 달려와 주셔서 감사합니다.{nl}오르샤는 지금 위기에 처했습니다.				이네사 해먼데일
QUEST_LV_0500_20210125_000363	今まで見たこともない強敵が突然キレン地方全域に侵攻してきました。{nl}私はオルシャとその一帯を守るため、大陸のあちこちで活躍していた啓示者の方々と――――	일전에 본 적 없던 강력한 적들이 돌연 키렌 지방 전역을 침공했습니다.{nl}저는 오르샤와 그 일대를 지키고자, 대륙 곳곳에서 활약을 펼치던 계시자분들..				이네사 해먼데일
QUEST_LV_0500_20210125_000364	――――そして、あなたをここへ呼びました。{nl}どうか、オルシャのため……共に戦ってください。	그리고 당신에게 도움을 청하게 되었습니다.{nl}부디 오르샤를 도와 함께 싸워주시길 바랍니다.				이네사 해먼데일
QUEST_LV_0500_20210125_000365	ご助力感謝いたします。{nl}家門の先祖の方々が命を懸けて守ってきたオルシャを、これからは私たちが共に守るのです。	도움의 손길을 잡아주셔서 감사합니다.{nl}가문의 선조들께서 목숨을 바쳐 지켰던 오르샤를 이제는 우리가 함께 지켜낼 겁니다.				이네사 해먼데일
QUEST_LV_0500_20210125_000366	……ですがその前に、あなたを待っている方がおられます。{nl}街のアウシュリネ女神像から、ライマの聖域と呼ばれる場所に行けば、その方とお会いできるでしょう。{nl}あなただけは、その場所にたどり着くことができるとおっしゃってました。	그러나 그 전에, 당신을 찾는 분이 계십니다.{nl}마을의 여신 아우슈리네의 상을 통해 라이마의 성소라 불리는 곳으로 간다면 그 분께서 기다리고 계실 겁니다.{nl}당신만은 그 곳에 올수 있으리라 하시더군요.				이네사 해먼데일
QUEST_LV_0500_20210125_000367	会えて嬉しいです。{nl}啓示者。	반갑습니다.{nl}계시자여.				여신 라다
QUEST_LV_0500_20210125_000368	このような状況でなければ、再会を喜びたいところですが……今はそうも言っていられない状況です。{nl}オルシャで起こっている戦雲が大陸を越え世界に広まりつつあります。	이런 때에 만나게 되니 마음이 편하지는 않습니다.{nl}오르샤에 일어난 전운이 대륙을 넘어 세계로 그 손아귀를 뻗고 있습니다.				여신 라다
QUEST_LV_0500_20210125_000369	私があなたを呼んだ理由は他でもなく、今回の事態に変わる責任が、私とあなたにあるからです。{nl}詳しい話はレンパリサ池でお話しします。{nl}準備ができましたらレンパリサ池に来てください。	당신을 부르게 된 건 당신과 나, 우리 둘은 이번 사건에 대해 분명한 책임이 있다는 사실 때문입니다.{nl}자세한 이야기는 렘파라사 연못에서 이야기하겠습니다.{nl}준비되셨다면 렘파라사 연못에서 기다리겠습니다.				여신 라다
QUEST_LV_0500_20210125_000370	準備ができたようですね。{nl}レンパリサ池でお待ちしています。	준비되셨군요.{nl}렘파라사 연못에서 기다리겠습니다.				여신 라다
QUEST_LV_0500_20210125_000371	来られましたね。{nl}あなたと私の責任についてお話しますと...…	오셨군요.{nl}당신과 제가 가진 책임에 대해 말씀드리자면..				여신 라다
QUEST_LV_0500_20210125_000372	この周辺で起こった過去のクルビナ事件の中で、私は魔将ジャウラに捕らえられ、{nl}その時、私の生命力によって強力なクルビナが作られました。{nl}そしてあなたは、旅の途中で注視者がその一部を持っていたことを目撃しました。	이 일대에서 벌어진 과거의 크루비나 사건 속에서 저는 마군주 자우라에게 붙잡혔고,{nl}그때 제 생명력으로 강력한 크루비나가 만들어졌습니다.{nl}그리고 당신은 지난 여정에서 주시자가 그 일부를 가지고 있는 걸 보았죠.				여신 라다
QUEST_LV_0500_20210125_000373	理不尽な話に聞こえるかも知れませんが、{nl}この事態の元凶を冷静に判断できるのは私たちだけです。	불합리한 이야기처럼 들릴 수 있으나,{nl}이 사태의 원흉을 똑바로 볼 수 있는 건 우리뿐입니다.				여신 라다
QUEST_LV_0500_20210125_000374	しかし、今回の件が注視者によるものなのか確信するためには、もう少し調査する必要があります。{nl}周辺の魔族たちから手がかりとなる情報を取得してくれますか？	그러나 이 사태가 확실히 주시자의 행보인지는 조금 더 확신이 필요합니다.{nl}주변의 마족들로부터 도움이 될 정보를 얻어와 주시겠습니까?				여신 라다
QUEST_LV_0500_20210125_000375	詳しい話は事態をもう少し把握したあとにします。	더 자세한 이야기는 사태를 파악하며 말씀드리겠습니다.				여신 라다
QUEST_LV_0500_20210125_000376	周辺の魔族たちから注視者と関係ありそうな証拠を探し出してください。	주변의 마족들로부터 주시자와 연관이 있을만한 증거를 찾아주세요.				여신 라다
QUEST_LV_0500_20210125_000377	その邪悪な魔力を含んだ鉱石を魔族たちが持っていたのですか？	그 사악한 마력을 품은 광석을 마족들이 가지고 있었다는 말입니까?				여신 라다
QUEST_LV_0500_20210125_000378	あなたは、確か注視者が混沌を通じてこの鉱石を得るのを見たことがありましたね。	당신은 분명 주시자가 혼돈을 통해 이 광석을 취하는 걸 본 적이 있으시죠.				여신 라다
QUEST_LV_0500_20210125_000379	しかしながら、混沌で出るべきであるこの鉱石をどうやって魔族たちがもっているのか...…	그러나 혼돈에서 나와야 할 이 광석이 어떻게 마족들이 가지고 있는 건지..				여신 라다
QUEST_LV_0500_20210125_000380	どうやら、魔族たちがこの鉱石をどこから得たのか確認するしかないようです。{nl}魔族たちの記憶を通して確認できるでしょう。	아무래도 마족들이 이 광석을 어디서 얻었는지 찾아야겠습니다.{nl}마족들의 기억을 통해 찾을 수 있을 겁니다.				여신 라다
QUEST_LV_0500_20210125_000381	ランドルマの休憩所でなら注目されることもないでしょう。	란돌루마 쉼터라면 큰 이목을 끌지 않을 겁니다.				여신 라다
QUEST_LV_0500_20210125_000382	十分とはいえませんが、魔族たちの記憶から注視者の痕跡を確かに確認しました。{nl}しかしまだ確信を得るには情報が足りませんね……	충분하지는 않았으나 마족들의 기억을 통해 분명히 주시자의 흔적을 보았습니다.{nl}그러나 아직 확신을 얻기에는 모자라는군요.				여신 라다
QUEST_LV_0500_20210125_000383	鉱石の正体は、未だ明確ではありません。	여전히 광석의 정체는 분명하지 않습니다.				여신 라다
QUEST_LV_0500_20210125_000384	もう一度試してみましょう。{nl}魔族たちの魂を神聖力で浄化すれば、より多くの記憶を読み取ることができるはずです。	다시 한번 시도해보죠.{nl}마족들의 영혼을 신성력으로 정화하면 더 많은 기억을 읽어낼 수 있을 겁니다.				여신 라다
QUEST_LV_0500_20210125_000385	私の権能を少しお貸しします。{nl}アダタ街道の魔族たちに私がお貸しした祝福を使用すれば、魔族の魂が浄化され私に引導されます。	제 권능을 조금 나누어 드리겠습니다.{nl}아다타 가도의 마족들에게 제가 드린 축복을 사용하면 마족의 영혼이 정화되어 저에게 인도될 겁니다.				여신 라다
QUEST_LV_0500_20210125_000386	私は先にアダタ街道へ向かい、力を開放しておきます。	저는 먼저 아다타 가도로 가서 힘을 개방해두겠습니다.				여신 라다
QUEST_LV_0500_20210125_000387	無事鉱石の正体を知ることができました。{nl}鉱石の名前はマティネス...{nl}注視者はこの邪悪な鉱石をこのような名前で呼んでいました。	다행히 광석의 정체를 알아냈습니다.{nl}광석의 이름은 머티니스..{nl}주시자는 이 사악한 광석을 두고 그렇게 이름 불렀습니다.				여신 라다
QUEST_LV_0500_20210125_000388	啓示者よ、{nl}注視者がマティネスを利用して世界を――――{nl}正確には神樹を破壊しようとしています。	계시자여,{nl}주시자가 머티니스를 통해 세계를..{nl}정확하게는 신수를 파괴하려 하고 있습니다.				여신 라다
QUEST_LV_0500_20210125_000389	マティネスはベルローブにも匹敵する魔力源です。{nl}魔神ギルティネはベルローブの供給を中断して神樹を暴走させました。	머티니스는 벨로브에 견줄 수 있는 마력원입니다.{nl}길티네는 벨로브의 공급을 중단하여 신수를 폭주 시켰습니다.				여신 라다
QUEST_LV_0500_20210125_000390	その逆に、もしも...…{nl}注視者がこのマティネスを神樹に絶え間なく供給するようなことをしてしまったら、世界が神樹の根元と共に朽ち……おぞましい結末が訪れるでしょう{nl}十分な量のマティネスを供給すれば、ですが。	반대로..{nl}주시자가 이 머티니스를 신수에 끊임없이 공급한다면 세계는 신수의 뿌리와 함께 통째로 썩어 끔찍한 세계로 변해버릴 겁니다.{nl}머티니스의 양이 충분하다면 말이죠.				여신 라다
QUEST_LV_0500_20210125_000391	魔族の記憶の中で見たマルコス伐採地で、尋常でない亀裂を見ました。{nl}マティネスはその亀裂から得られたものでしょう。	마족의 기억 속 말코스 벌목지에서 심상치 않은 균열을 보았습니다.{nl}머티니스는 그 균열에서 나왔을 겁니다.				여신 라다
QUEST_LV_0500_20210125_000392	私は重ね橋の森に通じる道を確認します。{nl}あなたはマルコス伐採地を確認してください。{nl}重ね橋の森で会いましょう。	저는 덧댄다리 숲으로 가는 길을 확인하겠습니다.{nl}당신은 말코스 벌목지를 확인해주세요.{nl}덧댄다리 숲에서 뵙겠습니다.				여신 라다
QUEST_LV_0500_20210125_000393	お待ちしてました。	기다리고 있었습니다.				여신 라다
QUEST_LV_0500_20210125_000394	これが本当に魔族の額に角のように生えていたのですか？	이게 정말 마족의 이마에 뿔처럼 나있었다는 말인가요?				여신 라다
QUEST_LV_0500_20210125_000395	これはクルビナです。	이건 크루비나 입니다.				여신 라다
QUEST_LV_0500_20210125_000396	ただ……これは少し違うようですね。{nl}これが体を突き破って生えてくるだなんて……できると思いますか？{nl}魔将ジャウラが私を通して作り出したクルビナも、装置の力を借りて作り出していました。	그런데 조금은 다르군요.{nl}이게 몸을 뚫고 솟아날 수 있다고 생각하시나요?{nl}마군주 자우라가 저를 통해 만들어낸 크루비나도 장치의 도움을 받아서 만들어냈습니다.				여신 라다
QUEST_LV_0500_20210125_000397	クルビナは人間を魔族に変異させることもできます。	크루비나는 인간을 마족으로 만들기도 합니다.				여신 라다
QUEST_LV_0500_20210125_000398	あなたもクルビナを使用して変異していった子供を見たことがあるはずです。	당신도 크루비나를 사용하고 변해 가던 한 아이를 본 적이 있으시죠.				여신 라다
QUEST_LV_0500_20210125_000399	少しだけですが、このクルビナからは私の生命力も感じます。{nl}おそらく注視者が私を通じて作り出したクルビナで、人間を魔族に変異させたのでしょう。{nl}……これが、私がこの事態に対する責任を取らなければならない理由です。	이 크루비나에는 제 생명력도 조금 느껴집니다.{nl}아마도 주시자가 저를 통해 만들어낸 크루비나로 인간을 마족으로 만들었을 겁니다.{nl}제가 이 사태에 대해 책임을 져야 할 이유죠.				여신 라다
QUEST_LV_0500_20210125_000400	オルシャの住民たちも皆、魔族に変異されるかもしれない状況です。{nl}あなたはオルシャを助けなければならないはず。今は、あなたも私も目指す方向が同じです。	오르샤의 주민들도 모두 마족이 될지도 모르는 상황입니다.{nl}당신은 오르샤를 구해야 하니 지금은 당신과 제가 가야 할 방향이 같습니다.				여신 라다
QUEST_LV_0500_20210125_000401	されど、『目指す方向が同じ』というただそれだけ……。あくまで、それぞれの責任のために行動しているという事実を、肝に銘じなければなりません。	우리는 방향이 같을 뿐, 언제까지나 각자의 책임을 위해 움직이고 있다는 사실을 명심해야 합니다.				여신 라다
QUEST_LV_0500_20210125_000402	私があなたを助けたとなれば、女神アウシュリネ様が黙ってはいないでしょう。	제가 당신을 돕게 된다면 아우슈리네님께서 가만히 있지는 않을 겁니다.				여신 라다
QUEST_LV_0500_20210125_000403	ここは先ほどあなたが通り過ぎたレンパリサ池とつながる通路です。{nl}マティネス採掘とオルシャ攻撃のために集結した魔族たちが重ね橋の森を占領しています。	여기는 방금 당신이 지나온 렘파라사 연못과 연결되는 통로입니다.{nl}머티니스 채굴과 오르샤를 공격하기 위해 집결한 마족들이 덧댄다리 숲을 장악하고 있습니다.				여신 라다
QUEST_LV_0500_20210125_000404	私はこの魔族たちが採掘しているマティネスを回収する必要があります。{nl}あなたはどうしますか？	저는 이 마족들이 채굴하고 있는 머티니스를 회수할 필요가 있습니다.{nl}당신은 무슨 일을 하실 거죠?				여신 라다
QUEST_LV_0500_20210125_000405	よく理解していますね。{nl}では後ほどお会いましょう。	잘 이해하고 계시는군요.{nl}그럼 다시 뵙겠습니다.				여신 라다
QUEST_LV_0500_20210125_000406	あなたが魔族を相手している間、逃げ遅れていたオルシャの住民たちが無事街の中へ避難するのを見ました。	당신이 마족을 상대하고 있는 사이 미처 피하지 못했던 오르샤의 주민들이 무사히 마을 안으로 들어가는 걸 봤습니다.				여신 라다
QUEST_LV_0500_20210125_000407	自身の任務を立派にこなしているようですね。{nl}私もマティネスを一部回収することができました。	당신의 임무를 훌륭히 수행하고 있군요.{nl}저 역시 머티니스를 일부 회수할 수 있었습니다.				여신 라다
QUEST_LV_0500_20210125_000408	私はマティネスの回収を続けるため、重ね橋の森のさらに深い場所に行くつもりです。	저는 머티니스 회수를 계속하기 위해 덧댄다리 숲의 더 깊은 곳으로 갈 생각입니다.				여신 라다
QUEST_LV_0500_20210125_000409	丁度ここから近いジベニー大路で魔族たちがマティネスを採掘していた亀裂があります。{nl}そこの亀裂はあなたが確認したレンパリサ池の亀裂とは違い固まっていないため、調査する価値があります。	마침 여기서 가까운 지베니 대로에서 마족들이 머티니스를 채굴하던 균열이 있습니다.{nl}그곳의 균열은 당신이 봤던 렘파라사 연못의 균열과 달리 굳어있지 않으니 조사할 가치도 있습니다.				여신 라다
QUEST_LV_0500_20210125_000410	ここから重ね橋の森に入れる唯一の道であり、魔族たちが占領しています。	여기서 덧댄다리 숲으로 들어가는 유일한 길이고, 마족들이 점거하고있습니다.				여신 라다
QUEST_LV_0500_20210125_000411	わたしも丁度その魔力を感じ、ここで足を止めました。{nl}間違いなく注視者の魔力です。	저도 마침 그 마력을 느끼고 여기서 멈춰섰습니다.{nl}틀림없이 주시자의 마력이군요.				여신 라다
QUEST_LV_0500_20210125_000412	あくまで推測に過ぎませんが……魔族たちがマティネスを採掘するためには、必ずこの魔力が必要なのかもしれません。{nl}つまり、この魔力の根源を探し出し破壊することができれば、マティネス採掘を止めることができます。	추측이지만, 마족들이 머티니스를 채굴하기 위해서는 반드시 이 마력이 필요할 겁니다.{nl}다시 말해, 마력의 근원지를 찾아 파괴할 수만 있다면 머티니스 채굴을 막을 수 있습니다.				여신 라다
QUEST_LV_0500_20210125_000413	そうすればマティネスが注視者の手に渡ることを防ぐことができるでしょう。{nl}また、オルシャを侵攻するために集結した魔族たちにも十分な被害を与えることができます。	그렇게 된다면 주시자의 손에 머티니스가 들어가는 일을 막을 수 있겠군요.{nl}그리고 오르샤를 침공하기 위해 집결한 마족들에게도 적지 않은 피해를 줄 수 있습니다.				여신 라다
QUEST_LV_0500_20210125_000414	私は魔力の根源を探してみます。{nl}あなたのように飛べない人には、行きづらい崖などを調査するつもりです。	저는 마력의 근원지를 찾아보려고 합니다.{nl}당신처럼 날 수 없는 인간이 가기에는 어려운 절벽을 찾아볼 겁니다.				여신 라다
QUEST_LV_0500_20210125_000415	女神ラダがわざと祝福を落としていったようだ。{nl}祝福を使ってモルコス農場で魔力の根源を探してみよう。	라다 여신이 일부로 축복을 흘려둔 것 같다{nl}축복을 이용해 모르꼬스 농장에서 마력의 근원지를 찾아보자				PC
QUEST_LV_0500_20210125_000416	魔力の根源である注視者の黒い水晶を発見した。{nl}破壊できるか確認してみよう。	마력의 근원지인 주시자의 검은 수정을 발견했다{nl}파괴할 수 있는지 확인해 보자				안내
QUEST_LV_0500_20210125_000417	女神ラダの祝福を使用してみますか？	라다 여신의 축복을 사용해볼까?				안내
QUEST_LV_0500_20210125_000418	亀裂の中の液体が相変わらず沸いている	균열 속의 액체가 여전히 끓고 있다				PC
QUEST_LV_0500_20210125_000419	亀裂を調査しますか？	균열을 조사하시겠습니까?				안내
QUEST_LV_0500_20210125_000420	亀裂に染み込む魔力がまだ感じられる{nl}まだ調査していないボナン森の道方向に向かい注視者の黒い水晶を探してみよう	균열로 스며드는 마력이 여전히 느껴진다{nl}아직 조사하지 않은 보난 숲길 방향으로 가서 주시자의 검은 수정을 찾아보자				PC
QUEST_LV_0500_20210125_000421	注視者の黒い水晶を攻撃しますか？	주시자의 검은 수정을 공격하시겠습니까?				안내
QUEST_LV_0500_20210125_000422	あなたが発見した二つの黒い水晶以外にも多くの水晶がありました。{nl}重ね橋の森にあった水晶はすべて破壊しました。	당신이 발견한 두 개의 검은 수정 외에도 많은 수정이 있었습니다.{nl}덧댄다리 숲에 있던 수정은 모두 파괴했습니다.				여신 라다
QUEST_LV_0500_20210125_000423	重ね橋の森のマティネスの亀裂は固まりました。	덧댄다리 숲의 머티니스 균열들은 굳었습니다.				여신 라다
QUEST_LV_0500_20210125_000424	しかし、{nl}魔族たちが今まで採掘してきたマティネスがあるはずなのですが、{nl}ここではマティネスを発見できませんでした。	그러나{nl}그동안 마족들이 채굴한 머티니스가 있을 텐데,{nl}여기서는 머티니스를 찾을 수 없었습니다.				여신 라다
QUEST_LV_0500_20210125_000425	そのマティネスが注視者の手に渡ってはいけません。{nl}なんとしてもその貯蔵所を探し出し、マティネスを回収しなければ……	그 머티니스들이 주시자의 손에 들어가서는 안 됩니다.{nl}저는 그 저장소를 찾아 머티니스를 회수해야 합니다.				여신 라다
QUEST_LV_0500_20210125_000426	啓示者よ、{nl}あなたにも、やってもらいたいことがあります。	계시자여,{nl}그대도 해야 할 일이 있습니다.				여신 라다
QUEST_LV_0500_20210125_000427	パウフィスの渡し場で女神ラダを探してください。	파우피스 나루에서 라다 여신을 찾으세요				PC
QUEST_LV_0500_20210125_000428	注視者を追いましたが、ここの状況をみて、あなたを待っておりました。	주시자를 쫓았으나, 이곳의 상황을 보고 계시자님을 기다리고 있었습니다.				여신 라다
QUEST_LV_0500_20210125_000429	……お気づきになったでしょう？{nl}オルシャに侵攻したのは注視者だけではないのです。{nl}先ほど見た二つの勢力の魔族たちも含め注視者まで――――三つの勢力がオルシャに侵攻してきました。	눈치 채셨겠죠?{nl}오르샤를 침공한 건 주시자 뿐만이 아니라는 이야기입니다.{nl}방금 본 두개 세력의 마족들만 하더라도 주시자를 포함하여 세 개의 세력이 오르샤를 침공했군요.				여신 라다
QUEST_LV_0500_20210125_000430	しかし皆マティネスが目的であることは確かです。{nl}彼等はそれぞれ魔王カルタスの魔族と魔神ラガナの配下にある魔族たちです。	하지만 모두 머티니스가 목표인 건 확실합니다.{nl}저들은 각각 마왕 카르타스의 마족과 마신 라가나의 휘하 마족들입니다.				여신 라다
QUEST_LV_0500_20210125_000431	ですが、まだ確信を持てません。{nl}特に魔王カルタスが魔神ラガナと敵対するなんて、信じられません。	그렇지만, 확신을 가질 수는 없습니다.{nl}특히나 마왕 카르타스가 마신인 라가나와 대적한다는 건 믿을 수가 없군요.				여신 라다
QUEST_LV_0500_20210125_000432	彼らの裏で糸を引いている他の存在がいるかも知れません。	저들을 움직이는 다른 존재가 있을지도 모릅니다.				여신 라다
QUEST_LV_0500_20210125_000433	まず、魔王カルタスの部下たちを動かしている上の存在が誰であるか確認しておく必要がありますね。{nl}あなたはオルシャに侵攻してきたあの魔族たちをどうするのですか？	먼저, 마왕 카르타스의 부하들을 움직이는 진짜 상급자가 누구인지 확인해 둘 필요가 있겠군요.{nl}당신은 오르샤를 침공한 저 마족들을 어떻게 하시겠습니까?				여신 라다
QUEST_LV_0500_20210125_000434	理解していただきありがとうございます。	묵묵히 이해해주셔서 감사합니다.				여신 라다
QUEST_LV_0500_20210125_000435	では、私もマティネスを狙う存在が誰か探してみます。	그럼 저 역시 머티니스를 노리는 존재들이 누구인지 찾아보겠습니다.				여신 라다
QUEST_LV_0500_20210125_000436	後ほど、ここで落ち合いましょう。	이 자리에서 다시 뵙겠습니다.				여신 라다
QUEST_LV_0500_20210125_000437	ファスラブ隠居地でヴィンメディスを倒し、上役の証を獲得してください。	파슬랍 은거지에서 빈미디스를 처치하고 상급자의 징표를 획득하세요				PC
QUEST_LV_0500_20210125_000438	これは魔王ヴァイガと魔神ラガナの証…...{nl}魔王ヴァイガの証をカルタスの魔族たちが持っていた、ということですか？	이건 바이가와 라가나의 증표..{nl}바이가의 증표를 카르타스의 마족들이 가지고 있었다는 말씀이신가요?				여신 라다
QUEST_LV_0500_20210125_000439	魔王カルタスが魔神ラガナに対抗することはできないでしょうが…...{nl}……魔王ヴァイガなら可能かも知れません。	마왕 카르타스가 라가나에게 대항할 수 없겠지만..{nl}바이가라면 가능할지도 모릅니다.				여신 라다
QUEST_LV_0500_20210125_000440	魔王ヴァイガは、はるか昔から魔神バウバスと緊密な協力関係を持っています。{nl}ギルティネがいない今、魔神バウバスは最も強力な魔族に違いないでしょう。	마왕 바이가는 오랜 옛날부터 마신 바우바스와 긴밀한 협력을 이루고 있습니다.{nl}마신 바우바스는 길티네가 없는 지금으로서는 가장 강한 마족임이 틀림없습니다.				여신 라다
QUEST_LV_0500_20210125_000441	……ギルティネがいなくなった世界というものを、改めて実感しました。	길티네가 사라진 세상이라는 게 새삼 실감이 나는군요.				여신 라다
QUEST_LV_0500_20210125_000442	魔王ヴァイガの魔族たちは確かにマティネスを狙っていました。{nl}一方で魔神ラガナの魔族たちは、妙なことにマティネスの採掘を邪魔しようとするだけでマティネス事態を狙った様子はありませんでした。	바이가의 마족들은 확실히 머티니스를 노리고 있었습니다.{nl}라가나의 마족들은 이상하게도 머티니스 채굴을 방해하려고만 했지, 머티니스 자체를 노리는 정황은 없더군요.				여신 라다
QUEST_LV_0500_20210125_000443	ともかく、彼らの目的がどうあれ、マティネスを魔族に渡すことは女神にとっても、人間にとっても、決して良いことではありません。{nl}急いでマティネス 貯蔵所を探したほうが良いでしょう。	아무튼 그들의 목적을 떠나 머티니스의 주인이 마족이 되는 건 여신에게든 인간에게든 좋을 수 없을 겁니다.{nl}서둘러 머티니스 저장소를 찾는게 좋겠습니다.				여신 라다
QUEST_LV_0500_20210125_000444	ただ、ここへ来てから、四方から強力な魔力が吹きすさんでいます。{nl}注視者の黒い水晶か、あるいはそれに匹敵する他の存在かは分かりません。	다만, 여기에 들어온 후로 사방에서 강력한 마력들이 휘몰아치고 있습니다.{nl}주시자의 검은 수정인지, 혹은 그에 버금갈 다른 존재인지는 확실하지 않습니다.				여신 라다
QUEST_LV_0500_20210125_000445	お前は……ああ、女神ライマの手先の……	너는 라이마의 끄나풀이로군.				마왕 바이가
QUEST_LV_0500_20210125_000446	正直驚いたよ。{nl}いくら女神ライマの助けがあったとはいえ、人間の若造がギルティネを追い詰めたのだからな。	솔직하게 말하자면 놀라웠다.{nl}비록 라이마가 도왔다고는 하나, 인간 애송이가 길티네를 몰아넣었으니 재주라면 재주겠지.				마왕 바이가
QUEST_LV_0500_20210125_000447	俺がここに来た理由を知りたいか？	내가 이곳에 온 이유가 궁금한가?				마왕 바이가
QUEST_LV_0500_20210125_000448	神樹の根元……お前のような若造には知る必要のないことだ。	신수의 뿌리는 너같은 애송이가 신경쓸 물건이 아니다.				마왕 바이가
QUEST_LV_0500_20210125_000449	お前が知っている世界は、実在している世界のほんの一部に過ぎん。{nl}たかだか一瞬の合間に生きては死ぬ必滅の人間如きが。……過度な好奇心は身を滅ぼすぞ。	네 녀석이 알고 있는 세계는 실제 존재하는 세계의 티끌 만큼도 안 된다.{nl}고작 순간의 삶을 살다 죽을 필멸의 인간따위가 건방진 호기심을 가지고 있군.				마왕 바이가
QUEST_LV_0500_20210125_000450	身の程をわきまえることだ。	신경꺼라.				마왕 바이가
QUEST_LV_0500_20210125_000451	魔王ヴァイガに会いましたね。{nl}魔神ラガナを追うことに集中し過ぎたあまり、魔王ヴァイガの存在に気付くのに遅くなりました。	바이가를 만나셨군요.{nl}라가나를 쫓는 데 집중한 나머지 뒤늦게 바이가의 존재를 알아차렸습니다.				여신 라다
QUEST_LV_0500_20210125_000452	ラガナは……{nl}……森の中で彼女を追いましたが、見失ってしまいました...	라가나는,{nl}숲 속에서 그녀를 쫓는 건 거의 불가능한 일이라 놓치고 말았습니다.				여신 라다
QUEST_LV_0500_20210125_000453	魔神ラガナと魔王ヴァイガがお互い対立していることは確かであるようです。{nl}彼らの提案は、一見最終的には我々に利点となりそうに見えますが、{nl}魔族の建前は信じられません。{nl}どのような誘惑も決してそのまま受け止めることは避けるべきです。	라가나와 바이가가 서로 대립하고 있는 건 확실하군요.{nl}그들의 제안은 궁극적으로 우리에게 이점인 것 처럼 보이겠지만,{nl}마족의 속내는 믿을 수 없습니다.{nl}그러니 어떤 유혹에도 결코 선뜻 받아들여서는 안 됩니다.				여신 라다
QUEST_LV_0500_20210125_000454	一方...{nl}今すぐに注視者、魔神ラガナ、魔王ヴァイガとその裏に隠れている魔神バウバスまで、全てを相手にすることは危険すぎます。	한 편으로는..{nl}지금 당장 주시자, 라가나, 바이가와 그 뒤의 바우바스까지 모두를 대적하기에는 위험합니다.				여신 라다
QUEST_LV_0500_20210125_000455	あなたが魔神ギルティネと戦ったときとは違い、{nl}あなたを助けられるほどの力を温存している女神は女神アウシュリネ様のみ...{nl}しかし、女神アウシュリネ様はこのことに介入することを望んでおりません。それはあなたも知っているはずです。	당신이 길티네와 싸웠을 때와는 달리,{nl}당신을 도울 수 있을 정도로 힘을 보존한 여신은 아우슈리네님 뿐..{nl}그러나 아우슈리네님께서는 이 일에 개입하시기를 원하지 않으신다는 걸 당신도 아실 겁니다.				여신 라다
QUEST_LV_0500_20210125_000456	方法はあります。	방법은 있습니다.				여신 라다
QUEST_LV_0500_20210125_000457	注視者の魔族たちが採掘したマティネスを彼等より早く探し出し確保すれば、{nl}主導権を握ることができるはずです。{nl}急いでマティネスの貯蔵所を探し出しましょう。	주시자의 마족들이 채굴한 머티니스를 그들보다 먼저 찾아내 확보한다면,{nl}분명히 주도권을 쥘 수 있습니다.{nl}그러니 서둘러 머티니스의 저장소를 찾죠.				여신 라다
QUEST_LV_0500_20210125_000458	ただ、今は私が魔神ラガナとの戦いで力を大きく消耗したため、回復する時間が必要です。	다만, 지금은 제가 라가나와의 싸움으로 힘을 많이 소모한 탓에 회복할 시간이 필요합니다.				여신 라다
QUEST_LV_0500_20210125_000459	そうしましょう。{nl}回復にそれほど長くはかからないでしょう。	그러시죠.{nl}회복하는데 오래 걸리지는 않을 겁니다.				여신 라다
QUEST_LV_0500_20210125_000460	今この瞬間も、我々はそれぞれの責任のために動いていることを忘れないでください。	여전히 우리는 각자의 책임을 위해 움직이고 있다는 걸 명심하세요.				여신 라다
QUEST_LV_0500_20210125_000461	そうですね…...{nl}ゴッドベース街道なら森の内側に続く道です。	그렇군요..{nl}갓베스 가도라면 숲의 안쪽으로 이어지는 길입니다.				여신 라다
QUEST_LV_0500_20210125_000462	ゴッドベース街道に向かう必要がありそうですね。	갓베스 가도로 가 볼 필요가 있겠군요.				여신 라다
QUEST_LV_0500_20210125_000463	私にはもう少し時間が必要です。	저는 아직 시간이 조금 더 필요합니다.				여신 라다
QUEST_LV_0500_20210125_000464	どの道、我々はそれぞれがやるべきことをやっているだけですので、{nl}啓示者様が先に向かってもなんの問題もないでしょう。	어차피 우리는 각자가 해야할 일을 하고 있을 뿐이니,{nl}계시자님 께서 먼저 가셔도 괜찮습니다.				여신 라다
QUEST_LV_0500_20210125_000465	分かりました。{nl}私も回復次第向かいます。	알겠습니다.{nl}저도 회복되는대로 따라가겠습니다.				여신 라다
QUEST_LV_0500_20210125_000466	ゴッドベース街道にもマティネスの亀裂があります。{nl}ゴッドベース街道に先に向かってください。	갓베스 가도에도 머티니스 균열이 있습니다.{nl}갓베스 가도로 먼저 가세요				여신 라다
QUEST_LV_0500_20210125_000467	私も回復次第向かいますから。	저도 회복되는대로 따라가겠습니다.				여신 라다
QUEST_LV_0500_20210125_000468	車輪の跡がイサウゴティ森の方向に向かっている。	수레 바퀴 자국의 방향이 이사우고티 숲을 향하고있다				PC
QUEST_LV_0500_20210125_000469	ここに来ると思っていました。{nl}この中に通じる深い森からマティネスの力が染みだしています。	이쪽으로 오실 줄 알았습니다.{nl}이 앞으로 들어가는 깊은 숲에서 너무 많은 머티니스의 힘이 흘러나오고 있습니다.				여신 라다
QUEST_LV_0500_20210125_000470	マティネス 貯蔵所がこの内側に絶対あるはずです。{nl}緊迫な状況であることは確かですが、{nl}思っていたよりも事態が大きくなりつつありますので一度整えるためにもライマの聖域に一時帰還するほうが良いでしょう。	분명 머티니스 저장소는 이 안쪽에 있을 겁니다.{nl}상황이 위급한 건 사실이지만,{nl}생각보다 일이 커지고 있으니 재정비를 위해 잠시 라이마의 성소로 돌아가는 게 좋겠습니다.				여신 라다
QUEST_LV_0500_20210125_000471	では、{nl}ライマの聖域で会いましょう。	그럼,{nl}라이마의 성소에서 다시 뵙죠.				여신 라다
QUEST_LV_0500_20210125_000472	準備してください。	준비하세요..				뮬리아
QUEST_LV_0500_20210125_000473	災厄が近づいてきています。	재앙이 오고 있습니다..				뮬리아
QUEST_LV_0500_20210125_000474	人間を破滅させるでしょう...	인간들은 파멸할 거예요..				뮬리아
QUEST_LV_0500_20210125_000475	気を付けて...	조심..				라이마
QUEST_LV_0500_20210125_000476	どうか...{nl}気を付けて...	부디..{nl}조심..				라이마
QUEST_LV_0500_20210125_000477	あなたが持って行くべきものが…{nl}良ければ...{nl}目をつむってください...	당신이 가져가야할 게..{nl}괜찮으시다면..{nl}눈을 감아주세요..				라이마
QUEST_LV_0500_20210125_000478	もう少し休めると良いでしょう。	조금 더 쉴 수 있으면 좋겠어요.				뮬리아
QUEST_LV_0500_20210125_000479	不吉な気配が溢れ出ている箱だ。{nl}採掘したマティネスを保管中のようだ。	불길한 기운이 뿜어져 나오는 상자다.{nl}채굴한 머티니스를 보관 중인 것 같다.				안내
QUEST_LV_0500_20210125_000480	先ほど確認したあの箱の山に爆弾を設置しよう。	방금 발견한 저 상자 더미에 폭탄을 설치하자.				PC
QUEST_LV_0500_20210125_000481	{nl}無事爆弾を設置できたようだ。	{nl}무사히 폭탄을 설치한 것 같다.				PC
QUEST_LV_0500_20210125_000482	ソゴマス執行者	소거마스 집행자				
QUEST_LV_0500_20210125_000483	注視者様の大事なマティネスを欲しがる泥棒野郎は貴様か？	주시자님의 소중한 머티니스를 탐내는 도둑이 네 녀석인가?				소거마스 집행자
QUEST_LV_0500_20210125_000484	今から泥棒に対する死刑を執行する！	지금부터 도둑에 대한 사형을 집행하겠다!				소거마스 집행자
QUEST_LV_0500_20210125_000485	[王国再建団]オルシャ担当者	[왕국 재건단] 오르샤 담당인				
QUEST_LV_0500_20210125_000486	私たちの噂をお聞きしたのですか？{nl}ちょうど私たちも啓示者様の噂を耳にしたところです。	저희에 대한 소식을 들으셨다구요?{nl}마침 저희도 계시자님에 대한 소문을 들었습니다.				[왕국 재건단] 오르샤 담당인
QUEST_LV_0500_20210125_000487	私たちは王国再建団という名で一つに集まった組織です。{nl}私たちは、神樹の日によって崩壊した王国と世界をもう一度復興させるため集まりました。	저희는 왕국 재건단이라는 이름으로 뭉쳐있습니다.{nl}우리는 신수의 날로 인해 무너진 왕국과 세계를 다시 일으키기 위해 모였죠.				[왕국 재건단] 오르샤 담당인
QUEST_LV_0500_20210125_000488	姿を消した女神たちの返事を待つより、我々人間自らが王国を再建しなければなりません。	사라진 여신들의 대답을 기다리기보다, 우리 인간들 스스로 왕국을 재건해야 합니다.				[왕국 재건단] 오르샤 담당인
QUEST_LV_0500_20210125_000489	あ、誤解はしないでください。{nl}私たちももちろん女神様に対する信仰を捨てたわけではありません。{nl}ただこの今の状況が、もしかしたら、女神様が人間がより強くなることを望んだ結果なのかもしれません。	아, 그러나 오해하진 마세요.{nl}우리도 역시 여신들에게 신앙심을 가진 사람들입니다.{nl}다만 지금 이 상황이 어쩌면 여신들께서 인간들이 스스로 더 강해지길 바라시기 때문일 수도 있죠.				[왕국 재건단] 오르샤 담당인
QUEST_LV_0500_20210125_000490	なので、私たち王国再建団は大陸はもちろん、世界あちこちに派遣され現場の問題を助けるために最善を尽くしています。	그래서 우리 왕국 재건단은 대륙은 물론 세계 곳곳으로 파견되어 현장의 문제를 돕는데 최선을 다하고 있습니다.				[왕국 재건단] 오르샤 담당인
QUEST_LV_0500_20210125_000491	啓示者様の活躍はお聞き及びました。{nl}啓示者様が私たちを助けてくださればきっと大きな力になるでしょう。	계시자님의 이야기는 익히 들었습니다.{nl}계시자님께서 저희를 도와주신다면 큰 힘이 될 겁니다.				[왕국 재건단] 오르샤 담당인
QUEST_LV_0500_20210125_000492	現場に派遣されている王国再建団団員達に会ってみてください。{nl}彼等は啓示者様のお力を必要とするでしょう。	각 현장에 파견되어 있는 왕국 재건단 단원들을 만나보세요.{nl}그들이 계시자님을 필요로 할 겁니다.				[왕국 재건단] 오르샤 담당인
QUEST_LV_0500_20210125_000493	[王国再建団]オルシャ派遣兵	[왕국 재건단] 오르샤 파견병				
QUEST_LV_0500_20210125_000494	啓示者様から助力頂けれるのなら、そのご恩は決して忘れません。{nl}啓示者様の英雄譚は世界の隅隅まで届くことになるでしょう。	계시자님께서 저희를 도와주신다면 반드시 상응하는 보답을 하겠습니다.{nl}계시자님의 영웅담은 세계 각지로 뻗어나가게 될 겁니다.				[왕국 재건단] 오르샤 파견병
QUEST_LV_0500_20210125_000495	[王国再建団]オルシャ志願兵	[왕국 재건단] 오르샤 자원병				
QUEST_LV_0500_20210125_000496	神樹の日以後から悲嘆に暮れた大陸をもう一度復興させることができるのは、我々人間たちの結束力です。{nl}我々皆が王国を再び復興させるための戦いがすぐに始まることでしょう。{nl}啓示者様も一緒にやりましょう！	신수의 날 이후로 비탄에 빠진 대륙을 다시 일으킬 수 있는 건 바로 우리 인간들의 결속력입니다.{nl}곧 우리 모두가 왕국을 일으키기 위해 싸울 겁니다.{nl}계시자님께서도 함께 하시죠.				[왕국 재건단] 오르샤 자원병
QUEST_LV_0500_20210125_000497	[王国再建団]オルシャ調査員	[왕국 재건단] 오르샤 조사원				
QUEST_LV_0500_20210125_000498	私たち王国再建団は危機に瀕した人たちを助けるため、災難の現場を持続的に調査中です。{nl}ここも相当ひどい状況ですね。	저희 왕국 재건단이 위기에 빠진 사람들을 도울 수 있도록 재난 현장을 지속적으로 조사 중 입니다.{nl}여기도 만만치 않게 엉망이군요.				[왕국 재건단] 오르샤 조사원
QUEST_LV_0500_20210125_000499	[王国再建団]オルシャ医療志願兵	[왕국 재건단] 오르샤 의료지원병				
QUEST_LV_0500_20210125_000500	常に最善を尽くすように努力しておりますが、死んでゆく兵士たちの姿を見るたびに胸が痛みます。{nl}どうか彼らの魂が女神アウシュリネに戻れるように願っております。	항상 최선을 다하고 있지만 죽어가는 병사들의 모습을 볼 때면 가슴이 아려오네요.{nl}부디 그들의 영혼이 아우슈리네 여신에게 돌아갈 수 있기를 바라고 있어요.				[왕국 재건단] 오르샤 의료지원병
QUEST_LV_0500_20210125_000501	[王国再建団]オルシャ伝令	[왕국 재건단] 오르샤 전령				
QUEST_LV_0500_20210125_000502	戦闘地域で兵士たちが見捨てられるようなことが起こらないように本部との連絡を続けなければなりません。{nl}しかし魔族たちの包囲網を突破することは並大抵のことではありませんね。	전투 지역에 병사들이 버려지지 않도록 본부와의 연락을 계속해야 합니다.{nl}그러나 마족들의 포위망을 뚫는 건 여간 쉬운일이 아니군요.				[왕국 재건단] 오르샤 전령
QUEST_LV_0500_20210125_000503	魔神ギルティネが残したもの	길티네가 남긴 것				
QUEST_LV_0500_20210125_000504	目を瞑る	눈을 감는다				
QUEST_LV_0500_20210125_000505	目を瞑らない	눈을 감지 않는다				
QUEST_LV_0500_20210125_000506	危機に瀕したオルシャ	위기에 빠진 오르샤				
QUEST_LV_0500_20210125_000507	オルシャを助ける	오르샤를 돕겠다고 한다				
QUEST_LV_0500_20210125_000508	もう少し悩む必要がある	생각이 필요하다고 한다				
QUEST_LV_0500_20210125_000509	女神の呼びかけ	여신의 부름				
QUEST_LV_0500_20210125_000510	調査開始(1)	조사 개시(1)				
QUEST_LV_0500_20210125_000511	もう少し時間が必要だ	조금 더 시간이 필요하다고 한다				
QUEST_LV_0500_20210125_000512	調査開始(2)	조사 개시(2)				
QUEST_LV_0500_20210125_000513	ランドルマの休憩所で会おう	란돌루마 쉼터에서 만나자고 한다				
QUEST_LV_0500_20210125_000514	調査開始(3)	조사 개시(3)				
QUEST_LV_0500_20210125_000515	アダタ街道に向かう	아다타 가도로 향하겠다고 한다				
QUEST_LV_0500_20210125_000516	他の仕事を先にやった後に来る	다른 일을 먼저 하고 오겠다고 한다				
QUEST_LV_0500_20210125_000517	彼らの目的は	그들의 목적은				
QUEST_LV_0500_20210125_000518	マルコス伐採地を調査する	말코스 벌목지를 조사하겠다고 한다				
QUEST_LV_0500_20210125_000519	重ね橋の森の採掘施設	덧댄다리 숲의 채굴 시설				
QUEST_LV_0500_20210125_000520	オルシャの回復が優先なので一緒に戦う	오르샤의 회복이 우선이니 함께 싸우겠다고 한다				
QUEST_LV_0500_20210125_000521	他の神たちと絡まりたくない。	더는 신들과 엮이고 싶지 않다고 한다				
QUEST_LV_0500_20210125_000522	オルシャを守るため	오르샤를 수호하기 위해				
QUEST_LV_0500_20210125_000523	オルシャに向かう魔族たちを阻止する。	오르샤로 가는 마족들을 저지하겠다고 한다				
QUEST_LV_0500_20210125_000524	他の場所の仕事を先に処理する。	다른 곳의 일을 우선 처리하겠다고 한다				
QUEST_LV_0500_20210125_000525	亀裂調査	균열 조사				
QUEST_LV_0500_20210125_000526	ジベニー大路に向かうところだ。	지베니 대로로 갈 참이었다고 한다				
QUEST_LV_0500_20210125_000527	他の場所の仕事を先に解決する。	다른 곳의 일을 먼저 해결하겠다고 한다				
QUEST_LV_0500_20210125_000528	魔力の根源	마력의 근원지				
QUEST_LV_0500_20210125_000529	モルコス農場に向かうつもりだ。	모르꼬스 농장으로 갈 생각이라고 한다				
QUEST_LV_0500_20210125_000530	今は再整備が必要だ。	지금은 재정비가 필요하다고 한다				
QUEST_LV_0500_20210125_000531	黒い水晶破壊	검은 수정 파괴				
QUEST_LV_0500_20210125_000532	女神ラダの祝福を使用する。	라다 여신의 축복을 사용한다				
QUEST_LV_0500_20210125_000533	危険そうなのでやめる。	위험해 보이니 그만둔다				
QUEST_LV_0500_20210125_000534	また別の黒い水晶	또 다른 검은 수정				
QUEST_LV_0500_20210125_000535	亀裂を調査する。	균열을 조사한다				
QUEST_LV_0500_20210125_000536	今は他のことをする。	지금은 다른 일을 한다				
QUEST_LV_0500_20210125_000537	最後の黒い水晶破壊	마지막 검은 수정 파괴				
QUEST_LV_0500_20210125_000538	黒い水晶を攻撃する。	검은 수정을 공격한다				
QUEST_LV_0500_20210125_000539	危険なのでやめる。	위험하니 그만둔다				
QUEST_LV_0500_20210125_000540	注視者の目的	주시자의 목적				
QUEST_LV_0500_20210125_000541	マティネス貯蔵所を破壊すると敵に大きなダメージを与えることができる。	머티니스 저장소를 파괴하면 적에게 큰 타격을 줄 수 있다고 한다				
QUEST_LV_0500_20210125_000542	まずは再整備する。	우선 재정비를 하겠다고 한다				
QUEST_LV_0500_20210125_000543	パウフィスの渡し場を占拠した勢力(1)	파우피스 나루를 점거한 세력들(1)				
QUEST_LV_0500_20210125_000544	パウフィスの渡し場の状況を聞きたい。	파우피스 나루의 상황을 듣고 싶다고 한다				
QUEST_LV_0500_20210125_000545	もっと緊急なことがある。	보다 더 급한 일이 있다고 한다				
QUEST_LV_0500_20210125_000546	パウフィスの渡し場を占拠した勢力(2)	파우피스 나루를 점거한 세력들(2)				
QUEST_LV_0500_20210125_000547	オルシャを攻撃した魔族たちを討伐する。	오르샤를 공격한 마족들을 처치하겠다고 한다				
QUEST_LV_0500_20210125_000548	今は急いでいかなければならない所がある。	지금은 급히 가봐야 할 곳이 있다고 한다				
QUEST_LV_0500_20210125_000549	パウフィスの渡し場を占拠した勢力(3)	파우피스 나루를 점거한 세력들(3)				
QUEST_LV_0500_20210125_000550	魔神ラガナの提案	라가나의 제안				
QUEST_LV_0500_20210125_000551	ロホンサの絶壁を調査しに行く。	로혼사 절벽을 조사하러 가겠다고 한다				
QUEST_LV_0500_20210125_000552	休憩する。	쉬어야겠다고 한다				
QUEST_LV_0500_20210125_000553	魔王ヴァイガの提案	바이가의 제안				
QUEST_LV_0500_20210125_000554	目的を聞く。	목적을 묻는다				
QUEST_LV_0500_20210125_000555	黙って場を離れる。	묵묵히 자리를 떠난다				
QUEST_LV_0500_20210125_000556	神樹の根元について聞く。	신수의 뿌리에 대해 묻는다				
QUEST_LV_0500_20210125_000557	マティネスのゆくえ(1)	머티니스의 행방(1)				
QUEST_LV_0500_20210125_000558	その間に周辺のマティネスの亀裂を調査する。	그동안 근처의 머티니스 균열을 조사하겠다고 한다				
QUEST_LV_0500_20210125_000559	ちょうど他の仕事があるので休んでいろ。	마침 다른 일이 있으니 쉬고 있으라고 한다				
QUEST_LV_0500_20210125_000560	マティネスのゆくえ(2)	머티니스의 행방(2)				
QUEST_LV_0500_20210125_000561	まずはゴッドベース街道に行く。	먼저 갓베스 가도로 가겠다고 한다				
QUEST_LV_0500_20210125_000562	急ぐ必要がない。	서두를 필요가 없다고 한다				
QUEST_LV_0500_20210125_000563	マティネスのゆくえ(3)	머티니스의 행방(3)				
QUEST_LV_0500_20210125_000564	良い意見だ。	좋은 의견이라고 한다				
QUEST_LV_0500_20210125_000565	あまりいい考えではない。	좋지 않은 생각이라고 한다				
QUEST_LV_0500_20210125_000566	[週間]殲滅 - 変異型モンスター	[주간] 섬멸 - 변이형 몬스터				
QUEST_LV_0500_20210125_000567	[週間]殲滅 - 昆虫、悪魔、植物型モンスター	[주간] 섬멸 - 곤충, 악마, 식물형 몬스터				
QUEST_LV_0500_20210125_000568	[週間]殲滅 - 野獣型モンスター	[주간] 섬멸 - 야수형 몬스터				
QUEST_LV_0500_20210125_000569	[週間]殲滅 - 大型モンスター	[주간] 섬멸 - 대형 몬스터				
QUEST_LV_0500_20210125_000570	[週間]殲滅 - 中型モンスター	[주간] 섬멸 - 중형 몬스터				
QUEST_LV_0500_20210125_000571	[週間]殲滅 - 小型モンスター	[주간] 섬멸 - 소형 몬스터				
QUEST_LV_0500_20210125_000572	[週間]殲滅 - オルシャ浄化	[주간] 섬멸 - 오르샤 정화				
QUEST_LV_0500_20210125_000573	[週間]征服 - ヴェルニケの破片ダンジョン	[주간] 정복 - 베르니케 파편 던전				
QUEST_LV_0500_20210125_000574	[週間]征服 - アシスターダンジョン	[주간] 정복 - 어시스터 던전				
QUEST_LV_0500_20210125_000575	[週間]征服 - 1人レイド	[주간] 정복 - 1인 레이드				
QUEST_LV_0500_20210125_000576	[週間]征服 - レジェンドレイド	[주간] 정복 - 레전드 레이드				
QUEST_LV_0500_20210125_000577	[週間]征服 - 週間ボスレイド	[주간] 정복 - 주간 보스 레이드				
QUEST_LV_0500_20210125_000578	[週間]先鋒 - 協同戦	[주간] 선봉 - 협동전				
QUEST_LV_0500_20210125_000579	[週間]先鋒 - レベルダンジョン	[주간] 선봉 - 레벨 던전				
QUEST_LV_0500_20210125_000580	[週間]先鋒 - チャレンジ	[주간] 선봉 - 챌린지				
QUEST_LV_0500_20210125_000581	[週間]先鋒 - 分裂特異点	[주간] 선봉 - 분열 특이점				
QUEST_LV_0500_20210125_000582	[デイリー]修復 - レンパリサ池	[일일] 수복 - 렘파라사 연못				
QUEST_LV_0500_20210125_000583	[デイリー]修復 - 重ね橋の森	[일일] 수복 - 덧댄다리 숲				
QUEST_LV_0500_20210125_000584	[デイリー]修復 - パウフィスの渡し場	[일일] 수복 - 파우피스 나루				
QUEST_LV_0500_20210125_000585	[デイリー]修復 - イサウゴティ森	[일일] 수복 - 이사우고티 숲				
QUEST_LV_0500_20210125_000586	[デイリー]修復 - キルティマス森	[일일] 수복 - 키르티마스 숲				
QUEST_LV_0500_20210125_000587	[デイリー]回収 - レンパリサ池	[일일] 회수 - 렘파라사 연못				
QUEST_LV_0500_20210125_000588	[デイリー]回収 - 重ね橋の森	[일일] 회수 - 덧댄다리 숲				
QUEST_LV_0500_20210125_000589	[デイリー]回収 - パウフィスの渡し場	[일일] 회수 - 파우피스 나루				
QUEST_LV_0500_20210125_000590	[デイリー]回収 - イサウゴティ森	[일일] 회수 - 이사우고티 숲				
QUEST_LV_0500_20210125_000591	[デイリー]回収 - キルティマス森	[일일] 회수 - 키르티마스 숲				
QUEST_LV_0500_20210125_000592	[反復]救援 - 世界 浄化	[반복] 구원 - 세계 정화				
QUEST_LV_0500_20210125_000593	[反復]救援 - レジェンドレイド	[반복] 구원 - 레전드 레이드				
QUEST_LV_0500_20210125_000594	[反復]救援 - チャレンジ	[반복] 구원 - 챌린지				
QUEST_LV_0500_20210125_000595	下準備	사전 준비				
QUEST_LV_0500_20210125_000596	方法を探して	방법을 찾아서				
QUEST_LV_0500_20210125_000597	思い浮かんだ人がいる。	생각나는 사람이 있다고 한다.				
QUEST_LV_0500_20210125_000598	よく分からない。	잘 모르겠다고 한다.				
QUEST_LV_0500_20210125_000599	マティネス 貯蔵所	머티니스 저장소				
QUEST_LV_0500_20210125_000600	イサウゴティ森にすぐ出発する。	이사우고티 숲으로 바로 출발하겠다고 한다.				
QUEST_LV_0500_20210125_000601	以夷制夷(1)	이이제이(1)				
QUEST_LV_0500_20210125_000602	少し待ってくれ。	잠시만 기다려달라고 한다.				
QUEST_LV_0500_20210125_000603	以夷制夷(2)	이이제이(2)				
QUEST_LV_0500_20210125_000604	伝えて来る。	전달하고 오겠다고 한다.				
QUEST_LV_0500_20210125_000605	まだやることが残っている。	아직 할 것이 남았다고 한다.				
QUEST_LV_0500_20210125_000606	以夷制夷(3)	이이제이(3)				
QUEST_LV_0500_20210125_000607	以夷制夷(4)	이이제이(4)				
QUEST_LV_0500_20210125_000608	マティネス貯蔵所を調査して来る。	머티니스 저장소를 살펴보고 오겠다고 한다.				
QUEST_LV_0500_20210125_000609	まだその時ではない。	아직 때가 아닌 것 같다고 한다.				
QUEST_LV_0500_20210125_000610	以夷制夷(5)	이이제이(5)				
QUEST_LV_0500_20210125_000611	発破	발파				
QUEST_LV_0500_20210125_000612	消滅したマティネス(1)	소멸한 머티니스(1)				
QUEST_LV_0500_20210125_000613	消滅したマティネス(2)	소멸한 머티니스(2)				
QUEST_LV_0500_20210125_000614	消滅したマティネス(3)	소멸한 머티니스(3)				
QUEST_LV_0500_20210125_000615	消滅したマティネス(4)	소멸한 머티니스(4)				
QUEST_LV_0500_20210125_000616	伝えに行く。	전하러 가겠다고 한다.				
QUEST_LV_0500_20210125_000617	まだここでやるべきことが残っている。	아직 이곳에 볼일이 남았다고 한다.				
QUEST_LV_0500_20210125_000618	消滅したマティネス(5)	소멸한 머티니스(5)				
QUEST_LV_0500_20210125_000619	終わらない威脅	끝나지 않은 위협				
QUEST_LV_0500_20210125_000620	王国再建団	왕국 재건단				
QUEST_LV_0500_20210125_000621	王国再建団を助ける。	왕국 재건단을 후원하고 돕겠다고 한다				
QUEST_LV_0500_20210125_000622	彼らを信用できない。	당신들을 믿을 수 없다고 한다				
QUEST_LV_0500_20210125_000623	ライマの聖域で女神ライマに会う。	라이마의 성소에서 라이마를 만나기				
QUEST_LV_0500_20210125_000624	ライマの聖域に女神ライマに会ってください。	라이마의 성소에서 라이마를 만나세요				
QUEST_LV_0500_20210125_000625	祭壇に近寄る。	제단으로 다가가기				
QUEST_LV_0500_20210125_000626	ライマの聖域の内部に到達しました。{nl}祭壇に近寄ってください。	라이마의 성소 내부로 들어왔습니다{nl}제단으로 다가가세요				
QUEST_LV_0500_20210125_000627	白き魔女の森(ユニーク)で調査を行う。	하얀 마녀의 숲(유니크)에서 조사를 진행하기.	QUEST_LV_0500_20200724_000201	白き魔女の森で調査を進める	하얀 마녀의 숲에서 조사를 진행하기.	
QUEST_LV_0500_20210125_000628	オルシャの領主イネッサ・へモンデールを訪ねる。	오르샤의 영주 이네사 헤먼데일을 찾아가기				
QUEST_LV_0500_20210125_000629	オルシャに異変が起こりました。{nl}オルシャの領主イネッサ・へモンデールは啓示者たちを含むあなたに助けを求めるためあなたを探しています。	오르샤에 이변이 일어났습니다{nl}오르샤의 영주인 이네사 헤먼데일은 계시자들을 비롯한 당신에게 급한 도움을 부탁하기 위해 당신을 찾고 있습니다				
QUEST_LV_0500_20210125_000630	オルシャに異変が起こりました。{nl}オルシャの領主イネッサ・へモンデールは啓示者たちを含むあなたに助けを求めるためあなたを探しています。	오르샤에 이변이 일어났습니다{nl}오르샤의 영주인 이네사 헤먼데일은 계시자들을 비롯한 당신에게 급한 도움을 부탁하기 위해 당신을 찾고있습니다				
QUEST_LV_0500_20210125_000631	オルシャに異変が起こりました。{nl}オルシャの領主イネッサ・へモンデールは啓示者たちを含むあなたに助けを求めるためあなたを探しています。	오르샤에 이변이 일어났습니다{nl}오르샤의 영주인 이네사 헤먼데일은 계시자들을 비롯, 당신에게 급한 도움을 부탁하기 위해 당신을 찾고있습니다				
QUEST_LV_0500_20210125_000632	ライマの聖域で女神ラダに会う。{nl}ライマの聖域はクラペダ、オルシャ、フェディミアンの女神像で移動できます。	라이마의 성소에서 라다 여신을 만나기{nl}라이마의 성소는 클라페다, 오르샤, 페디미안의 여신상으로 이동할 수 있습니다				
QUEST_LV_0500_20210125_000633	イネッサ・へモンデールは本格的な戦闘の前に、誰かが啓示者を探しているのでライマの聖域に向かってみることを提案しました。{nl}クラペダ、オルシャ、フェディミアンの女神像を利用してライマの聖域に移動してください。	이네사 헤먼데일은 본격적인 전투에 앞서, 당신을 찾는 존재가 있으니 라이마의 성소로 가보라고 합니다{nl}클라페다, 오르샤, 페디미안의 여신상을 이용해 라이마의 성소로 이동하세요				
QUEST_LV_0500_20210125_000634	レンパリサ池で女神ラダを探す。	렘파라사 연못에서 라다 여신을 찾기				
QUEST_LV_0500_20210125_000635	女神ラダはレンパリサ池で待っています。{nl}レンパリサ池で女神ラダと会話してください。	라다 여신은 렘파라사 연못에서 기다리고 있습니다{nl}렘파라사 연못에서 라다 여신과 대화하세요				
QUEST_LV_0500_20210125_000636	女神ラダと会話する。	라다 여신과 대화하기				
QUEST_LV_0500_20210125_000637	ここでやるべきことを確認するため女神ラダと会話してください。	이곳에서 해야 할 일을 찾기 위해 라다 여신과 대화하세요				
QUEST_LV_0500_20210125_000638	周辺の魔族を討伐して魔族が集めているものを探す。	주변의 마족을 처치하여 마족이 모으고 있는 물건을 찾아오기				
QUEST_LV_0500_20210125_000639	女神ラダは周辺の魔族を討伐して魔族たちがオルシャ周辺で集めているものについて調べてくることを頼みました。	라다 여신은 주변의 마족을 처치하고 마족들이 오르샤 일대에서 모으고 있는 것을 알아 와 주길 부탁했습니다				
QUEST_LV_0500_20210125_000640	魔族が集めているものと推測される正体不明の鉱石を獲得しました。{nl}持ち帰り女神ラダにこの正体不明の物質を渡しましょう。	마족이 모으고 있는 물건으로 추정되는 정체불명의 광석을 획득했습니다{nl}라다 여신에게 가져가 정체불명의 물질을 보여주세요				
QUEST_LV_0500_20210125_000641	魔族たちを討伐すると、彼らの所持品の中から正体不明の鉱石を発見しました。{nl}一目見ても危険そうな鉱石です。{nl}持ち帰り女神ラダに渡して正体を聞いてみましょう。	마족들을 처치하자 그들의 소지품 속에서 정체불명의 광석을 발견했습니다{nl}한 눈에 보기에도 위험해 보이는 광석입니다{nl}라다 여신에게 가져가 정체를 물어보세요				
QUEST_LV_0500_20210125_000642	%s討伐後に目的達成	%s 처치 후 목표 획득				
QUEST_LV_0500_20210125_000643	女神ラダに次にやることについて聞いてみましょう。	라다 여신에게 다음 해야 할 일에 관해 물어보세요				
QUEST_LV_0500_20210125_000644	ランドルマの休憩所で女神ラダの魔族尋問を手伝う。	란돌루마 쉼터에서 라다 여신의 마족 심문을 돕기				
QUEST_LV_0500_20210125_000645	女神ラダはオルシャに侵攻した魔族たちの計画を暴くため、魔族たちを利用することにします。{nl}ランドルマの休憩所の隅っこで魔族たちを調査してください。	라다 여신은 오르샤를 침공한 마족들의 계획을 밝히기 위해 마족들을 이용하자고 합니다{nl}란돌루마 쉼터의 외진 곳에서 마족들을 조사하세요				
QUEST_LV_0500_20210125_000646	魔族たちを討伐し、女神ラダが魔族の魂から記憶を読み取りました。{nl}女神ラダが何に気づいたか聞いてみて下さい。	마족들을 처치하고 라다 여신이 마족의 영혼을 통해 기억을 읽어냈습니다{nl}라다 여신이 무엇을 알아냈는지 물어보세요				
QUEST_LV_0500_20210125_000647	女神ラダが深く考え込んでいます。{nl}女神ラダに魔族たちの魂から読み取った記憶が何なのか聞いてみて下さい。	라다 여신이 생각에 잠겨 있습니다{nl}라다 여신에게 마족들의 영혼으로부터 읽은 기억이 무엇인지 물어보세요				
QUEST_LV_0500_20210125_000648	魔族たちの魂を集めてアダタ街道にいる女神ラダに持っていく。	마족들의 영혼을 모아 아다타 가도에 있는 라다 여신에게 가져가기				
QUEST_LV_0500_20210125_000649	女神ラダは魔族たちの魂から注視者の気配を感じ取りました。{nl}注視者が絡んでいる分、状況はより深刻であるため、女神ラダは更に多くの情報が必要だそうです。{nl}アダタ街道で魔族を討伐して残留した魔族の魂に女神ラダの祝福を使用すると、魔族の魂が浄化され女神ラダが魂の記憶を読み取れるようになります。	라다 여신은 마족들의 영혼으로부터 주시자의 기운을 읽었습니다{nl}주시자가 엮여 있는 만큼 더 심각해진 상황에 라다 여신은 더 많은 정보가 필요하다고 합니다{nl}아다타 가도에서 마족을 처치하고 잔류한 마족의 영혼에 라다 여신의 축복을 사용하면, 마족의 영혼이 정화되어 라다 여신이 영혼의 기억을 읽을 수 있습니다				
QUEST_LV_0500_20210125_000650	女神ラダに結果を聞く。	라다 여신에게 결과를 묻기				
QUEST_LV_0500_20210125_000651	十分な魔族の魂を浄化させ、女神ラダに送りました。{nl}女神ラダと会って確認してことについて聞いてください。	충분한 마족의 영혼을 정화했고 라다 여신에게 보냈습니다{nl}라다 여신에게 찾아가 알아낸 게 있는지 물어보세요				
QUEST_LV_0500_20210125_000652	女神ラダと次の目標について話してください。	라다 여신과 다음 목표에 관해 이야기하세요				
QUEST_LV_0500_20210125_000653	女神ラダは魔族の記憶から注視者の目的を知ることができました。{nl}女神ラダと次の目標について話し合ってください。	라다 여신은 마족의 기억으로부터 주시자의 목적을 알아냈습니다{nl}라다 여신과 다음 목표에 관해 이야기하세요				
QUEST_LV_0500_20210125_000654	マルコス伐採地で正体不明の亀裂を調査する。	말코스 벌목지에서 정체불명의 균열을 조사하기				
QUEST_LV_0500_20210125_000655	一方、女神ラダは魔族の記憶から見慣れない亀裂を目撃したそうだ。{nl}女神ラダは先に重ね橋の森に向かったので、マルコス伐採地を調査したあと、何かを発見したら重ね橋の森で女神ラダに会って渡そう。	라다 여신은 한편으로, 마족의 기억으로부터 낯선 균열을 목격했다고 한다{nl}라다 여신은 먼저 덧댄다리 숲으로 향했으니 말코스 벌목지를 조사 후 무엇이든 발견하면 덧댄다리 숲에서 라다 여신을 만나 건네주자				
QUEST_LV_0500_20210125_000656	重ね橋の森で女神ラダに会う。	덧댄다리 숲에서 라다 여신을 만나기				
QUEST_LV_0500_20210125_000657	正体不明の亀裂を調査中に出現したリープスナファイヤーバグを討伐しリープスナファイヤーバグの頭に生えた水晶を一部取り外しました。{nl}持ち帰り女神ラダに見せた方が良さそうです。	정체불명의 균열을 조사 중 나타난 리프스나 파이어버그를 처치했고, 리프스나 파이어버그의 머리에 솟아난 수정을 일부 떼어냈습니다{nl}라다 여신에게 가져가 보여주는 게 좋겠습니다				
QUEST_LV_0500_20210125_000658	マルコス伐採地を調査後に証拠獲得	말코스 벌목지 조사 후 증거 획득				
QUEST_LV_0500_20210125_000659	襲撃した%s討伐	습격한 %s 처치				
QUEST_LV_0500_20210125_000660	女神ラダに重ね橋の森での計画を聞く。	라다 여신에게 덧댄 다리 숲에서의 계획을 듣기				
QUEST_LV_0500_20210125_000661	無事重ね橋の森に到着しました。{nl}女神ラダは先にここに到着して重ね橋の森の状況を把握したようです。{nl}持ち帰った水晶の欠片に関する情報と女神ラダが何を目撃したかについて聞いてください。	무사히 덧댄다리 숲에 도착했습니다{nl}라다 여신은 앞서 이곳에 와서 덧댄다리 숲의 정황을 살핀 듯합니다{nl}당신이 가져온 수정 조각에 대한 것과 라다 여신이 무엇을 봤는지 물어보세요				
QUEST_LV_0500_20210125_000662	重ね橋の森にはレンパリサ池で目撃した亀裂がより多くあるように見えます。{nl}相変わらず光と煙を吐き出す亀裂の中で、魔族たちがマティネスを採掘中であることを確認しました。{nl}女神ラダと話してください。	덧댄다리 숲에는 렘파라사 연못에서 보았던 균열이 더 많아 보입니다{nl}여전히 빛과 연기를 뿜어내는 균열 속에서 마족들이 머티니스를 채굴 중이었습니다{nl}라다 여신과 대화하세요				
QUEST_LV_0500_20210125_000663	女神ラダは過去の過ちにケリをつけるため、啓示者であるあなたはオルシャを守護する任務のために一緒に行動することになりました。{nl}女神ラダに計画について聞いてください。	라다 여신은 과거 일로, 당신은 오르샤 수호의 임무로 함께 움직이기로 했습니다{nl}라다 여신에게 계획을 물어보세요				
QUEST_LV_0500_20210125_000664	重ね橋の森進入路の魔族討伐	덧댄다리 숲 진입로의 마족 처치				
QUEST_LV_0500_20210125_000665	啓示者であるあなたは重ね橋の森の魔族たちがレンパリサ池に移動することを阻止するため、魔族たちを討伐しなければなりません。	당신은 덧댄다리 숲의 마족들이 렘파라사 연못으로 이동하는 걸 저지하기 위해 마족들을 처치해야 합니다				
QUEST_LV_0500_20210125_000666	女神ラダに会いに帰る。	라다 여신에게 돌아가기				
QUEST_LV_0500_20210125_000667	重ね橋の森とレンパリサ池に繋がる通路付近の魔族たちを一部討伐しました。{nl}女神ラダに会いに戻ってください。	덧댄다리 숲과 렘파라사 연못이 이어진 통로 부근 마족들을 일부 정리했습니다{nl}라다 여신에게 돌아가세요				
QUEST_LV_0500_20210125_000668	進入路の魔族討伐	진입로의 마족 처치				
QUEST_LV_0500_20210125_000669	レンパリサ池に通じる進入路は整理しました。{nl}啓示者であるあなたはこれから重ね橋の森의魔族たちを討伐しなければなりませんが、今後も女神ラダが共に行動する予定か聞いてください。	렘파라사 연못으로 가는 진입로는 정리했습니다{nl}당신은 이제 덧댄 다리 숲의 마족들을 소탕해야 하며, 라다 여신에게 가는 길이 같을지 이야기해 보세요				
QUEST_LV_0500_20210125_000670	ジベニー大路のマティネスの亀裂調査	지베니 대로의 머티니스 균열 조사하기				
QUEST_LV_0500_20210125_000671	女神ラダはマティネスを回収するため、ジベニー大路に向かったようです。{nl}啓示者であるあなたも同じく、重ね橋の森の深い場所に向かうためにはそこを通り過ぎなければなりません。{nl}その場所にはちょうどマティネスの亀裂があるので調査する価値があります。	라다 여신은 머티니스 회수를 위해 지베니 대로로 향한다고 합니다{nl}당신 역시, 덧댄다리 숲의 깊은 곳으로 들어가기 위해서는 그곳을 지나야만 합니다{nl}마침 그곳에는 머티니스 균열이 있으니 조사할 가치가 있습니다				
QUEST_LV_0500_20210125_000672	ジベニー大路の上側で女神ラダに会う。	지베니 대로 위쪽에서 라다 여신을 만나기				
QUEST_LV_0500_20210125_000673	マティネスの亀裂を調査しました。{nl}ちょうど女神ラダもジベニー大路の上側に到着したようです。{nl}女神ラダに会いましょう。	머티니스 균열을 조사했습니다{nl}마침 라다 여신도 지베니 대로 위쪽에 도착했습니다{nl}라다 여신을 만나세요				
QUEST_LV_0500_20210125_000674	女神ラダに魔力の正体について聞く。	라다 여신에게 마력의 정체에 관해 묻기				
QUEST_LV_0500_20210125_000675	女神ラダは亀裂を溶かしている魔力の正体が注視者の魔力だと答えました。{nl}女神ラダの話をもう少し聞いてください。	라다 여신은 균열을 녹이고 있는 마력의 정체가 주시자의 마력이라고 했습니다{nl}라다 여신의 이야기를 더 들어보세요				
QUEST_LV_0500_20210125_000676	ブヴィルビッテ橋を渡りモルコス農場で魔力の根源を探す。	부뷜비떼 다리를 건너 모르꼬스 농장에서 마력의 근원지를 찾기				
QUEST_LV_0500_20210125_000677	女神ラダはマティネスの採掘を阻止するため、魔力の根源を探し出し破壊する必要があると言いました。{nl}女神ラダが落とした祝福で魔力の根源を探し出すことができそうです。	라다 여신은 머티니스 채굴을 막기 위해 마력의 근원지를 찾아 파괴할 필요가 있다고 합니다{nl}라다 여신이 떨어뜨린 축복으로 마력의 근원지를 찾을 수 있을 듯합니다				
QUEST_LV_0500_20210125_000678	注視者の黒い水晶を確認する。	주시자의 검은 수정을 확인하기				
QUEST_LV_0500_20210125_000679	女神ラダの祝福を利用して注視者の黒い水晶を探し出すことができました。{nl}破壊することができるか試してみて下さい。	라다 여신의 축복을 이용해 주시자의 검은 수정을 찾을 수 있었습니다{nl}파괴가 가능할지 살펴보세요				
QUEST_LV_0500_20210125_000680	注視者の黒い水晶を破壊する。	주시자의 검은 수정을 파괴하기				
QUEST_LV_0500_20210125_000681	女神ラダの祝福を使用して黒い水晶を破壊する。	라다 여신의 축복을 사용해 검은 수정을 파괴하기				
QUEST_LV_0500_20210125_000682	マティネスの亀裂を確認する。	머티니스 균열을 확인하기				
QUEST_LV_0500_20210125_000683	女神ラダの祝福が注視者の黒い水晶を破壊することに成功しました。{nl}マティネスの亀裂が固まったか確認してください。	라다 여신의 축복이 주시자의 검은 수정을 파괴하는 데 성공했습니다{nl}머티니스 균열이 굳었는지 확인해보세요				
QUEST_LV_0500_20210125_000684	マティネスの亀裂をもう一度調査する。	머티니스 균열을 다시 조사하기				
QUEST_LV_0500_20210125_000685	モルコス農場で注視者の黒い水晶を破壊しましたが、ジベニー大路のマティネスの亀裂は相変わらず沸いてました。{nl}ほかの黒い水晶があることは明確です。{nl}マティネスの亀裂を調査して手がかりを獲得しましょう。	모르꼬스 농장에서 주시자의 검은 수정을 파괴했지만 지베니 대로의 머티니스 균열은 여전히 끓고 있었습니다{nl}다른 검은 수정이 있는 게 분명합니다{nl}머티니스 균열을 조사해 단서를 얻으세요				
QUEST_LV_0500_20210125_000686	ボナン森の道で女神ラダの祝福を使用して注視者の黒い水晶を探す。	보난 숲길에서 라다 여신의 축복을 사용해 주시자의 검은 수정 찾기				
QUEST_LV_0500_20210125_000687	マティネスの亀裂に染み込む魔力がいまだに感じられます。{nl}まだ調査していないボナン森の道で注視者の黒い水晶を探してみて下さい。	머티니스 균열로 스며드는 마력이 여전히 느껴집니다{nl}아직 조사하지 않은 보난 숲길에서 주시자의 검은 수정을 찾아보세요				
QUEST_LV_0500_20210125_000688	ボナン森の道で注視者の黒い水晶を探し出しました。{nl}もう一度女神ラダの祝福を使用して注視者の黒い水晶を破壊してください。	보난 숲길에서 주시자의 검은 수정을 찾아냈습니다{nl}다시 라다 여신의 축복을 사용하여 주시자의 검은 수정을 파괴하세요				
QUEST_LV_0500_20210125_000689	黒い水晶を破壊する。	검은 수정을 파괴하기				
QUEST_LV_0500_20210125_000690	女神ラダの祝福を失いましたが、どうにか注視者の黒い水晶を破壊しなければなりません。{nl}注視者の黒い水晶を破壊してください。	라다 여신의 축복을 잃었지만, 어떻게든 주시자의 검은 수정을 파괴해야만 합니다{nl}주시자의 검은 수정을 파괴하세요				
QUEST_LV_0500_20210125_000691	襲撃した魔族たちを討伐する。	습격한 마족들을 처치하기				
QUEST_LV_0500_20210125_000692	女神ラダはマティネスの採掘を阻止するため、注視者の黒い水晶を破壊するつもりです。{nl}その間にオルシャに侵攻した魔族たちを倒しましょう。	라다 여신은 머티니스 채굴을 막기 위해 주시자의 검은 수정을 파괴할 생각입니다{nl}당신은 오르샤를 침공한 마족들을 처리하세요				
QUEST_LV_0500_20210125_000693	オルシャに侵攻した魔族たちを相手にしている間、女神ラダは自分の目標を達成したようです。{nl}女神ラダと会話してください。	당신이 오르샤를 침공한 마족들을 상대하는 동안 라다 여신은 자신의 목표를 이룬 듯합니다{nl}라다 여신과 대화하세요				
QUEST_LV_0500_20210125_000694	女神ラダと会話してください。	라다 여신과 대화하세요				
QUEST_LV_0500_20210125_000695	女神ラダが最後の黒い水晶を破壊することに成功しました。{nl}女神ラダと話してください。	라다 여신이 마지막 검은 수정을 파괴하는 데 성공했습니다{nl}라다 여신과 이야기하세요				
QUEST_LV_0500_20210125_000696	パウフィスの渡し場に行くためボナン森の道の上り坂を登る。	파우피스 나루로 가기 위해 보난 숲길의 윗길로 올라가기				
QUEST_LV_0500_20210125_000697	女神ラダはマティネスの回収のため、啓示者であるあなたは魔族の野望を阻止するため、マティネス貯蔵所を探し破壊しなければなりません。{nl}森の深くに進むため、今はパウフィスの渡し場に向かう必要があります。	머티니스 저장소를 찾아 라다 여신은 머티니스의 회수를 위해, 당신은 마족의 목적을 무산시키기 위해 파괴해야합니다{nl}숲 깊이 들어가기 위해 지금은 파우피스 나루로 향해야 합니다				
QUEST_LV_0500_20210125_000698	女神ラダはマティネスの回収のため、啓示者であるあなたは魔族の野望を阻止するため、マティネス貯蔵所を探し破壊しなければなりません。{nl}森の深くに進むため、今はパウフィスの渡し場に向かう必要があります。	머티니스 저장소를 찾아 라다 여신은 머티니스의 회수를 위해, 당신은 마족의 목적을 무산시키기 위해 파괴해야 합니다{nl}숲 깊이 들어가기 위해 지금은 파우피스 나루로 향해야 합니다				
QUEST_LV_0500_20210125_000699	ダルバススマッシャー討伐	다르바스 스매셔 처치				
QUEST_LV_0500_20210125_000700	パウフィスの渡し場を占拠した勢力たち	파우피스 나루를 점거한 세력들				
QUEST_LV_0500_20210125_000701	パウフィスの渡し場で女神ラダに会う。	파우피스 나루에서 라다 여신을 만나기				
QUEST_LV_0500_20210125_000702	女神ラダは消えた注視者を追いました。{nl}森の更に奥深くに行ったはずなので、パウフィスの渡し場に向かい女神ラダに会ってください。	사라진 주시자를 라다 여신이 쫓아갔습니다{nl}숲의 더 깊은 곳으로 갔을 테니 파우피스 나루로 가서 라다 여신을 만나세요				
QUEST_LV_0500_20210125_000703	女神ラダと話する。	라다 여신과 이야기하기				
QUEST_LV_0500_20210125_000704	パウフィスの渡し場では魔族たちがお互い対地状態です。{nl}女神ラダと会話してください。	파우피스 나루에는 마족들끼리 서로 대치 중입니다{nl}라다 여신과 이야기하세요				
QUEST_LV_0500_20210125_000705	パウフィスの渡し場の状況を女神ラダから聞きました。{nl}今後それぞれやるべきことが何なのか、女神ラダと話し合ってください。	파우피스 나루의 상황을 라다 여신으로부터 들었습니다{nl}여기서부터 각자 할 일이 무엇일지 라다 여신과 이야기하세요				
QUEST_LV_0500_20210125_000706	人影のない津の渡りで魔族たちを討伐して上級者の証票を獲得する。	인적없는 나루터에서 마족들을 처치하고 상급자의 증표 획득하기				
QUEST_LV_0500_20210125_000707	裏で糸を引いてカルタスの部下を動かしている存在が誰か確認しなければなりません。{nl}ビブリオテーケーキーパーを討伐して彼らが持っている上級者の証票を回収してください。	카르타스의 부하를 움직이는 존재가 누구인지 확인해야 합니다{nl}비블리오테카 키퍼를 처치하고 그들이 가지고 있는 상급자의 증표를 회수하세요				
QUEST_LV_0500_20210125_000708	ビブリオテーケーキーパーを討伐して上級者の証票獲得。	비블리오테카 키퍼를 처치하고 상급자의 증표 획득				
QUEST_LV_0500_20210125_000709	ファスラブ隠居地で魔族たちを討伐して上級者の証票を獲得する。	파슬랍 은거지에서 마족들을 처치하고 상급자의 징표를 얻기				
QUEST_LV_0500_20210125_000710	人影のない津の渡りで魔族たちを討伐して上級者の証票を集めました。{nl}ファスラブ隠居地を占拠している魔族たちを討伐してファスラブ隠居地の魔族たちから上級者の証票を集めてください。	인적 없는 나루터에서 마족들을 처치하고 상급자의 징표를 모았습니다{nl}파슬랍 은거지를 점거하고 있는 마족들을 처치하고 파슬랍 은거지 마족들의 상급자 징표를 모으세요				
QUEST_LV_0500_20210125_000711	ファスラブ隠居地に来た女神ラダと話してください。	파슬랍 은거지로 온 라다 여신과 이야기하세요				
QUEST_LV_0500_20210125_000712	二つの勢力の上級者の証票を十分に集めました。{nl}ファスラブ隠居地にちょうど到着した女神ラダと話してください。	두 세력의 상급자 징표를 충분히 모았습니다{nl}마침 파슬랍 은거지로 온 라다 여신과 이야기하세요				
QUEST_LV_0500_20210125_000713	ヴィンメディスを討伐して上級者の証票獲得。	빈미디스를 처치하고 상급자의 징표 획득				
QUEST_LV_0500_20210125_000714	女神ラダから魔族たちを動かしているのはそれぞれ魔王ヴァイガと魔神ラガナであることを確認しました。{nl}女神ラダと会話を続けてください。	라다 여신으로부터 마족들을 움직이고 있는 건 각각 마왕 바이가와 마신 라가나임을 확인했습니다{nl}라다 여신과 계속 이야기하세요				
QUEST_LV_0500_20210125_000715	ロホンサの絶壁を調査する。	로혼사 절벽을 조사하기				
QUEST_LV_0500_20210125_000716	魔神ラガナと魔王ヴァイガがどのような目的をもっていたとしても、マティネスが魔族の手に入ることは阻止しなければなりません。{nl}できるだけ早くマティネス貯蔵所を探し出すため、パウフィスの渡し場を調査する必要があります。{nl}ロホンサの絶壁を調査してください。	라가나와 바이가가 어떤 목적이든 머티니스가 마족의 손에 넘어가는 건 막아야 할 일입니다{nl}서둘러 머티니스 저장소를 찾기 위해 파우피스 나루를 조사해야 합니다{nl}로혼사 절벽을 조사하세요				
QUEST_LV_0500_20210125_000717	女神ラダと魔神ラガナを追い監視塔に向かう。	라다 여신과 라가나를 쫓아 감시탑으로 가기				
QUEST_LV_0500_20210125_000718	魔神ラガナは消え、女神ラダは彼女を追うため先に立ち去りました。{nl}二人の気配が監視塔側で感じられるため、監視塔に向かいましょう。	라가나가 사라지자 라다 여신이 쫓기 위해 사라졌습니다{nl}둘의 기운이 감시탑 쪽으로 사라졌으니 감시탑으로 쫓아가야 합니다				
QUEST_LV_0500_20210125_000719	魔王ヴァイガと会話してください。	바이가와 대화하세요				
QUEST_LV_0500_20210125_000720	魔神ラガナと女神ラダを追いかけてきましたが、監視塔で会ったのは魔王ヴァイガでした。{nl}魔王ヴァイガが何故ここにいるかは分かりませんが少なくとも今の魔王ヴァイガが戦うつもりには見えません。{nl}魔王ヴァイガと話してみた方が良さそうです。	라가나와 라다 여신을 쫓아왔지만 감시탑에서 만난 건 다름아닌 마왕 바이가였습니다{nl}바이가가 왜 이곳에 있는지는 모르지만, 적어도 지금 바이가는 싸울 생각이 있어 보이지 않습니다{nl}바이가와 대화를 해보는 게 좋겠습니다				
QUEST_LV_0500_20210125_000721	魔神ラガナと女神ラダを追いかけてきましたが、監視塔で会ったのは魔王ヴァイガでした。{nl}魔王ヴァイガが何故ここにいるかは分かりませんが、少なくとも今の魔王ヴァイガが戦うつもりには見えません。{nl}魔王ヴァイガと話してみた方が良さそうです。	라가나와 라다 여신을 쫓아왔지만, 감시탑에서 만난 건 다름 아닌 마왕 바이가였습니다{nl}바이가가 왜 이곳에 있는지는 모르지만, 적어도 지금 바이가는 싸울 생각이 있어 보이지 않습니다{nl}바이가와 대화를 해보는 게 좋겠습니다				
QUEST_LV_0500_20210125_000722	監視塔の右側の道に向かい女神ラダを追いかける。	감시탑의 오른쪽 길로 라다 여신을 쫓아가기				
QUEST_LV_0500_20210125_000723	魔王ヴァイガは以前のようにあなたにもう一度交渉を提案しました。{nl}信頼することはできませんが、現段階で彼と敵対することはよい判断には見えません。{nl}今は女神ラダを探し出すことが優先です。	바이가는 당신에게 이전처럼 또다시 협상을 제안했습니다{nl}믿을 수 있는 건 아니지만, 현재로서는 그와 대적해서 좋을 게 없습니다{nl}지금은 라다 여신을 찾는 게 우선입니다				
QUEST_LV_0500_20210125_000724	女神ラダに魔王ヴァイガと話し合ったことを伝えてください。	라다 여신에게 바이가와 나누었던 이야기를 전하세요				
QUEST_LV_0500_20210125_000725	周辺のマティネスの亀裂を調査する。	근처의 머티니스의 균열을 조사하기				
QUEST_LV_0500_20210125_000726	女神ラダは魔神ラガナとの衝突以後、回復のための時間が必要と思われます。{nl}ちょうど採掘された跡が残っているマティネスの亀裂が付近にあります。{nl}手掛かりになりそうなものがあるか確認してください。	라다 여신은 라가나와의 충돌 이후 잠시동안 회복이 필요해 보입니다{nl}마침 근처에는 채굴한 흔적이 있는 머티니스 균열이 있습니다{nl}단서가 될만한 게 있는지 확인해 보세요				
QUEST_LV_0500_20210125_000727	女神ラダに戻り調査した結果を教える。	라다 여신에게 돌아가 조사한 결과를 알려주기				
QUEST_LV_0500_20210125_000728	周辺のマティネスの亀裂を調査した結果、マティネスを運んだ跡とその方向を確認すことができました。{nl}女神ラダに戻り調査結果を伝えてください。	근처의 머티니스 균열을 조사한 결과 머티니스를 옮긴 흔적과 그 방향을 알아냈습니다{nl}라다 여신에게 돌아가 조사 결과를 알려주세요				
QUEST_LV_0500_20210125_000729	女神ラダの状態について聞く。	라다 여신의 상태를 묻기				
QUEST_LV_0500_20210125_000730	周辺のマティネスの亀裂を調査したことにより、採掘されたマティネスがゴッドベース街道に向かったことが明確になりました。{nl}ここを立ち去る前に女神ラダの状態を確認してください。	주변 머티니스 균열 조사로 채굴된 머티니스가 갓베스 가도를 향해 갔다는 사실을 알아냈습니다{nl}자리를 뜨기 전에, 라다 여신의 상태를 확인하세요				
QUEST_LV_0500_20210125_000731	ゴッドベース街道のマティネスの亀裂調査	갓베스 가도의 머티니스 균열 조사				
QUEST_LV_0500_20210125_000732	女神ラダが回復するにはもう少し時間が必要です。{nl}しかし、時間の余裕がないため先にゴッドベース街道に向かうことにします。	라다 여신은 조금 더 회복할 시간이 필요합니다{nl}그러나 시간이 많지 않은 만큼 당신은 먼저 갓베스 가도로 향해야 합니다				
QUEST_LV_0500_20210125_000733	マティネスの亀裂を調査	머티니스 균열을 조사하기				
QUEST_LV_0500_20210125_000734	ゴッドベース街道での乱戦で無事勝利しました。{nl}マティネスの亀裂を調査してください。	갓베스 가도의 난전을 무사히 정리했습니다{nl}머티니스 균열을 조사하세요				
QUEST_LV_0500_20210125_000735	イサウゴティ森の入口で女神ラダと会う。	이사우고티 숲 입구에서 라다 여신을 만나기				
QUEST_LV_0500_20210125_000736	車輪の跡がイサウゴティ森の方向に向かっています。{nl}イサウゴティ森の入口で女神ラダに会いましょう。	수레의 바퀴 자국이 이사우고티 숲을 향하고 있습니다{nl}이사우고티 숲 입구에서 라다 여신을 만나세요				
QUEST_LV_0500_20210125_000737	ライマの聖域で女神ラダに会う。	라이마의 성소에서 라다 여신을 만나기				
QUEST_LV_0500_20210125_000738	魔神ラガナと戦闘を行った女神ラダ、そして今まで戦闘を繰り返してきた啓示者は、体制を整えるための休憩が必要だと判断しました。{nl}安全なライマの聖域に戻り女神ラダを訪ねてください。	계속된 전투로 당신은 물론, 라가나와의 전투를 겪은 라다 여신은 재정비가 필요하다고 판단했습니다{nl}안전한 라이마의 성소로 돌아가 라다 여신을 찾으세요				
QUEST_LV_0500_20210125_000739	Episode13地域で変異型モンスター2000匹討伐	Episode13 지역에서 변이형 몬스터 2000마리 처치				
QUEST_LV_0500_20210125_000740	Episdoe13地域の変異型モンスター討伐	Episdoe13 지역의 변이형 몬스터 처치				
QUEST_LV_0500_20210125_000741	Episode13地域で昆虫、悪魔、植物型モンスター2000匹討伐	Episode13 지역에서 곤충, 악마, 식물형 몬스터 2000마리 처치				
QUEST_LV_0500_20210125_000742	Episode13地域の昆虫、悪魔、植物型モンスター討伐	Episode13 지역의 곤충, 악마, 식물형 몬스터 처치				
QUEST_LV_0500_20210125_000743	Episode13地域で野獣型モンスター2000匹討伐	Episode13 지역에서 야수형 몬스터 2000마리 처치				
QUEST_LV_0500_20210125_000744	Episode13地域の野獣型モンスター討伐	Episode13 지역의 야수형 몬스터 처치				
QUEST_LV_0500_20210125_000745	Episode13地域で大型モンスター3000匹討伐	Episode13 지역에서 대형 몬스터 3000마리 처치				
QUEST_LV_0500_20210125_000746	Episode13地域の大型モンスター討伐	Episode13 지역의 대형 몬스터 처치				
QUEST_LV_0500_20210125_000747	Episode13地域で中型モンスター3000匹討伐	Episode13 지역에서 중형 몬스터 3000마리 처치				
QUEST_LV_0500_20210125_000748	Episode13地域の中型モンスター討伐	Episode13 지역의 중형 몬스터 처치				
QUEST_LV_0500_20210125_000749	Episode13地域で小型モンスター3000匹討伐	Episode13 지역에서 소형 몬스터 3000마리 처치				
QUEST_LV_0500_20210125_000750	Episode13地域の小型モンスター討伐	Episode13 지역의 소형 몬스터 처치				
QUEST_LV_0500_20210125_000751	Episode13地域でモンスター8000匹討伐	Episode13 지역에서 몬스터 8000마리 처치				
QUEST_LV_0500_20210125_000752	Episode13地域のモンスター討伐	Episode13 지역의 몬스터 처치				
QUEST_LV_0500_20210125_000753	ヴェルニケの破片ダンジョン50階層以上クリア	베르니케 파편 던전 50층 이상 클리어				
QUEST_LV_0500_20210125_000754	アシスターダンジョン6区間以上クリア	어시스터 던전 6구간 이상 클리어				
QUEST_LV_0500_20210125_000755	1人レイドクリア	1인 레이드 클리어				
QUEST_LV_0500_20210125_000756	レジェンドレイド10回クリア	레전드 레이드 10회 클리어				
QUEST_LV_0500_20210125_000757	週間ボスレイド累積ダメージ5億以上達成	주간 보스 레이드 누적 대미지 5억 이상 달성				
QUEST_LV_0500_20210125_000758	協同戦 2回参加	협동전 2회 참가				
QUEST_LV_0500_20210125_000759	レベルダンジョン10回クリア	레벨 던전 10회 클리어				
QUEST_LV_0500_20210125_000760	チャレンジモード3段以上で30回クリア{nl}自動マッチングは第3区域で行うことができます。	챌린지 모드 3단 이상으로 30회 클리어{nl}자동 매칭은 제 3구역에서 진행할 수 있습니다.				
QUEST_LV_0500_20210125_000761	チャレンジモード：分裂特異点3段以上、自動マッチング10回クリア	챌린지 모드 : 분열 특이점 3단 이상, 자동 매칭 10회 클리어				
QUEST_LV_0500_20210125_000762	レンパリサ池の一般フィールドでモンスター200匹討伐	렘파라사 연못의 일반 필드에서 몬스터 200마리 처치				
QUEST_LV_0500_20210125_000763	重ね橋の森の一般フィールドでモンスター200匹討伐	덧댄다리 숲의 일반 필드에서 몬스터 200마리 처치				
QUEST_LV_0500_20210125_000764	パウフィスの渡し場の一般フィールドでモンスター200匹討伐	파우피스 나루의 일반 필드에서 몬스터 200마리 처치				
QUEST_LV_0500_20210125_000765	パウフィスの渡し場のモンスター討伐	파우피스 나루의 몬스터 처치				
QUEST_LV_0500_20210125_000766	イサウゴティ森の一般フィールドでモンスター200匹討伐	이사우고티 숲의 일반 필드에서 몬스터 200마리 처치				
QUEST_LV_0500_20210125_000767	イサウゴティ森のモンスター討伐	이사우고티 숲의 몬스터 처치				
QUEST_LV_0500_20210125_000768	キルティマス森の一般フィールドでモンスター200匹討伐	키르티마스 숲의 일반 필드에서 몬스터 200마리 처치				
QUEST_LV_0500_20210125_000769	キルティマス森のモンスター討伐	키르티마스 숲의 몬스터 처치				
QUEST_LV_0500_20210125_000770	レンパリサ池の一般フィールドでモンスターを討伐して副産物50獲得	렘파라사 연못의 일반 필드에서 몬스터를 처치하고 부산물 50 획득				
QUEST_LV_0500_20210125_000771	レンパリサ池のモンスターを討伐したあとリープスナの組織回収	렘파라사 연못의 몬스터 처치 후 리프스나의 조직 회수				
QUEST_LV_0500_20210125_000772	重ね橋の森の一般フィールドでモンスターを討伐して副産物50獲得	덧댄다리 숲의 일반 필드에서 몬스터를 처치하고 부산물 50 획득				
QUEST_LV_0500_20210125_000773	重ね橋の森のモンスター を討伐したあとダルバスの補給品回収	덧댄다리 숲의 몬스터 처치 후 다르바스의 보급품 회수				
QUEST_LV_0500_20210125_000774	パウフィスの渡し場の一般フィールドでモンスターを討伐して副産物50獲得	파우피스 나루의 일반 필드에서 몬스터를 처치하고 부산물 50 획득				
QUEST_LV_0500_20210125_000775	パウフィスの渡し場のモンスターを討伐したあとに魔族の血回収	파우피스 나루의 몬스터 처치 후 마족의 피 회수				
QUEST_LV_0500_20210125_000776	イサウゴティ森の一般フィールドでモンスターを討伐して副産物50獲得	이사우고티 숲의 일반 필드에서 몬스터를 처치하고 부산물 50 획득				
QUEST_LV_0500_20210125_000777	イサウゴティ森のモンスター 討伐後にソゴマスの魂回収	이사우고티 숲의 몬스터 처치 후 소거마스의 영혼 회수				
QUEST_LV_0500_20210125_000778	キルティマス森の一般フィールドでモンスターを討伐して副産物50獲得	키르티마스 숲의 일반 필드에서 몬스터를 처치하고 부산물 50 획득				
QUEST_LV_0500_20210125_000779	キルティマス森のモンスター討伐後に破片回収	키르티마스 숲의 몬스터 처치 후 파편 회수				
QUEST_LV_0500_20210125_000780	Episode13地域でモンスター60000匹討伐	Episode13 지역에서 몬스터 60000마리 처치				
QUEST_LV_0500_20210125_000781	レジェンドレイド50回クリア	레전드 레이드 50회 클리어				
QUEST_LV_0500_20210125_000782	チャレンジモード3段以上で250回クリア{nl}自動マッチングは第3区域で行うことができます。	챌린지 모드 3단 이상으로 250회 클리어{nl}자동 매칭은 제 3구역에서 진행할 수 있습니다.				
QUEST_LV_0500_20210125_000783	オルシャ領主イネッサ・ヘモンデールに助けを求めてみましょう。	오르샤 영주 이네사 해먼데일에게 도움을 요청해 봅시다				
QUEST_LV_0500_20210125_000784	イネッサ・ヘモンデールに協力してもらえるように頼んでみてください。	이네사 해먼데일에게 도움을 요청해보세요				
QUEST_LV_0500_20210125_000785	イネッサ・ヘモンデールから支援物品を受け取ってください。	이네사 해먼데일이 지원해주는 물품을 받으세요				
QUEST_LV_0500_20210125_000786	マティネス貯蔵所を探す。	머티니스 저장소 찾기				
QUEST_LV_0500_20210125_000787	イサウゴティ森に移動してマティネスが保管された場所を探してみましょう。	이사우고티 숲으로 이동하여 머티니스가 저장된 곳을 찾아봅시다				
QUEST_LV_0500_20210125_000788	貯蔵所から撤退する。	저장소에서 물러나기				
QUEST_LV_0500_20210125_000789	貯蔵所と思われる場所を探しましたが、敵が多すぎるので今は一時撤退する他ありません。	저장소로 보이는 곳을 찾았지만 적들이 너무 많으니 물러나야 합니다				
QUEST_LV_0500_20210125_000790	魔族たちをおびき寄せるために適した場所を探す。	마족들을 유인하기 적합한 장소 찾기				
QUEST_LV_0500_20210125_000791	女神ラダの計画通り魔族たちをおびき寄せれるような適した場所を探してください。	라다 여신의 계획대로 마족들을 유인하기 적합한 장소를 찾아보세요				
QUEST_LV_0500_20210125_000792	魔族たちをおびき寄せるために適した場所を調査する。	마족들을 유인하기 적합한 장소 조사하기				
QUEST_LV_0500_20210125_000793	魔神ラガナと魔王ヴァイガ勢力の魔族をおびき寄せるに適した場所を探してください。	라가나와 바이가 세력의 마족을 유인하기에 적합한 장소를 찾아보세요				
QUEST_LV_0500_20210125_000794	最後の場所を確認	마지막 조사 장소 확인하기				
QUEST_LV_0500_20210125_000795	最後の場所が適切か確認してください。	마지막 장소가 적합한지 확인하세요				
QUEST_LV_0500_20210125_000796	女神ラダと会話して次の計画を進めてください。	라다 여신과 대화하여 다음 계획을 진행하세요				
QUEST_LV_0500_20210125_000797	魔神ラガナの勢力に偽りの情報伝達	라가나 세력에게 거짓 정보 전달				
QUEST_LV_0500_20210125_000798	魔神ラガナの直属部下と思われる魔族に偽りの情報を伝え、魔神ラガナを騙してください。	라가나의 직속 부하로 보이는 마족에게 거짓 정보를 전달하여 라가나를 속이세요				
QUEST_LV_0500_20210125_000799	魔神ラガナの伝令に偽りの情報を伝えました。	라가나의 전령에게 거짓 정보를 전달하였습니다				
QUEST_LV_0500_20210125_000800	魔王ヴァイガの伝令と会話	바이가의 전령과 대화				
QUEST_LV_0500_20210125_000801	魔王ヴァイガの直属部下と思われる魔族に偽りの情報を伝えてください。	바이가의 직속 부하로 보이는 마족에게 거짓 정보를 전달하세요				
QUEST_LV_0500_20210125_000802	魔王ヴァイガの勢力に偽りの情報伝達	바이가의 세력에게 거짓 정보 전달				
QUEST_LV_0500_20210125_000803	魔王ヴァイガの伝令に偽りの情報を伝えました。	바이가의 전령에게 거짓 정보를 전달하였습니다.				
QUEST_LV_0500_20210125_000804	女神ラダに偽りの情報を無事伝達したと伝えてください。	라다 여신에게 거짓 정보를 무사히 넘겼음을 알리세요				
QUEST_LV_0500_20210125_000805	マティネス貯蔵所の付近に行く	머티니스 저장소 근처로 가기				
QUEST_LV_0500_20210125_000806	魔族たちが偽りの情報に騙されたか確認してみましょう。	마족들이 거짓 정보에 속았는지 확인해봅시다				
QUEST_LV_0500_20210125_000807	マティネス貯蔵所を調べる	머티니스 저장소 살펴보기				
QUEST_LV_0500_20210125_000808	無事侵入することができたようです。{nl}保管されたマティネスがどこにあるか調べてみましょう。	무사히 침투한 것 같습니다.{nl}저장된 머티니스가 어디에 있는지 살펴봅시다				
QUEST_LV_0500_20210125_000809	残りの魔族警備兵の倒す	남아있는 마족 경비병 처치하기				
QUEST_LV_0500_20210125_000810	マティネス貯蔵所を調査して爆弾を設置するべき場所を探してください。	머티니스 저장소를 살펴보고 폭탄을 설치하기 적당한 곳을 찾으세요				
QUEST_LV_0500_20210125_000811	マティネス貯蔵所に爆弾を設置	머티니스 저장소에 폭탄 설치하기				
QUEST_LV_0500_20210125_000812	その間に採掘されたマティネスが積み重なった場所に爆弾を設置してください。	그동안 채굴한 머티니스가 쌓인 곳에 폭탄을 설치하세요				
QUEST_LV_0500_20210125_000813	爆弾を残らず設置	폭탄을 마저 설치하기				
QUEST_LV_0500_20210125_000814	爆弾を残らず設置しましょう。	폭탄을 마저 설치합시다				
QUEST_LV_0500_20210125_000815	爆弾設置を邪魔するソゴマス執行者を倒す	폭탄 설치를 방해하는 소거마스 집행자 처치하기				
QUEST_LV_0500_20210125_000816	この場所から離れる	자리 벗어나기				
QUEST_LV_0500_20210125_000817	爆発の影響から逃れるため遠くに離れてください。	폭발의 영향에서 벗어나기 위해 멀리 떨어지세요				
QUEST_LV_0500_20210125_000818	爆弾を作動させる	폭탄 작동시키기				
QUEST_LV_0500_20210125_000819	この程度離れれば安全だと思われるので爆弾を遠隔操作スクロールで爆発させましょう。	이 정도면 안전한 것 같으니 폭탄을 원격 조작 스크롤로 폭파시킵시다				
QUEST_LV_0500_20210125_000820	爆弾が問題なく爆発したようです。	폭탄이 무사히 터진 것 같습니다				
QUEST_LV_0500_20210125_000821	マティネスを調べる	머티니스 살펴보기				
QUEST_LV_0500_20210125_000822	爆弾がマティネスを完璧に吹き飛ばしたか確認してください。	폭탄이 머티니스를 완벽하게 제거하였는지 살펴봅시다				
QUEST_LV_0500_20210125_000823	注視者の攻撃から逃げる	주시자의 공격으로부터 도망치기				
QUEST_LV_0500_20210125_000824	憤怒した注視者の攻撃から逃げてください。	분노한 주시자의 공격으로부터 도망치세요				
QUEST_LV_0500_20210125_000825	待っていた存在と会話	기다리고 있는 존재와 대화				
QUEST_LV_0500_20210125_000826	逃げた場所に誰かが待っているようです。	도망친 곳에 누군가가 기다리고 있는 것 같습니다				
QUEST_LV_0500_20210125_000827	魔神ラガナと会話	라가나와 대화				
QUEST_LV_0500_20210125_000828	魔神ラガナと会話してください。	라가나와 대화하세요				
QUEST_LV_0500_20210125_000829	注視者から逃げる	주시자에게서 도망치기				
QUEST_LV_0500_20210125_000830	注視者の攻撃から逃れてください。	주시자의 공격으로부터 도망치세요				
QUEST_LV_0500_20210125_000831	待っている存在を確認	기다리고 있는 존재 확인				
QUEST_LV_0500_20210125_000832	誰かが待っているようです。	누군가가 기다리고 있는 것 같습니다				
QUEST_LV_0500_20210125_000833	魔王ヴァイガと会話する	바이가와 대화				
QUEST_LV_0500_20210125_000834	魔王ヴァイガがあなたを待っています。	바이가가 당신을 기다리고 있습니다				
QUEST_LV_0500_20210125_000835	女神ラダに報告	라다 여신에게 보고				
QUEST_LV_0500_20210125_000836	魔神バウバスと会ったことを女神ラダに報告しましょう。	마신 바우바스와 만난 사실을 라다 여신에게 보고합시다				
QUEST_LV_0500_20210125_000837	女神ラダに経験したことを説明してください。	라다 여신에게 겪었던 일을 설명하세요				
QUEST_LV_0500_20210125_000838	オルシャ領主イネッサ・ヘモンデールに状況を伝えてください。	오르샤 영주 이네사 해먼데일에게 상황을 전달하세요				
QUEST_LV_0500_20210125_000839	女神ラダに戻りましょう。	라다 여신에게 돌아갑시다.				
QUEST_LV_0500_20210125_000840	女神ラダに今後の旅程について聞いてください。	라다 여신에게 앞으로의 여정에 대해 물어보세요				
QUEST_LV_0500_20210125_000841	女神ラダに戻ってください。	라다 여신에게 돌아가세요				
QUEST_LV_0500_20210125_000842	王国再建団オルシャ担当者と会う	왕국 재건단 오르샤 담당인과 만나기				
QUEST_LV_0500_20210125_000843	神樹の日に王国を始めとして世界が災難の被害で崩れた今でも、世界のあちこちでは希望を捨てずに努力している人々がいます。{nl}王国再建団は、姿を消した女神たちに依存せず、人間自らの力で王国をもう一度復興させることを望む人たちが集まって作られた組織です。{nl}既に王国再建団の団員たちは既に世界中に散らばり、王国の再建のため献身しています。{nl}彼らの話を聞くためオルシャの王国再建団担当者と会ってください。	신수의 날로 왕국을 비롯한 세계가 재앙의 피해로 무너진 지금, 세계 곳곳에는 다시 희망을 갖고 움직이는 사람들이 있습니다{nl}왕국 재건단은 사라진 여신들에 의지 하지 않고, 인간 스스로의 힘으로 다시 왕국이 부흥하기를 바라는 사람들이 모여 만들어졌습니다{nl}이미 세계 곳곳에는 왕국 재건단의 단원들이 흩어져 왕국 재건에 헌신하고 있습니다.{nl}그들의 이야기를 들어보기 위해 오르샤의 왕국 재건단 담당인과 만나세요				
QUEST_LV_0500_20210524_000844	女神ラダが、わざと祝福を落としていったようだ{nl}祝福を使ってモルコス農場で魔力の根源地を探してみよう	라다 여신이 일부러 축복을 흘려둔 것 같다{nl}축복을 이용해 모르꼬스 농장에서 마력의 근원지를 찾아보자	QUEST_LV_0500_20210125_000415	女神ラダがわざと祝福を落としていったようだ。{nl}祝福を使ってモルコス農場で魔力の根源を探してみよう。	라다 여신이 일부로 축복을 흘려둔 것 같다{nl}축복을 이용해 모르꼬스 농장에서 마력의 근원지를 찾아보자	PC
QUEST_LV_0500_20210805_000845	オルシャ被害復旧班班員	오르샤 피해복구반 단원				
QUEST_LV_0500_20210805_000846	啓示者様がオルシャにいらっしゃると聞いてはおりましたが……{nl}このように力を貸していただけるとは思ってもみませんでした。{nl}最後にここへ来た時は、ケッピーが数匹いるだけだったのに……	계시자님이 오르샤에 계신다는 이야기는 들었습니다만{nl}이렇게 저희를 도와주실 줄은 몰랐군요.{nl}마지막으로 이곳에 왔을 땐, 고작 케파 몇 마리가 전부였건만..				오르샤 피해복구반 단원
QUEST_LV_0500_20210805_000847	南部各地から王国再建団の力になろうと集まったのですが……{nl}森の小さな抜け道でさえ、このようにモンスター達がうろうろしていては、誰一人無事に都市へ向かうだなんて出来そうにありませんね……	남부 각지에서 왕국 재건단을 돕기 위해 모이고 있습니다만..{nl}숲 사이 샛길조차 이렇게 괴물들이 들끓어서야 누구 하나 무사히 도시로 진입하기 힘들 것 같군요.				오르샤 피해복구반 단원
QUEST_LV_0500_20210805_000848	手が空いているのでしたら、是非力を貸していただけないでしょうか？	여유가되신다면 저희를 좀 도와주실 수 있겠습니까?				오르샤 피해복구반 단원
QUEST_LV_0500_20210805_000849	なっ⁉なんと……！啓示者様でしたか！{nl}班員のみんなからよく話を聞いておりました！直接お会いできるとは……。お会いできて光栄です！	이럴 수가, 계시자님이셨군요!{nl}단원들에게 이야기는 익히 들었습니다만 실제로 뵙게 되어 영광입니다.				오르샤 피해복구반 단원
QUEST_LV_0500_20210805_000850	{nl}ああ、今日は私にツキが回ってきたようですね……！{nl}こうして同じ日に王国の英雄と啓示者とお会いできるなんて…！{nl}啓示者様も、もしかしたらそのうちパヤウタ様とお会いするかもしれません。	{nl}오늘은 제게 운이 따르나 봅니다.{nl}이렇게 왕국의 영웅과 계시자를 한날한시에 뵙게 될 줄이야!{nl}계시자님도 어쩌면 파야우타님과 만날 수도 있겠군요.				오르샤 피해복구반 단원
QUEST_LV_0500_20210805_000851	啓示者様にもパヤウタ様を紹介できたら良かったのですが、{nl}生憎とパヤウタ様は早朝アダタ街道の向こうへ捜索に向かわれてしまいました。{nl}それだけじゃありません……	계시자님께도 파야우타님을 소개시켜드리면 좋겠지만,{nl}안타깝게도 이른 아침에 파야우타님은 아다타 가도 너머로 수색을 나가셨습니다.{nl}그리고 말입니다...				오르샤 피해복구반 단원
QUEST_LV_0500_20210805_000852	パヤウタ様が出発なされてからしばらくして、臨時の移住民キャンプの地域に魔族達が集まっているのを目撃したんです……！{nl}おそらく、ここら一帯の掌握を企んでいるのではと思っているのですが……パヤウタ様が戻られる際、鉢合わせにならないか心配です……{nl}そこで提案なのですが、啓示者様が臨時の移住民キャンプへ先に向かい、奴らを先に蹴散らしてしまうのはどうでしょう⁉	파야우타님이 출발하시고 얼마 후에 임시 이주민 캠프 지역에 마족들이 집결하는 걸 발견 했습니다.{nl}아마도 이 주변을 장악할 생각인 것 같은데, 파야우타님이 돌아오실 때 맞닥뜨릴까 걱정이군요.{nl}그래서 말인데, 계시자님이 임시 이주민 캠프에서 녀석들을 처리해주시는 게 어떻겠습니까?				오르샤 피해복구반 단원
QUEST_LV_0500_20210805_000853	状況が芳しくないとは聞いていたけど……予想してたよりもずっと悪いわ。{nl}聞くところによると、相当凄い事をして回ってるそうじゃない。女神達も君だけを注目しているらしいし。{nl}凄いわ、本当に。	상황이 안 좋다는 건 들었지만, 예상보다 훨씬 안 좋아.{nl}듣기론 아주 대단한 일을 하며 돌아다니고 있던데, 여신들도 너만 바라본다고 하더구나.{nl}아주 대단해.				파야우타
QUEST_LV_0500_20210805_000854	啓示者…啓示者…啓示者……{nl}ここに来て出会ったクポル達もみんな君のことを賞賛してた。{nl}次、女神達と会ったら、あたしのことも話してくれない？	계시자.. 계시자.. 계시자..{nl}이곳에 오며 만난 큐폴들도 모두 널 칭송하고 있더구나.{nl}다음에 여신들을 만나면 내 이야기도 좀 해주겠어?				파야우타
QUEST_LV_0500_20210805_000855	――――あなた達のせいで全てを失った人間がいる、ってね。	당신들 때문에 모든 걸 잃어버린 인간이 있다고.				파야우타
QUEST_LV_0500_20210805_000856	言い過ぎちゃったかしら？{nl}……君はただ女神達を助けながら世界を救っただけなのにね。	내가 너무 투덜거린 걸까?{nl}너는 그저 여신들을 도와 세상을 구한 것 뿐인데 말이야.				파야우타
QUEST_LV_0500_20210805_000857	おしゃべりはこの辺にして、そろそろ移動しよう。{nl}もちろん、君も一緒に行くよね？	잡담은 여기까지 하고 다시 떠나야겠어.{nl}너도 물론 함께 가겠지?				파야우타
QUEST_LV_0500_20210805_000858	まずは、アムジナの分かれ道へ向かうわ。{nl}そこで魔族を片付けておけば、逃げてきた避難民の人達がオルシャまで無事に辿り着ける。	우선 암지나 갈림길로 향해야 해.{nl}거기서 마족들을 처리해야 덧댄다리 숲에서 도망쳐 온 피난민들이 오르샤까지 무사히 갈 수 있어.				파야우타
QUEST_LV_0500_20210805_000859	準備ができたら言って。	출발할 준비가 되면 말해줘.				파야우타
QUEST_LV_0500_20210805_000860	君、ブラドラっていう名のクポルに会ったことある？	혹시 블라드라는 큐폴을 만난 적 있어?				파야우타
QUEST_LV_0500_20210805_000861	……なんでもないわ。	아무것도 아니야.				파야우타
QUEST_LV_0500_20210805_000862	流石の腕前ね。{nl}それじゃあ、次の地域に向かおうか。	실력이 여전하구나.{nl}그럼 다음 지역으로 가볼까?				파야우타
QUEST_LV_0500_20210805_000863	次はマルコス伐採地よ。{nl}クラペダ領でオルシャへの招集を受けた王国再建団の人達が、マルコス伐採地を通りかかるらしいの。{nl}遠距離を移動する商団のような集団だから、この地域の魔族をまともに相手するのは難しいはず。	다음은 말코스 벌목지야.{nl}클라페다령에서 오르샤로 소집된 왕국 재건단들이 말코스 벌목지를 지나서 오고 있어.{nl}먼거리를 이동하는 상단 정도의 집단이어서 이 지역의 마족들을 제대로 상대하기 힘들 거야.				파야우타
QUEST_LV_0500_20210805_000864	準備できたのなら出発しよう。	준비되면 출발하자.				파야우타
QUEST_LV_0500_20210805_000865	首都付近を捜索していた時、記念区地域と外郭地域でやたらクポル達と遭遇したけど……{nl}何人かのクポル以外はあたしの存在に気付かないフリして行っちゃったわ。	수도 근처를 수색할 때 기념구 지역과 외곽지역에서 큐폴들을 꽤 많이 마주쳤는데..{nl}몇 녀석 빼곤 날 무시했어.				파야우타
QUEST_LV_0500_20210805_000866	命の恩人だとしても、所詮は『人間』……ということなのかしら？	목숨을 살려줘도 인간은 어차피 인간이란 걸까?				파야우타
QUEST_LV_0500_20210805_000867	そろそろ来られる頃合いかと思っておりました。{nl}後方の岩に来なかったらどうしようかと心配だったのですが……{nl}パヤウタ様もご無事のようで何よりです。	지금쯤이면 오실 거라 생각했습니다.{nl}뒤쪽 바위에서 안 오면 어쩌나 걱정하고 있었습니다.{nl}파야우타님도 무사해 보이는 군요.				오르샤 피해복구반 단원
QUEST_LV_0500_20210805_000868	では、重ね橋の森へ一緒に向かいましょう。{nl}私は先に向かって周辺の様子を見てきます。	그럼 덧댄다리 숲으로 함께 가시죠.{nl}저는 먼저 가서 주변을 살피고 있겠습니다.				오르샤 피해복구반 단원
QUEST_LV_0500_20210805_000869	これでクラペダから来る団員達も、安全にオルシャへ迎える。{nl}……けど、別方向からオルシャに向かってる人達も助けなきゃ。{nl}オルシャ被害復旧班班員のところに戻ろう。	이제 클라페다에서 오는 단원들이 안전하게 오르샤까지 갈 수 있을 거야.{nl}하지만 다른 방향에서 오르샤로 향하는 사람들도 도와야 해.{nl}오르샤 피해복구반 단원에게 돌아가자.				파야우타
QUEST_LV_0500_20210805_000870	こんなにすぐ来てくださるとは…！ありがとうございます…！	이렇게 바로 와주셔서 감사합니다.				오르샤 피해복구반 단원
QUEST_LV_0500_20210805_000871	今しがた領主様のところの伝令さんと話し合いを終えたところです。オルシャの避難民が多すぎて、その方達を休ませるための一時的な居住地を作らねばならないそうです。{nl}ですが、物資が無いらしく、王国再建団の方々に助けを要請中とのことです。	방금전 영주님의 전령과 이야기를 나눴습니다.{nl}오르샤에 피난민들이 너무 많아져서 그들을 쉬게 할 임시 거주지를 만들어야한다고 하는군요.{nl}하지만 물자가 없어서 왕국 재건단원들에게 도움을 요청하고 있다고 하십니다.				오르샤 피해복구반 단원
QUEST_LV_0500_20210805_000872	難しいですね……{nl}都市が飽和状態になるのもそうですが、避難民が休める場所すら無いなんて……	난감하군요.{nl}도시가 포화되는 것도 문제지만 고생한 피난민들이 쉴 곳이 없다니..				오르샤 피해복구반 단원
QUEST_LV_0500_20210805_000873	何か…何か方法はないのでしょうか…啓示者様……	계시자님, 뭔가 좋은 방법이 없을까요?				오르샤 피해복구반 단원
QUEST_LV_0500_20210805_000874	……そんな目であたしを見ないでくれる？{nl}あたしは女神バイボラじゃないんだから。そういった知識とか知恵をポケットから取り出すことなんてできないわよ。	그런 눈으로 보지 말아줘.{nl}난 바이보라 여신이 아니야, 그런 걸 주머니에서 꺼내줄 수 없다고.				파야우타
QUEST_LV_0500_20210805_000875	――――待って。良いこと思いついた。	잠깐, 내게 좋은 생각이 있어.				파야우타
QUEST_LV_0500_20210805_000876	気づいてた？ここらの魔族、それぞれ何かしらアイテムを持っているの。{nl}奴らをこらしめて、それらをちょっと「拝借」させてもらうというのはどう？	이곳의 마족들이 손에 쥐고 있는 물건들 봤어?{nl}녀석들을 손봐주고 그걸 좀 빌려 가는 게 어떨까?				파야우타
QUEST_LV_0500_20210805_000877	{nl}そしたらどうせ持ち主はいなくなるわけだから後で返す必要も無いし、後腐れがない。{nl}良い考えだと思わない？	{nl}어차피 주인은 없어졌으니 돌려줄 필요도 없고 뒤탈은 없을 거 같은데 말이지.{nl}좋은 생각 같지 않아?				파야우타
QUEST_LV_0500_20210805_000878	やはり非凡な方々は思いつくことも非凡なんですね！{nl}私は皆様を信じて、ここで伝令達を案内してます！	역시 비범한 분들은 생각도 비범하군요!{nl}저는 여러분만 믿고 여기서 전령들을 안내하고 있겠습니다.				오르샤 피해복구반 단원
QUEST_LV_0500_20210805_000879	うん。それじゃあ地道に一つ一つ集めてみようか。{nl}とりあえず、材料とかはあたしが持っているから、君が魔族の相手をした方がいいかも。	좋아 그럼 하나하나 모아볼까?{nl}일단 자재들은 내가 들고 있을 태니 네가 처리하는 게 좋겠어.				파야우타
QUEST_LV_0500_20210805_000880	まずはダルバスキャリアーからシャベルを借りようか。{nl}	우선 다르바스 캐리어에게 삽을 빌려오는 게 좋겠지?{nl}				파야우타
QUEST_LV_0500_20210805_000881	よし、これくらいなら領主様も満足するでしょ。{nl}次はどのコの物を「拝借」しようかな……	좋아, 이 정도면 영주님도 만족할 거야.{nl}다음은 어느녀석껄 빌려볼까..				파야우타
QUEST_LV_0500_20210805_000882	――――うん、あのコがいいかな。{nl}次はダルバスマイナーからつるはしを貰おうか。	좋아, 저 녀석이 좋겠어.{nl}다르바스 마이너에게 곡괭이를 얻어볼까?				파야우타
QUEST_LV_0500_20210805_000883	いくつか捨てていった方がいいかも。{nl}重すぎるし。	몇 개는 좀 버리고 가야겠어.{nl}너무 무거우니까.				파야우타
QUEST_LV_0500_20210805_000884	最後に後一つだけ手に入れよう。{nl}これ以上持ち歩くのは流石に難しいからね。	마지막으로 하나만 더 구해보자.{nl}더 들고 다니긴 무리니까.				파야우타
QUEST_LV_0500_20210805_000885	ダルバスローダーからなら、色々と手に入れられそうだけど……	다르바스 로더에게 이것저것 모을 수 있을 거 같은데..				파야우타
QUEST_LV_0500_20210805_000886	あっおかえりなさいませ！{nl}どんな物を集めてきたのですか？{nl}お二人が力を合わせたのです。きっと大いに役立つ物ばかりなはず！{nl}どれどれ……	돌아오셨군요!{nl}어떤 걸 모아오셨습니까?{nl}분명 두 분이 힘을 합치셨으니 큰 도움이 되는 물건일 겁니다.{nl}어디보자..				오르샤 피해복구반 단원
QUEST_LV_0500_20210805_000887	シャベル……これは取っ手の部分が折れてますね……	삽.. 이건 손잡이가 부러졌군요.				오르샤 피해복구반 단원
QUEST_LV_0500_20210805_000888	つるはし……復旧が終われば、鉱夫達にとって有用になりそうです。	곡괭이.. 이건 복구가 끝나면 광부들에게 유용하겠어요.				오르샤 피해복구반 단원
QUEST_LV_0500_20210805_000889	石材……これは……捨てていった方が良さそうですね。	석재.. 이건.. 버리고 가는 게 좋겠군요.				오르샤 피해복구반 단원
QUEST_LV_0500_20210805_000890	班員に代わってお二方の働きに深く感謝致します。{nl}……しかし、今すぐに必要な物ではありませんね……	단원을 대신하여 두 분의 노고에 감사드립니다.{nl}하지만 지금 당장 필요한 물건들은 아니군요.				오르샤 피해복구반 단원
QUEST_LV_0500_20210805_000891	(パヤウタはちょっと余計なものを探してしまったようだ)	파야우타는 뭔가 다른 것을 찾는 것 같다.				파야우타
QUEST_LV_0500_20210805_000892	心配には及びません。{nl}お二方がオルシャにいらっしゃるというだけでも、多くの住民達にとっては希望になるのですから！	너무 걱정하실 필요는 없습니다.{nl}두 분께서 오르샤에 있다는 것만으로 많은 주민들에게 희망이 되어줄 겁니다.				오르샤 피해복구반 단원
QUEST_LV_0500_20210805_000893	あっそうだ！お二方が物資を調達しに行ってる間、伝令と会いました。{nl}周辺の森の中で、オルシャへ逃げられず小屋に隠れている住民達がいるはずだそうです。	아참, 두 분께서 물자를 구하러 가시는 동안 전령과 만났습니다.{nl}주변 숲 속에 오르샤로 도망치지 못하고 오두막에 숨어있는 주민들이 있을 거라고 하는군요.				오르샤 피해복구반 단원
QUEST_LV_0500_20210805_000894	{nl}私はまずパウフィスの渡し場へ向かおうと思うのですが……{nl}お二方はどうされますか？	{nl}저는 우선 파우피스 나루로 가볼까 합니다만..{nl}두 분께서는 어떻게 하시겠습니까?				오르샤 피해복구반 단원
QUEST_LV_0500_20210805_000895	この道を出ればパウフィスの渡し場です。{nl}先に向かっておりますので、準備できましたらパウフィスの渡し場に入ってすぐのところで落ち合いましょう。	이 길로 나아가면 파우피스 나루입니다.{nl}먼저 가 있을 태니 준비되시면 파우피스 나루 초입에서 뵙지요.				오르샤 피해복구반 단원
QUEST_LV_0500_20210805_000896	あ、来てくださいましたか。{nl}お二方が到着される前に少し辺りを見て回ったのですが、凄い魔族の数です……	아, 오셨군요.{nl}오시기 전에 제가 잠시 둘러봤는데 마족들이 너무 많군요.				오르샤 피해복구반 단원
QUEST_LV_0500_20210805_000897	すぐそこの家の煙突から煙が上がっているのを見ると、少し前まで人がいたようです。{nl}今はどうなっているのか……	옆 집은 연기가 나는 거로 봐선 얼마 전까지 사람이 있었나 봅니다.{nl}지금은 어떻게 된 건지..				오르샤 피해복구반 단원
QUEST_LV_0500_20210805_000898	もしお二方が大丈夫なのでしたら、ここで残りの捜索をお願いしたいです。{nl}私はもう少し奥の方へ行って、伝令と住民達を探してみます。	두 분이 괜찮으시다면 이곳에서 나머지 수색을 부탁드리고 싶군요.{nl}저는 좀 더 깊은 숲으로 가서 전령과 주민들을 찾아봐야겠습니다.				오르샤 피해복구반 단원
QUEST_LV_0500_20210805_000899	こうしている場合じゃないのに……	이러고 있을 때가 아닌데..				파야우타
QUEST_LV_0500_20210805_000900	{nl}——分かった。{nl}行こう。	{nl}알겠어.{nl}가자.				파야우타
QUEST_LV_0500_20210805_000901	ひとまず、班員の人が教えてくれた場所へ向かってみよう。{nl}位置はあたしが地図に記しておいたわ。	단원이 알려준 곳으로 우선 가보자.{nl}위치는 내가 지도에 표기해 뒀어.				파야우타
QUEST_LV_0500_20210805_000902	少なくとも、パウフィスの渡し場で確かめるべき場所はもう無いと思う。{nl}お疲れ様。	적어도 파우피스 나루에는 확인할 곳이 더 없는 것 같아.{nl}수고했어.				파야우타
QUEST_LV_0500_20210805_000903	それじゃあ、一緒に行動するのはここまでにしようか。{nl}あたしはここで確かめなきゃいけないことがあるの。{nl}君はオルシャに戻るつもり？	그럼 동행은 여기까지만 할까?{nl}난 좀 더 이곳에서 확인해야 할 게 있어.{nl}넌 오르샤로 돌아갈꺼야?				파야우타
QUEST_LV_0500_20210805_000904	困りましたね……{nl}周辺の残った村も、オルシャより状況が良くないので、助けを求めることもできません……	난감하군요..{nl}이 주변에 살아남은 마을도 오르샤보단 상황이 좋지 못하니 그들의 도움을 받을 수도 없습니다.				오르샤 피해복구반 단원
QUEST_LV_0500_20210805_000905	うん。じゃあ班員の人にあたし達の計画を伝えて。{nl}あたしは隣で待ってるから。	좋아, 그럼 단원 아저씨에게 우리 계획을 말해줘!{nl}난 옆에서 기다리고 있을게.				파야우타
QUEST_LV_0500_20210805_000906	うん……	음....				파야우타
QUEST_LV_0500_20210805_000907	城壁の補修に役立ちそうね。{nl}復旧班班員の人のところに戻ろう。	성벽 보수하는 데 쓸만하겠는데.{nl}이제 복구반 단원에게 돌아가자.				파야우타
QUEST_LV_0500_20210805_000908	今集めたものは君が持ってて。{nl}残りはあたしが持って行くわ。	방금 모은 건 네가 들어줘.{nl}나머지는 내가 가지고 갈게.				파야우타
QUEST_LV_0500_20210805_000909	そうしていただけますか？{nl}お二方が一緒にいてくださるなんて、本当に心強いです。{nl}それじゃあパウフィスの渡し場の前でお会いしましょう。	그래 주시겠습니까?{nl}두 분이 계셔서 정말 든든하군요.{nl}그럼 파우피스 나루 앞에서 뵙겠습니다.				오르샤 피해복구반 단원
QUEST_LV_0500_20210805_000910	やはり頼もしいですね！{nl}私が人々が隠れてそうな場所をお教えします。	역시 믿음직스럽군요!{nl}제가 사람들이 숨어있을 만한 곳을 알려드리겠습니다.				오르샤 피해복구반 단원
QUEST_LV_0500_20210805_000911	それでは、よろしくお願いします。{nl}お二方を信じて、私は先を急がせていただきますね。	그럼 잘 부탁드립니다.{nl}두 분만 믿고 저는 먼저 가보겠습니다.				오르샤 피해복구반 단원
QUEST_LV_0500_20210805_000912	ぐずぐずしないで、さっさと終わらせよう。	꾸물거리지 말고 어서 일을 끝내자.				파야우타
QUEST_LV_0500_20210805_000913	うん……{nl}じゃあ、もう少しこの辺りを捜索してみようか。	그래..{nl}그럼 좀 더 이 근처를 수색해볼까.				파야우타
QUEST_LV_0500_20210805_000914	なんだか、あたしが探しているものを見つけられる気がする。	뭔가 내가 찾는 걸 발견할 수 있을 거 같아.				파야우타
QUEST_LV_0500_20210805_000915	お主、{nl}聖者の祈祷所という場所を聞いたことがあるか？	자네,{nl}성자의 기도소에 대해 들어본 적이 있는가?				채플린 마스터
QUEST_LV_0500_20210805_000916	伝説と語り継がれる大賢者シルベストロ・メイバーンが、生前いつも祈りを捧げていたとされる神聖な場所だ。	전설적인 인물이셨던 대현자 실베스트로 메이번께서 살아생전 늘 기도를 올리시던 신성한 장소이지.				채플린 마스터
QUEST_LV_0500_20210805_000917	そこがどこに存在しているのか正確には分からない。{nl}メイバーン自ら望まない限り、誰にもその祈祷所の姿を目にすることはできないからだ。{nl}メイバーンがこの世を去ったのがはるか昔となった今でも、それは変わらないらしい。	그곳이 정확히 어디에 있는지는 모르네.{nl}메이번께서 스스로 바라지 않는 한 그 누구에게도 기도소의 모습은 보이지 않거든.{nl}메이번께서 이 세상을 떠난 지 오랜 지금까지도 마찬가지라네.				채플린 마스터
QUEST_LV_0500_20210805_000918	……お主にこの話を聞かせたのには理由がある。{nl}神樹の日、アバリスターマスターであるヴィリウスとその家族がオルシャ近辺の重ね橋の森にいたらしい。{nl}当時、強力な魔族に追われている最中、彼の家族とその魔族は謎の爆発に巻き込まれ、姿を消したという。	그러나, 자네에게 이런 이야기를 하는 이유가 있네.{nl}신수의 날 당시 아발리스터 마스터인 빌리우스와 그 가족들이 오르샤 근방의 덧댄다리 숲에 있었네.{nl}그 당시 강력한 마족에게 쫓기다가 그의 가족들과 마족이 함께 의문의 폭발에 휩 싸이고는 감쪽같이 사라졌다고 하지.				채플린 마스터
QUEST_LV_0500_20210805_000919	聖者の祈祷所はメイバーンが経典を授かった場所を真似て作られたと伝えられている。{nl}その場所こそまさしく、メイバーン大修道院にある栄光のホールらしい。	성자의 기도소는 메이번께서 서품을 받았던 장소를 본따 만들었다고 전해지네.{nl}바로 그 장소가 지금은 메이번 대수도원으로 불리는 곳의 영광의 홀이라네.				채플린 마스터
QUEST_LV_0500_20210805_000920	ヴィリウスの家族達が消えた地点とメイバーン大修道院は、地理的には距離も近い。{nl}もし、そこが聖者の祈祷所だとしたら……{nl}間違いなく、メイバーン様のご意思により起こったことなのではないかと、私は考える。	마침, 빌리우스의 가족들이 사라진 지점과 메이번 대수도원은 지리적으로 꽤 가깝지.{nl}만약 그곳이 성자의 기도소라면..{nl}분명 메이번님의 뜻으로 그런 일이 벌어진 거로 생각하네.				채플린 마스터
QUEST_LV_0500_20210805_000921	ヴィリウスが丁度オルシャの状況を聞いて重ね橋の森へ向かったそうだ。彼に会いに行ってみてはいかがかな？	마침 빌리우스가 오르샤의 상황을 듣고 덧댄다리 숲으로 갔으니 그를 만나보는 게 어떻겠나?				채플린 마스터
QUEST_LV_0500_20210805_000922	ああ、そうするといい。{nl}ヴィリウスは、ああ見えて心の中に闇を抱えているのかもしれんな……	좋은 생각일세.{nl}빌리우스는 겉과 달리 마음속에 큰 짐을 지니고 있을게야.				채플린 마스터
QUEST_LV_0500_20210805_000923	さあ、早く彼に会いに行ってみなさい。	어서 가서 그를 만나보게나.				채플린 마스터
QUEST_LV_0500_20210805_000924	聖者の祈祷所……？	성자의 기도소?				아발리스터 마스터
QUEST_LV_0500_20210805_000925	……ということは、まだその魔族が生きているかもしれないってことなんだな。	그렇다면 아직 그 마족이 살아 있을지도 모른다는 말이구나.				아발리스터 마스터
QUEST_LV_0500_20210805_000926	それなら、お言葉に甘えて。是非力をお借りしたい。{nl}……家族が生きているかもしれないなんて、今更望みを持ったりしない。	그렇다면 기꺼이 도움을 청할게.{nl}이제 와서 가족들이 살아있기까지는 바라지 않아.				아발리스터 마스터
QUEST_LV_0500_20210805_000927	だが、{nl}その魔族が万が一にも此処から抜け出すだなんてことになれば……{nl}オルシャは一瞬で廃墟になるだろう。	다만,{nl}그 마족이 만에 하나 그곳을 빠져나오게 된다면..{nl}오르샤는 순식간에 쑥대밭이 될 거야.				아발리스터 마스터
QUEST_LV_0500_20210805_000928	しっかりと準備をしてから、出発しよう。	단단히 준비하고 출발하자.				아발리스터 마스터
QUEST_LV_0500_20210805_000929	メイバーンが生前いつも祈っていた場所といこうとは……{nl}間違いなく、大聖堂や女神を祀る聖域に匹敵する神聖力が存在する聖なる場所のはずだ。	메이번께서 평생을 기도하던 장소라면..{nl}분명 대성당이나 여신을 모시는 성소에 버금가는 신성력이 존재하는 성역일걸세.				채플린 마스터
QUEST_LV_0500_20210805_000930	そういう場所ならば、神樹の日から何年も経った今でも、ヴィリウスの家族はまだ生きているかもしれない。{nl}その魔族も然り、だがな……	그런 장소라면 신수의 날로부터 몇 년이 지난 지금도 여전히 빌리우스의 가족들이 살아있을지도 모를 일이지.{nl}어쩌면 그 마족도 마찬가지겠지만..				채플린 마스터
QUEST_LV_0500_20210805_000931	さぁ、早くヴィリウスを訪ねてみるといい。{nl}ヴィリウスは重ね橋の森にいると聞いた。	어서 가서 빌리우스를 찾아보게.{nl}빌리우스는 덧댄다리 숲에 있다고 들었네.				채플린 마스터
QUEST_LV_0500_20210805_000932	オルシャの状況を聞いて駆け付けたんだ。少しでも力になろうと思って。{nl}それにここは俺の家族の墓でもある。{nl}どんな魔族だろうと、ここだけは譲らない。	오르샤의 상황을 듣고 도우러 왔어.{nl}여긴 내 가족들의 무덤이기도 해.{nl}그 어떤 마족에게도 넘겨줄 수 없어.	QUEST_20200227_011526	今はここで修道女院の仕事を手伝ってるんだ。{nl}助けが必要な場所があれば、いつでも駆けつけるつもりだ。	지금은 여기서 수녀원의 일을 돕고 있어.{nl}도움이 필요한 곳이 있다면 언제든지 달려갈 생각이야.	아발리스터 마스터
QUEST_LV_0500_20210805_000933	危うく、取り返しのつかないことになるところだった。	하마터면 큰일 날 뻔했어.				파야우타
QUEST_LV_0500_20210805_000934	あたしがどうやって注視者の弓矢を壊したかは分からないけど……	내가 어떻게 주시자의 활을 파괴했는지는 잘 모르겠지만..				파야우타
QUEST_LV_0500_20210805_000935	お兄――――パウリウスの魂は、結局注視者が持って行ったんだよね？	파울루스의 영혼은 결국 주시자가 가져간 거지?				파야우타
QUEST_LV_0500_20210805_000936	急いでデルムーアへ向かう準備をしよう。	서둘러 델무어로 갈 준비를 하자.				파야우타
QUEST_LV_0500_20210805_000937	あたしの代わりにオルシャの領主様へ、ここで集めた証拠品たちを渡しておいてくれる？{nl}準備ができたら、デルムーアで落ち合おう。	나 대신 오르샤 영주에게 여기서 모은 증거품들을 전해줄래?{nl}준비되면 델무어에서 다시 만나자.				파야우타
QUEST_LV_0500_20210805_000938	オルシャの領主であるイネッサ・ヘモンデールに証拠品を見せよう	오르샤의 영주인 이네사 해먼데일에게 증거품들을 보여주자				PC
QUEST_LV_0500_20210805_000939	危機に陥ったオルシャのために尽力していただき、本当に感謝致します。	위기에 처한 오르샤를 위해서 애써주셔서 정말 감사합니다.				이네사 해먼데일
QUEST_LV_0500_20210805_000940	……これらをアシャーク地下監獄で見つけた、というのですね。	이것들을 아샤크 지하 감옥에서 발견했다는 말씀이시군요.				이네사 해먼데일
QUEST_LV_0500_20210805_000941	ありがとうございます。{nl}無辜の民達の命を、魔族の反人道的な実験から守ることができなかった……本当に、面目ありません……	감사합니다.{nl}마족의 반인격적인 실험으로부터 무고한 백성들의 목숨을 지키지 못했다고 생각하니 면목이 없군요..				이네사 해먼데일
QUEST_LV_0500_20210805_000942	デルムーアへ向かうためにも、万全の準備を行わなくては。{nl}啓示者、どうか我々の先陣に立っていただけますか。	델무어로 가기 위해 만반의 준비를 해야겠습니다.{nl}부디, 계사자께서 우리의 선봉에 서주시기를 바랍니다.				이네사 해먼데일
QUEST_LV_0500_20210805_000943	啓示者様。{nl}キレン地方のパウフィスの渡し場の片側に、巨大なクルビナの壁が出現している様子は、もうご覧になりましたか？	계시자님.{nl}키렌 지방의 파우피스 나루 한쪽에 거대한 크루비나 장벽이 솟아오른 걸 혹시 보셨습니까?				이네사 해먼데일
QUEST_LV_0500_20210805_000944	そこは過去アシャーク地下地下監獄1階の入口へと繋がっていた道です。{nl}なぜあの場所に……{nl}あまりにも不自然な現象だと思います。	그곳은 과거 아샤크 지하 감옥의 1층의 입구와 이어져 있던 길입니다.{nl}그런 곳에 어째서..{nl}너무나도 부자연스러운 현상이라고 생각합니다.				이네사 해먼데일
QUEST_LV_0500_20210805_000945	他の方に調査を任せることもできますが、{nl}これまでとは違う尋常で大きなだけに、危険な気がするのです。	다른 이에게 조사를 맡길 수도 있겠지만,{nl}유독 심상치 않은 커다란 크루비나인만큼 위험한 예감이 듭니다.				이네사 해먼데일
QUEST_LV_0500_20210805_000946	啓示者様には、どうかそこの調査へ向かっていただきたく……	계시자님께서 부디 조사해주셨으면 합니다.				이네사 해먼데일
QUEST_LV_0500_20210805_000947	二つ返事で快諾していただき、ありがとうございます。{nl}クルビナの壁がアシャーク地下監獄1階の入口をふさいでいますが、{nl}横道を通ればアシャーク地下監獄2階へは入れるはずです。	군말 없이 협조해주셔서 감사합니다.{nl}크루비나 장벽이 아샤크 지하 감옥 1층의 입구를 막고 있지만, {nl}샛길을 통한다면 아샤크 지하 감옥 2층으로 진입하실 수 있을 겁니다.				이네사 해먼데일
QUEST_LV_0500_20210805_000948	巨大クルビナ壁を先に調査していただき、アシャーク地下監獄2階へ向かわれた方がよろしいかと。	거대 크루비나 장벽을 먼저 조사해보시고 아샤크 지하 감옥 2층으로 진입하시는 게 좋을 겁니다.				이네사 해먼데일
QUEST_LV_0500_20210805_000949	巨大なクルビナの壁がアシャーク地下監獄1階へと続く道をふさいでいる。	거대한 크루비나 장벽이 아샤크 지하 감옥 1층으로 가는 길을 막아서고 있다				PC
QUEST_LV_0500_20210805_000950	横道を通ればアシャーク地下監獄2階へは入れるはずです。	샛길을 통한다면 아샤크 지하 감옥 2층으로 진입하실 수 있을 겁니다.				이네사 해먼데일
QUEST_LV_0500_20210805_000951	啓示者？	계시자?				파야우타
QUEST_LV_0500_20210805_000952	あなたは……啓示者と呼ばれるお方ですね。	당신은 계시자라 불리는 사람이군요.				파울루스
QUEST_LV_0500_20210805_000953	時折、注視者がそう呼ばれている人間達について話をしたことがありました。{nl}女神ライマの夢を見た人達なのですよね？{nl}どうやら僕の妹のパヤウタと何かの縁があるようですね。	간혹 주시자가 그렇게 불리는 사람들에 대한 이야기를 한 적이 있습니다.{nl}라이마 여신의 꿈을 꾼 사람들이라지요?{nl}제 동생 파야우타와 인연이 있으신 듯하네요.				파울루스
QUEST_LV_0500_20210805_000954	もし、この場所の調査へやって来られたのでしたら、僕の妹に力を貸してあげてはいただけませんか。{nl}僕は注視者に付き従う魔族達に見つかると、色々と面倒なことになってしまいますので……	혹시 이곳을 조사하러 오신 거라면 제 동생을 도와주시겠습니까?{nl}저는 주시자를 따르는 마족들에게 보여서 좋을 게 없습니다.				파울루스
QUEST_LV_0500_20210805_000955	周辺の魔族は粗方片づけたみたいだね。{nl}これくらいなら、もう少し奥の方へ向かえる。	주변의 마족들은 이제 정리가 된 거 같네.{nl}이 정도면 좀 더 깊이 들어갈 수 있겠어.				파야우타
QUEST_LV_0500_20210805_000956	ここにいる魔族達の服装を見てみて。{nl}アルケミストやプレイグドクターと似てる気がする。	여기 있는 마족들의 복장을 봐봐.{nl}알케미스트나 플레이그 닥터랑 비슷한 느낌이야.				파야우타
QUEST_LV_0500_20210805_000957	間違いなく、パウリウスが話してた実験と関係がありそうね。	파울루스가 말한 실험과 분명 연관이 있어.				파야우타
QUEST_LV_0500_20210805_000958	アイツらから何かしら見つけられるかもしれない。	녀석들에게서 뭐라도 찾을 수 있을지도 몰라.				파야우타
QUEST_LV_0500_20210805_000959	モクスラスが何かしら持っているはず。{nl}アイツらを捕まえて、所持品を見てみよう。	모크슬라들이 뭐라도 가지고 있을 거야.{nl}녀석들을 잡아서 소지품을 보자.				파야우타
QUEST_LV_0500_20210805_000960	人間に関する研究資料……{nl}この中でも、被っている内容がいくつかあるわね。{nl}これくらいなら十分だと思う。	인간에 관한 연구 자료..{nl}이 중에서도 겹치는 내용이 꽤 있네.{nl}이 정도면 충분한 거 같아.				파야우타
QUEST_LV_0500_20210805_000961	証拠品はあたしが持っているわ。	증거물들은 내가 가지고 있을게.				파야우타
QUEST_LV_0500_20210805_000962	近くにパウリウスがいるはず。{nl}捜しましょう。	근처에 파울루스가 있을 거야.{nl}파울루스를 찾아보자.				파야우타
QUEST_LV_0500_20210805_000963	無事戻られましたか。{nl}パヤウタ、兄さんの代わりをしてくれて、本当にありがとう。	무사히 들어오셨군요.{nl}파야우타, 이 오빠를 대신해줘서 정말 고맙다.				파울루스
QUEST_LV_0500_20210805_000964	啓示者様。{nl}この辺に見えるデスクたちは、モクスラスたちの研究の記録紙や必要な資料を保管しているところなのです。	계시자님.{nl}이 근처에 보이시는 책장들은 모크슬라들이 연구의 기록지나 필요한 자료들을 보관하는 곳입니다.				파울루스
QUEST_LV_0500_20210805_000965	きっと、あの残酷な実験のために必要だった何かがあるはずです。	분명히 그 끔찍한 실험을 위해 필요했을 무언가가 있을 겁니다.				파울루스
QUEST_LV_0500_20210805_000966	資料を見つけましたら、もう一度ここへ戻ってきてください。{nl}僕は少しの間身を隠しています。	자료를 찾으시면 다시 이곳으로 와주세요.{nl}저는 잠시 피해 있겠습니다.				파울루스
QUEST_LV_0500_20210805_000967	クイップメイジの研究か……	큅메이지의 연구라..				파울루스
QUEST_LV_0500_20210805_000968	クイップメイジは、魔族となった元人間です。{nl}注視者はクルビナを使って人間を魔族に作り変える実験を強行していましたから……	큅 메이지는 마족이 된 인간이죠.{nl}주시자는 크루비나를 이용해 인간을 마족으로 만드는 실험을 강행했으니..				파울루스
QUEST_LV_0500_20210805_000969	その資料は確実な証拠になるはずです。	그 자료는 확실한 증거가 될 겁니다.				파울루스
QUEST_LV_0500_20210805_000970	この研究資料もあたしが保管しておくわね。	이 연구 자료도 내가 보관하고 있을게.				파야우타
QUEST_LV_0500_20210805_000971	実験の犠牲となった人達の所持品は、モクスラスが持っているはずです。	실험에 희생당한 사람들의 소지품을 모크슬라들이 가지고 있을 겁니다.				파울루스
QUEST_LV_0500_20210805_000972	アイツらは自分の袋に物を入れる習性があります。{nl}ですが、細かいことを気にする奴らではないせいか、床によく落としていくんです。	녀석들은 자기 주머니에 물건을 채워 넣는 습성이 있습니다.{nl}하지만 꼼꼼한 녀석들은 아니라 바닥에 곧, 잘 흘리고 다닙니다.				파울루스
QUEST_LV_0500_20210805_000973	床に落ちているモクスラス達の袋から、亡くなった人達の所持品を探してみてください。	바닥에 떨어진 모크슬라들의 주머니에서 죽은 사람들의 소지품을 찾아보세요.				파울루스
QUEST_LV_0500_20210805_000974	実験により亡くなった人達が貴族だとしたら、王室でも何か反応を見せるはずです。{nl}中央の通りはモクスラス達がよく通っているところなので、見つけるのはそう難しくないはずです。	실험으로 죽은 사람들이 귀족이라면, 왕실에서도 예민한 반응을 보일 겁니다.{nl}중앙 통로는 모크슬라들이 자주 지나다니는 곳이니 주머니를 쉽게 찾으실 수 있을 겁니다.				파울루스
QUEST_LV_0500_20210805_000975	それと、検査室へ行けば、霊魂拘束剤という重要な研究資料も保管されているはずです。{nl}そこで落ち合いましょう。	그리고 검사실에 가면 영혼 구속제라는 중요한 연구 재료가 보관되어 있을 겁니다.{nl}그곳에서 뵙죠.				파울루스
QUEST_LV_0500_20210805_000976	王国が崩壊している最中でも、宝石だけはきちんと持っていたんだと考えると……ちょっと笑えるわね。	왕국이 무너지는 와중에도 보석이나 챙기고 있었다고 생각하니 조금은 우습네.				파야우타
QUEST_LV_0500_20210805_000977	あたしにちょうだい。保管してるから。	내게 줘, 보관하고 있을게.				파야우타
QUEST_LV_0500_20210805_000978	パウリウスは、霊魂拘束剤という重要な研究材料がこの上にある検査室にあるって言っていたわね。	파울루스는 영혼 구속제라는 중요한 연구 재료가 이 위에 있는 검사실에 있다고 했어.				파야우타
QUEST_LV_0500_20210805_000979	検査室へ急ぎましょう。	서둘러 검사실로 가자.				파야우타
QUEST_LV_0500_20210805_000980	霊魂拘束剤は検査室に保管されているはず。	영혼 구속제는 검사실에 보관되어 있을 거야.				파야우타
QUEST_LV_0500_20210805_000981	よかった。{nl}保管箱を確認してみましょう。	다행이야.{nl}보관함을 확인해 보자.				파야우타
QUEST_LV_0500_20210805_000982	おかしい……{nl}どうして何の反応もないの……？	이상해..{nl}왜 아무 반응도 없는 거지?				파야우타
QUEST_LV_0500_20210805_000983	パウリウスの魂が無事に戻ってきた。	파울루스의 영혼이 무사히 돌아왔다				PC
QUEST_LV_0500_20210805_000984	ああ………{nl}僕の魂が、一時的にバラバラになってしまっていたようですね……	이런..{nl}제 영혼이 부서졌었나 보군요..				파울루스
QUEST_LV_0500_20210805_000985	パヤウタ、心配をかけてごめんね。{nl}啓示者様も、ありがとうございました。	파야우타, 걱정시켜서 미안하구나.{nl}계시자님께도 감사합니다.				파울루스
QUEST_LV_0500_20210805_000986	この先にはアシャーク地下監獄の隔離区域へと繋がる入口があります。{nl}ですが、モクスラス・バルドパスというモクスラス達のボスもそこにいるので、一筋縄ではいかないでしょう。	이 앞은 아샤크 지하 감옥 격리 구역으로 통하는 입구가 있습니다.{nl}그러나, 모크슬라 발도바스라는 모크슬라들의 우두머리가 그 안에 있어서 쉽지 않을 겁니다.				파울루스
QUEST_LV_0500_20210805_000987	モクスラス・バルドパスをこっちに呼び寄せて、その隙に通り抜けた方が良さそうです。{nl}啓示者様はバルドパスを誘導していただけますか？{nl}パヤウタと僕が先に隔離区域へ侵入し、啓示者様が後から無事辿り着けるよう片づけておきます。	모크슬라 발도바스를 이쪽으로 불러들이고 그 사이에 통과하는 게 좋겠습니다.{nl}계시자님께서 발도바스를 유인해주신다면,{nl}파야우타와 제가 먼저 격리 구역으로 진입해 계시자님이 무사히 따라 올 수 있도록 그곳을 정리해두겠습니다.				파울루스
QUEST_LV_0500_20210805_000988	意識を失っている{nl}パヤウタの状態を確認してみよう	의식을 잃었다{nl}파야우타의 상태를 확인하자				PC
QUEST_LV_0500_20210805_000989	ごめん……{nl}油断した。	미안..{nl}방심했어.				파야우타
QUEST_LV_0500_20210805_000990	パウリウスは？	파울루스는?				파야우타
QUEST_LV_0500_20210805_000991	体が言うことをきかない……{nl}きみは大丈夫なの？	몸이 말을 듣지 않아..{nl}너는 괜찮은 거야?				파야우타
QUEST_LV_0500_20210805_000992	お願い。{nl}注視者を逃さないで。	부탁이야.{nl}주시자를 놓치지 마.				파야우타
QUEST_LV_0500_20210805_000993	あたし達を裏切りはしたけど……それでも、パウリウスはあたしの家族なの。{nl}……パウリウスの魂を取り戻して。お願い。	비록 우리를 배신했지만 파울루스는 내 가족이야.{nl}파울루스의 영혼을 되찾아 줘.				파야우타
QUEST_LV_0500_20210805_000994	啓示者がバルドパスを誘導していただければ、{nl}パヤウタと僕が先に隔離区域へ侵入し、啓示者様が後から無事辿り着けるよう片づけておきます。	계시자님께서 레버를 사용해 발도바스를 유인해주신다면,{nl}파야우타와 제가 먼저 격리 구역으로 진입해 계시자님이 따라 올 수 있도록 그곳을 정리해두겠습니다.				파울루스
QUEST_LV_0500_20210805_000995	狂気のマルノックスが逃げられないように、パヤウタと二手に分かれて両側から追い詰めた方が良さそうです。{nl}左右どちらでも構いませんので、お好きな方へ向かってください。	광기의 마르녹스가 도망가지 못하도록 파야우타와 양쪽으로 나뉘어 녀석을 몰아넣는 게 좋습니다.{nl}원하시는 방향으로 먼저 출발하시죠.				파울루스
QUEST_LV_0500_20210805_000996	謎の語り手	의문의 이야기꾼				
QUEST_LV_0500_20210805_000997	{#FF0000}※ヒロイックステージのチュートリアルクエストです。{/}{nl}よくおいでくださいました、啓示者様。	{#FF0000}※ 영웅담 진행을 위한 튜토리얼 퀘스트입니다.{/}{nl}계시자 님 안녕하세요?				의문의 이야기꾼
QUEST_LV_0500_20210805_000998	啓示者様に聞いていただきたい話がありまして、こうして呼んだ次第です。	계시자님에게 들려 드리고 싶은 이야기가 있어서 계시자님을 불렀습니다.				의문의 이야기꾼
QUEST_LV_0500_20210805_000999	いかがでしょう？	어떠실까요?				의문의 이야기꾼
QUEST_LV_0500_20210805_001000	[ヒロイックステージ]遺されなかった物語たち	[영웅담] 남지 못한 이야기들				
QUEST_LV_0500_20210805_001001	話気になる	이야기가 궁금하다고 한다				
QUEST_LV_0500_20210805_001002	地下に隠した秘密たち(1)	지하에 감춘 비밀들(1)				
QUEST_LV_0500_20210805_001003	地下に隠した秘密たち(2)	지하에 감춘 비밀들(2)				
QUEST_LV_0500_20210805_001004	パウリウスのこと信じられない	파울루스를 믿을 수 없다고 한다				
QUEST_LV_0500_20210805_001005	地下に隠した秘密たち(3)	지하에 감춘 비밀들(3)				
QUEST_LV_0500_20210805_001006	少し休もう	잠시 쉬자고 한다				
QUEST_LV_0500_20210805_001007	地下に隠した秘密たち(4)	지하에 감춘 비밀들(4)				
QUEST_LV_0500_20210805_001008	他の用を先に済ませてくる	다른 일을 먼저 하겠다고 한다				
QUEST_LV_0500_20210805_001009	地下に隠した秘密たち(5)	지하에 감춘 비밀들(5)				
QUEST_LV_0500_20210805_001010	地下に隠した秘密たち(6)	지하에 감춘 비밀들(6)				
QUEST_LV_0500_20210805_001011	地下に隠した秘密たち(7)	지하에 감춘 비밀들(7)				
QUEST_LV_0500_20210805_001012	はやく確認しよう	어서 확인하자고 한다				
QUEST_LV_0500_20210805_001013	悪いけどもう少し待ってほしい	미안하지만 기다려달라고 한다				
QUEST_LV_0500_20210805_001014	地下に隠した秘密たち(8)	지하에 감춘 비밀들(8)				
QUEST_LV_0500_20210805_001015	苦しめられている魔将	고통받는 마군주				
QUEST_LV_0500_20210805_001016	右側へ(1)	우측으로(1)				
QUEST_LV_0500_20210805_001017	右側へ(2)	우측으로(2)				
QUEST_LV_0500_20210805_001018	左側へ(1)	좌측으로(1)				
QUEST_LV_0500_20210805_001019	左側へ(2)	좌측으로(2)				
QUEST_LV_0500_20210805_001020	合流	합류				
QUEST_LV_0500_20210805_001021	人間らしい死(1)	인간다운 죽음(1)				
QUEST_LV_0500_20210805_001022	人間らしい死(2)	인간다운 죽음(2)				
QUEST_LV_0500_20210805_001023	気絶している	기절헀다고 한다				
QUEST_LV_0500_20210805_001024	もう一度確認してくる	다시 확인해보겠다고 한다				
QUEST_LV_0500_20210805_001025	説く者、追跡(1)	설교자 쫓기(1)				
QUEST_LV_0500_20210805_001026	説く者、追跡(2)	설교자 쫓기(2)				
QUEST_LV_0500_20210805_001027	説く者、追跡(3)	설교자 쫓기(3)				
QUEST_LV_0500_20210805_001028	説く者、追跡(4)	설교자 쫓기(4)				
QUEST_LV_0500_20210805_001029	説く者、追跡(5)	설교자 쫓기(5)				
QUEST_LV_0500_20210805_001030	説く者、追跡(6)	설교자 쫓기(6)				
QUEST_LV_0500_20210805_001031	説く者、追跡(7)	설교자 쫓기(7)				
QUEST_LV_0500_20210805_001032	説く者、追跡(8)	설교자 쫓기(8)				
QUEST_LV_0500_20210805_001033	説く者、追跡(9)	설교자 쫓기(9)				
QUEST_LV_0500_20210805_001034	説く者、追跡(10)	설교자 쫓기(10)				
QUEST_LV_0500_20210805_001035	説く者、追跡(11)	설교자 쫓기(11)				
QUEST_LV_0500_20210805_001036	今は休もう	지금은 쉬어야겠다고 한다				
QUEST_LV_0500_20210805_001037	聖者の祈祷所	성자의 기도소				
QUEST_LV_0500_20210805_001038	聖者の祈祷所についてもっと訊く	성자의 기도소에 대해 더 묻는다				
QUEST_LV_0500_20210805_001039	分かれ道	갈림길				
QUEST_LV_0500_20210805_001040	王国再建団の頼み	왕국 재건단의 부탁				
QUEST_LV_0500_20210805_001041	啓示者であることを明かして手伝う	계시자임을 밝히고 기꺼이 돕겠다고 한다				
QUEST_LV_0500_20210805_001042	レンパリサ池の魔族達	렘파라사 연못의 마족들				
QUEST_LV_0500_20210805_001043	支援が無いと嫌だ	지원이 없으면 싫다고 한다				
QUEST_LV_0500_20210805_001044	懐かしい人物	반가운 얼굴				
QUEST_LV_0500_20210805_001045	最善の防御とは攻撃(1)	최선의 방어는 공격(1)				
QUEST_LV_0500_20210805_001046	その計画はちょっと微妙……	계획이 마음에 들지 않는다고 한다				
QUEST_LV_0500_20210805_001047	最善の防御とは攻撃(2)	최선의 방어는 공격(2)				
QUEST_LV_0500_20210805_001048	先行する	앞장서겠다고 한다				
QUEST_LV_0500_20210805_001049	重ね橋の森へ向かいましょう。	덧댄다리 숲으로 향하세요				
QUEST_LV_0500_20210805_001050	全てにおいて不足している状況	모든 것이 부족한 상황				
QUEST_LV_0500_20210805_001051	パヤウタと相談してみるよ	파야우타와 의논해보겠다고 한다				
QUEST_LV_0500_20210805_001052	仕方がない	별 수 없다고 한다				
QUEST_LV_0500_20210805_001053	良い方法(1)	좋은 방법(1)				
QUEST_LV_0500_20210805_001054	天才的な発想だ…！	천재적인 발상이라고 한다				
QUEST_LV_0500_20210805_001055	ちょっとまだ混乱してる…	혼란스럽다고 한다				
QUEST_LV_0500_20210805_001056	良い方法(2)	좋은 방법(2)				
QUEST_LV_0500_20210805_001057	良い方法(3)	좋은 방법(3)				
QUEST_LV_0500_20210805_001058	良い方法(4)	좋은 방법(4)				
QUEST_LV_0500_20210805_001059	素晴らしい物資	훌륭한 물자				
QUEST_LV_0500_20210805_001060	一緒に行くよ	같이 가겠다고 한다				
QUEST_LV_0500_20210805_001061	相談してみるよ	의논해보겠다고 한다				
QUEST_LV_0500_20210805_001062	オルシャ被害復旧班に続いて、パウフィスの渡し場へ移動しましょう	오르샤 피해 복구반을 따라 파우피스 나루로 이동하세요				
QUEST_LV_0500_20210805_001063	また別の被害者達	또 다른 피해자들				
QUEST_LV_0500_20210805_001064	最大限探してみる	최대한 찾아보겠다고 한다				
QUEST_LV_0500_20210805_001065	残される人のないように	남겨지는 사람이 없도록				
QUEST_LV_0500_20210805_001066	見込みが無さそうな話だ	가망 없는 이야기라고 한다				
QUEST_LV_0500_20210805_001067	失った記憶	잃어버린 기억				
QUEST_LV_0500_20210805_001068	もう少しだけ付き添うよ	좀 더 함께 다니겠다고 한다				
QUEST_LV_0500_20210805_001069	何者かがあなたに聞かせたい話があるそうです	누군가 당신에게 들려줄 이야기가 있습니다				
QUEST_LV_0500_20210805_001070	何者かが啓示者であるあなたに特別に話したいことがあるそうです	누군가 계시자인 당신에게 특별한 이야기를 해주고 싶어합니다				
QUEST_LV_0500_20210805_001071	忘れ去られた物語の本文を読んでみしょう	잊혀진 이야기의 서문을 읽어보세요				
QUEST_LV_0500_20210805_001072	初めてきた場所な気もするが、どこか馴染みのある感じもする空間に移動しました{nl}語り手の話を少しずつ順に聞いていきましょう	낯설기도 하지만 익숙한 느낌이 가득한 공간으로 이동했습니다{nl}이야기꾼의 이야기를 차근차근 들어보세요				
QUEST_LV_0500_20210805_001073	語り手に話しかけてください。	이야기꾼과 대화하세요.				
QUEST_LV_0500_20210805_001074	語り手の話はこれにておしまい	이야기꾼의 이야기가 끝났습니다				
QUEST_LV_0500_20210805_001075	オルシャの領主と会う	오르샤의 영주를 만나기				
QUEST_LV_0500_20210805_001076	オルシャの領主イネッサ・ヘモンデールがあなたを待っています。{nl}オルシャの領主の元を訪ねて、話を聞いてみましょう{nl}	오르샤의 영주 이네사 해먼데일이 당신을 기다리고 있습니다{nl}오르샤의 영주를 찾아가 이야기를 들어보세요{nl}				
QUEST_LV_0500_20210805_001077	アシャーク地下監獄1階の入口を塞いでいるクルビナの壁を調査	아샤크 지하 감옥 1층의 입구를 막아선 크루비나 장벽을 조사하기				
QUEST_LV_0500_20210805_001078	オルシャの領主は、あなたにパウフィスの渡し場とアシャーク地下監獄1階入り口を塞いでいる巨大なクルビナの壁について疑問を述べました{nl}同時にアシャーク地下監獄に関する調査もお願いされました{nl}アシャーク地下監獄2階へ侵入する前にクルビナの壁を先に調べてみましょう	오르샤의 영주는 당신에게 파우피스 나루와 아샤크 지하 감옥 1층의 입구를 차단하고 있는 거대한 크루비나 장벽에 대해 의문을 이야기했습니다{nl}그와 함께 아샤크 지하 감옥에 대한 조사를 부탁했습니다{nl}아샤크 지하 감옥 2층으로 진입하기 전에 크루비나 장벽을 먼저 조사해보세요				
QUEST_LV_0500_20210805_001079	アシャーク地下監獄2階へ侵入	아샤크 지하 감옥 2층 진입하기				
QUEST_LV_0500_20210805_001080	広いオルシャの近くに、クルビナの壁がそびえ立っている様がなんだか怪しさを感じさせています{nl}オルシャの領主が教えてくれた侵入経路を通ってアシャーク地下監獄2階へ移動しましょう	넓은 오르샤 근방에 거대한 크루비나 장벽이 서 있는 게 수상합니다{nl}오르샤의 영주가 일러준 진입로를 통해 아샤크 지하 감옥 2층으로 이동하세요				
QUEST_LV_0500_20210805_001081	パウリウスと話す	파울루스와 이야기하기				
QUEST_LV_0500_20210805_001082	パヤウタの兄であるパウリウスと出会いました{nl}彼と話をしてみましょう	파야우타의 오빠인 파울루스를 만났습니다{nl}그와 이야기해보세요				
QUEST_LV_0500_20210805_001083	本格的な調査の前に、まずはモンスターを倒しましょう	본격적인 조사에 앞서 몬스터들을 정리하세요				
QUEST_LV_0500_20210805_001084	注視者が起こした蛮行についての証拠を集めるため、調査する必要があります。{nl}調査が邪魔されないように、周辺のモンスターを倒しましょう。	주시자가 벌인 만행에 대한 증거를 모으기 위해 조사를 시작해야 합니다{nl}조사에 방해가 되지 않도록 주변 몬스터를 처치하세요				
QUEST_LV_0500_20210805_001085	パヤウタと話す	파야우타와 대화하기				
QUEST_LV_0500_20210805_001086	攻撃してくるモンスターたちを十分に倒しました。{nl}次はどうするべきかパヤウタと相談しましょう	공격해오는 몬스터들을 충분히 제거했습니다{nl}다음 목표를 위해 파야우타와 상의하세요				
QUEST_LV_0500_20210805_001087	次の行動についてパヤウタと話し合いましょう	이다음을 위해 파야우타와 논의하세요				
QUEST_LV_0500_20210805_001088	モンスターから研究材料を盗もう	몬스터들로부터 연구자료 훔치기				
QUEST_LV_0500_20210805_001089	モクスラスたちが持っている研究材料は重要な証拠品です{nl}モクスラスたちを倒して研究材料を奪取しましょう	모크슬라들이 가지고 있는 연구 자료는 중요한 증거물입니다{nl}모크슬라들을 처치하고 그들의 연구자료를 탈취하세요				
QUEST_LV_0500_20210805_001090	モクスラスから十分な量の資料を盗みました。{nl}次の行動についてパヤウタと話し合いましょう	모크슬라들로부터 충분한 자료들을 훔쳤습니다{nl}파야우타와 대화하고 다음 할 일을 이야기하세요				
QUEST_LV_0500_20210805_001091	モクスラス討伐	모크슬라 처치				
QUEST_LV_0500_20210805_001092	パウリウス捜し	파울루스를 찾기				
QUEST_LV_0500_20210805_001093	パウリウスを捜しましょう	파울루스를 찾으세요				
QUEST_LV_0500_20210805_001094	研究資料を調査	연구 자료를 조사하기				
QUEST_LV_0500_20210805_001095	モクスラスたちの研究資料はすべて重要なものですが、その中でも特に核心に迫り成果へとつながる研究に関する資料が別に存在するらしいです{nl}デスクから資料を探しましょう	모크슬라들의 연구 자료는 중요한 자료이지만, 정작 중요한 핵심적인 연구의 성과를 이룰 수 있는 연구에 대해 적힌 자료는 따로 있다고 합니다{nl}책장에서 자료를 찾아야합니다				
QUEST_LV_0500_20210805_001096	注視者とクイップメイジの取引について記されている書籍を見つけました{nl}パウリウスに書籍を見せましょう	주시자와 퀩 메이지의 거래에 관한 이야기가 적힌 서적을 찾았습니다{nl}파울루스에게 서적을 보여주세요				
QUEST_LV_0500_20210805_001097	重要な研究資料を獲得{nl}重要な研究資料はPT共有で獲得できません	중요한 연구 자료 획득{nl}중요한 연구 자료는 파티 공유로 획득되지 않습니다.				
QUEST_LV_0500_20210805_001098	パウリウスと会話	파울루스와 대화하기				
QUEST_LV_0500_20210805_001099	注視者が研究を目指していたのかについて記された証拠を確保しました{nl}パウリウスと次の行動について話し合いましょう	주시자가 어떤 연구를 목표로하는 지에 대한 증거를 확보했습니다{nl}파울루스와 다음 할 일에 대해 이야기하세요				
QUEST_LV_0500_20210805_001100	モクスラスたちが落とした紛失物を回収	모크슬라들이 떨어뜨린 분실물 회수				
QUEST_LV_0500_20210805_001101	研究の犠牲となった対象が人間であったことを証明する証拠が必要です。{nl}几帳面じゃないモクスラスたちは、よく所持品を落としていくらしいです{nl}モクスラスたちが落とした犠牲者の所持品を回収しましょう	연구에 희생된 대상이 인간들임을 증명할 수 있는 증거가 필요합니다{nl}모크슬라들은 꼼꼼하지 못한 성격이니 쉽게 소지품을 떨어뜨린다고 합니다{nl}모크슬라들이 떨어뜨린 희생된 인간들의 소지품을 회수하세요				
QUEST_LV_0500_20210805_001102	王室の高官たちの所持品だと思われる価値の高い物品たちを発見しました{nl}パヤウタに所持品を預けて次の行動について話し合いましょう	왕실 고위 인사들의 소지품으로 추정되는 값비싼 물건들을 발견했습니다{nl}파야우타에게 소지품들을 맡기고 다음 목표에 관해 이야기하세요				
QUEST_LV_0500_20210805_001103	パヤウタと次の行動について話し合いましょう	파야우타와 다음 목표에 관해 이야기 하세요				
QUEST_LV_0500_20210805_001104	壊れた保管箱の調査	고장 난 보관함 조사하기				
QUEST_LV_0500_20210805_001105	壊れた保管箱を調べてください	고장 난 보관함을 조사하세요				
QUEST_LV_0500_20210805_001106	モンスターたちの襲撃を防ぎました{nl}パヤウタに話しかけてください	몬스터들의 습격을 방어했습니다{nl}파야우타와 대화하세요				
QUEST_LV_0500_20210805_001107	壊れた保管箱を確認	고장난 보관함 확인하기				
QUEST_LV_0500_20210805_001108	壊れた保管箱を確認してください	고장 난 보관함을 확인하세요				
QUEST_LV_0500_20210805_001109	欠片となってしまったパウリウスの魂を回収する{nl}霊魂をすべて集めると、安全な場所へ移動した後パウリウスの魂を戻すことができます	조각난 파울루스의 영혼을 회수하기{nl}영혼을 모두 모으면 안전한 곳으로 이동해 파울루스의 영혼을 복구할 수 있습니다				
QUEST_LV_0500_20210805_001110	壊れた保管箱から霊魂拘束剤を獲得するのに成功しました{nl}しかし爆発の影響でパウリウスの魂までバラバラに散ってしまいました{nl}パウリウスの魂が完全に消えてしまう前に、バラバラになった霊魂たちをもう一度集めてください{nl}霊魂をすべて集めた後、安全な場所へ移動するとパウリウスの魂を戻すことができます。	고장 난 보관함에서 성공적으로 영혼 구속제를 획득했습니다{nl}그러나, 폭발의 영향으로 파울루스의 영혼까지 조각나버렸습니다{nl}파울루스의 영혼이 완전히 사라지기 전에 그의 영혼들을 다시 모으세요{nl}영혼을 모두 모으면 안전한 곳으로 이동해 파울루스의 영혼을 복구할 수 있습니다				
QUEST_LV_0500_20210805_001111	パウリウスと話す{nl}霊魂をすべて集めたら、安全なところへ移動し、パウリウスの魂を戻してください。	파울루스와 대화하기{nl}영혼을 모두 모으면 안전한 곳으로 이동해 파울루스의 영혼을 복구하세요				
QUEST_LV_0500_20210805_001112	無事パウリウスの霊魂をすべて集めることができました{nl}パウリウスと会話をしましょう	다행히 파울루스의 영혼을 모두 모았습니다{nl}파울루스와 이야기하세요				
QUEST_LV_0500_20210805_001113	パウリウスに話しかけてください	파울루스와 대화하세요				
QUEST_LV_0500_20210805_001114	レバーを作動させる	레버 작동시키기				
QUEST_LV_0500_20210805_001115	アシャーク地下監獄各陸域へ侵入するためには、モクスラスたちのボスを倒す必要があります{nl}レバーを作動させて、モクスラス・バルドパスを呼び寄せましょう	아샤크 지하 감옥 격리 구역으로 진입하기 위해서는 모크슬라들의 우두머리를 처치해야 합니다{nl}레버를 작동시켜 모크슬라 발도바스를 부르세요				
QUEST_LV_0500_20210805_001116	あシャーク地下監獄隔離区域へ侵入	아샤크 지하 감옥 격리구역으로 진입하기				
QUEST_LV_0500_20210805_001117	モクスラス・バルドパスを倒しました{nl}これで隔離区域へ安全に侵入することができます	모크슬라 발도바스를 처치했습니다{nl}이제 안전하게 격리 구역으로 진입할 수 있습니다				
QUEST_LV_0500_20210805_001118	アシャーク地下監獄隔離区域へ向かう	아샤크 지하 감옥 격리 구역으로 향하기				
QUEST_LV_0500_20210805_001119	アシャーク地下監獄隔離区域へ移動しましょう{nl}パウリウスとパヤウタが待っています	아샤크 지하 감옥 격리 구역으로 이동하세요{nl}파울루스와 파야우타가 기다리고 있습니다				
QUEST_LV_0500_20210805_001120	狂気のマルノックスの阻止	광기의 마르녹스 막기				
QUEST_LV_0500_20210805_001121	襲い来る狂気のマルノックスを倒しましょう	습격한 광기의 마르녹스를 저지하세요				
QUEST_LV_0500_20210805_001122	狂気のマルノックスは追い込まれるや否や逃げ出しました{nl}パウリウスと会話しましょう	광기의 마르녹스가 수세에 몰리자 도망쳤습니다{nl}파울루스와 대화하세요				
QUEST_LV_0500_20210805_001123	右側へ向かい、マルノックスの退路を遮断	우측으로 마르녹스의 퇴로를 차단하기				
QUEST_LV_0500_20210805_001124	右側の道へ移動してマルノックスの退路を断ちましょう	오른쪽의 길로 이동하며 마르녹스의 퇴로를 차단하세요				
QUEST_LV_0500_20210805_001125	マルノックスの部下たちを倒して罠を設置しましょう	마르녹스의 부하들을 처치하고 함정 설치하기				
QUEST_LV_0500_20210805_001126	狂気のマルノックスに従う群れを倒した後、罠を設置して退路を断ちましょう	광기의 마르녹스를 따르는 무리를 처치하고 함정을 설치해 퇴로를 차단하세요				
QUEST_LV_0500_20210805_001127	次の地点まで狂気のマルノックスを追い込む	다음 지점으로 광기의 마르녹스를 계속 몰아넣기				
QUEST_LV_0500_20210805_001128	最初の地点に爆弾を設置し、マルノックスに従う群れを倒しました。{nl}次の地点に向かって移動してください	첫 번째 지점에 폭탄을 설치하고 마르녹스를 따르는 무리를 처치했습니다{nl}다음 지점을 향해 이동하세요				
QUEST_LV_0500_20210805_001129	狂気のマルノックスを撃退して爆弾を設置	광기의 마르녹스를 상대하고 폭탄을 설치하기				
QUEST_LV_0500_20210805_001130	狂気のマルノックスを見つけました{nl}狂気のマルノックスを撃退して爆弾を設置しましょう	광기의 마르녹스를 발견했습니다{nl}광기의 마르녹스를 격퇴하고 폭탄을 설치하세요				
QUEST_LV_0500_20210805_001131	左側へ向かい、マルノックスの退路を遮断	좌측으로 마르녹스의 퇴로를 차단하기				
QUEST_LV_0500_20210805_001132	左側の道へ移動してマルノックスの退路を断ちましょう	왼쪽의 길로 이동가며 마르녹스의 퇴로를 차단하세요				
QUEST_LV_0500_20210805_001133	パヤウタと合流	파야우타와 합류하기				
QUEST_LV_0500_20210805_001134	片方の道の退路をすべて断ちました{nl}合流地点へ向かい、パヤウタと合流しましょう	한 쪽 길의 퇴로를 모두 막았습니다{nl}합류 지점에서 파야우타와 합류하세요				
QUEST_LV_0500_20210805_001135	襲いかかってくるモンスターを撃退	습격하는 몬스터들 격퇴하기				
QUEST_LV_0500_20210805_001136	狂気のマルノックスが行き止まりに追い込まれ、中央の監視地域へ逃亡しました{nl}狂気のマルノックスとパヤウタの後を追うためにも、襲いかかってくるモンスターを倒しましょう	광기의 마르녹스가 막다른 길에 몰리자 중앙 감시 지역으로 도망쳤습니다{nl}광기의 마르녹스와 파야우타의 뒤를 쫓기 위해 습격해오는 몬스터들을 처치하세요				
QUEST_LV_0500_20210805_001137	パヤウタと話す	파야우타와 이야기하기				
QUEST_LV_0500_20210805_001138	狂気のマルノックスが中央監視地域へ逃げ出しました{nl}追いかける前にパヤウタと話し合いましょう	광기의 마르녹스가 중앙 감시 지역으로 도망쳤습니다{nl}마지막으로 그를 쫓기 전에 파야우타와 대화하세요				
QUEST_LV_0500_20210805_001139	襲い掛かってくるモンスターを倒す	습격해오는 몬스터들 처치				
QUEST_LV_0500_20210805_001140	中央監視区域へ向かう	중앙 감시 구역으로 가기				
QUEST_LV_0500_20210805_001141	モンスターたちの襲撃を凌ぎました{nl}パヤウタと狂気のマルノックスが向かった中央監視区域へ移動しましょう	몬스터들의 습격을 막아냈습니다{nl}파야우타와 광기의 마르녹스가 사라진 중앙 감시 구역으로 이동하세요				
QUEST_LV_0500_20210805_001142	パウリウスを倒す	파울루스 처치하기				
QUEST_LV_0500_20210805_001143	パウリウスが本性を現してパヤウタに襲いかかりました{nl}狂気のマルノックスの体を支配しているパウリウスを倒しましょう	파울루스가 본색을 드러내고 파야우타를 습격했습니다{nl}광기의 마르녹스의 몸을 지배하고 있는 파울루스를 저지하세요				
QUEST_LV_0500_20210805_001144	倒れているパウリウスの状態を確認	쓰러진 파울루스의 상태를 확인하기				
QUEST_LV_0500_20210805_001145	倒れたパウリウスの状態を確認してみましょう	쓰러진 파울루스의 상태를 확인하세요				
QUEST_LV_0500_20210805_001146	パウリウス撃退	파울루스 처치				
QUEST_LV_0500_20210805_001147	パヤウタの状態を確認	파야우타의 상태를 확인하기				
QUEST_LV_0500_20210805_001148	パヤウタの状態を確認してみましょう	파야우타의 상태를 확인하세요				
QUEST_LV_0500_20210805_001149	注視者を追う前にパヤウタに話しかけましょう	주시자를 쫓기 전에 파야우타와 이야기하세요				
QUEST_LV_0500_20210805_001150	注視者を追跡	주시자를 추적하기				
QUEST_LV_0500_20210805_001151	注視者を追跡しましょう	주시자를 추적하세요				
QUEST_LV_0500_20210805_001152	注視者を追撃	주시자 추격하기				
QUEST_LV_0500_20210805_001153	注視者の後を追ってください	주시자를 쫓아가세요				
QUEST_LV_0500_20210805_001154	注視者はどこかへ向かいながらあなたに語りかけてきます{nl}モンスターたちの攻撃を凌ぎつつ注視者を追いましょう	주시자는 어딘가로 향하며 당신에게 이야기하고 있습니다{nl}몬스터들의 공격을 뚫고 주시자를 쫓으세요				
QUEST_LV_0500_20210805_001155	注視者が姿を晦ました方向へ追いかけましょう	주시자가 사라진 방향으로 주시자를 추격하세요				
QUEST_LV_0500_20210805_001156	モンスターを倒して注視者を追跡	몬스터를 처치하고 주시자 추격하기				
QUEST_LV_0500_20210805_001157	モンスターたちの襲撃を凌いで注視者を追ってください	몬스터들의 습격을 저지하고 주시자를 추격하세요				
QUEST_LV_0500_20210805_001158	注視者が姿を消した方向へ向かい、注視者を追いかけましょう	주시자가 사라진 방향으로 주시자를 쫓아가세요				
QUEST_LV_0500_20210805_001159	モンスターたちの襲撃を凌いで注視者を追ってください	몬스터들의 습격을 저지하고 주시자를 쫓으세요				
QUEST_LV_0500_20210805_001160	役立たずのアボミネーションを撃退	쓸모없는 어보미네이션을 처치하기				
QUEST_LV_0500_20210805_001161	役立たずのアボミネーションが出現しました{nl}アボミネーションを倒して注視者を追いましょう	쓸모없는 어보미네이션이 나타났습니다{nl}어보미네이션을 처치하고 주시자를 추격하세요				
QUEST_LV_0500_20210805_001162	注視者を追撃	주시자 추격				
QUEST_LV_0500_20210805_001163	襲撃を凌ぐ	습격을 막아내기				
QUEST_LV_0500_20210805_001164	襲いかかるモンスターたちを倒して注視者を引き続き追ってください	습격해오는 몬스터들을 처치하고 주시자를 계속 추격하세요				
QUEST_LV_0500_20210805_001165	クルビナの壁を壊す	크루비나 장벽을 부수기				
QUEST_LV_0500_20210805_001166	注視者が作りだしたクルビナの壁を壊し、後を追ってください	주시자가 만들어낸 크루비나 장벽을 부수고 주시자를 추격하세요				
QUEST_LV_0500_20210805_001167	%s 破壊	%s 부수기				
QUEST_LV_0500_20210805_001168	立ちはだかる敵をすべて倒す	막아서는 적들을 모두 처치하기				
QUEST_LV_0500_20210805_001169	注視者の後を追う為にも、立ちはだかる敵をすべて倒しましょう	주시자를 추격하기 위해 막아서고 있는 적들을 모두 처치하세요				
QUEST_LV_0500_20210805_001170	道をふさいでいるモンスター撃退	길을 막아서고 있는 몬스터 처치				
QUEST_LV_0500_20210805_001171	注視者との戦闘	주시자와 전투				
QUEST_LV_0500_20210805_001172	注視者との対面です{nl}注視者と戦いましょう	주시자가 당신과 대면합니다{nl}주시자를 상대하세요				
QUEST_LV_0500_20210805_001173	注視者と対面	주시자와 대면하기				
QUEST_LV_0500_20210805_001174	注視者と対面しましょう	주시자와 대면하세요				
QUEST_LV_0500_20210805_001175	オルシャの領主と話す	오르샤의 영주와 대화하기				
QUEST_LV_0500_20210805_001176	オルシャの領主と会話しましょう	오르샤의 영주와 대화하세요				
QUEST_LV_0500_20210805_001177	チャプレンマスターから聖者の祈祷所にまつわる噂を聞く	채플린 마스터에게서 성자의 기도소에 관한 소문을 듣기				
QUEST_LV_0500_20210805_001178	チャプレンマスターが啓示者に特別に頼みたいことがあるそうです{nl}チャプレンマスターの元を訪ねて、聖者の祈祷所にまつわる噂を聞いてみましょう	채플린 마스터는 오르샤가 마족에게 침공당한 시점에서 계시자에게 특별히 부탁하고 싶은 일이 있다고 합니다{nl}채플린 마스터를 찾아가 성자의 기도소에 관한 소문을 들으세요				
QUEST_LV_0500_20210805_001179	重ね橋の森のアバリスターマスターを訪ねる	덧댄다리 숲의 아발리스터 마스터를 찾아가기				
QUEST_LV_0500_20210805_001180	チャプレンマスター曰く、アバリスターマスターが言っていた場所こそ聖者の祈祷所である可能性が高いとのこと。{nl}オルシャの支援に来たアバリスターマスターの元を訪ねましょう	채플린 마스터는 아발리스터 마스터가 말했던 장소가 성자의 기도소일 확률이 크다고합니다.{nl}오르샤에 지원 간 아발리스터 마스터를 찾아가세요.				
QUEST_LV_0500_20210805_001181	両側の道の内一方だけを選択して狂気のマルノックスを包囲する	양쪽의 길 중 한 방향을 선택해 광기의 마르녹스 포위하기				
QUEST_LV_0500_20210805_001182	右側の道と左側の道の内どちらかを選び、狂気のマルノックスを包囲しなければなりません	오른쪽 길과 왼쪽 길 중 한 곳을 선택해 광기의 마르녹스를 포위해야 하세요				
QUEST_LV_0500_20210805_001183	Episode13-1地域で変異型モンスター2000匹討伐	Episode13-1 지역에서 변이형 몬스터 2000마리 처치				
QUEST_LV_0500_20210805_001184	Episdoe13-1地域の変異型モンスター討伐	Episode13-1 지역의 변이형 몬스터 처치	QUEST_LV_0500_20210125_000740	Episdoe13地域の変異型モンスター討伐	Episdoe13 지역의 변이형 몬스터 처치	
QUEST_LV_0500_20210805_001185	Episode13-1地域で昆虫、悪魔、植物型モンスター2000匹討伐	Episode13-1 지역에서 곤충, 악마, 식물형 몬스터 2000마리 처치				
QUEST_LV_0500_20210805_001186	Episode13-1地域の昆虫、悪魔、植物型モンスター討伐	Episode13-1 지역의 곤충, 악마, 식물형 몬스터 처치	QUEST_LV_0500_20210125_000742	Episode13地域の昆虫、悪魔、植物型モンスター討伐	Episode13 지역의 곤충, 악마, 식물형 몬스터 처치	
QUEST_LV_0500_20210805_001187	Episode13-1地域で野獣型モンスター2000匹討伐	Episode13-1 지역에서 야수형 몬스터 2000마리 처치				
QUEST_LV_0500_20210805_001188	Episode13-1地域の野獣型モンスター討伐	Episode13-1 지역의 야수형 몬스터 처치	QUEST_LV_0500_20210125_000744	Episode13地域の野獣型モンスター討伐	Episode13 지역의 야수형 몬스터 처치	
QUEST_LV_0500_20210805_001189	Episode13-1地域で大型モンスター3000匹討伐	Episode13-1 지역에서 대형 몬스터 3000마리 처치				
QUEST_LV_0500_20210805_001190	Episode13-1地域の大型モンスター討伐	Episode13-1 지역의 대형 몬스터 처치	QUEST_LV_0500_20210125_000746	Episode13地域の大型モンスター討伐	Episode13 지역의 대형 몬스터 처치	
QUEST_LV_0500_20210805_001191	Episode13-1地域で中型モンスター3000匹討伐	Episode13-1 지역에서 중형 몬스터 3000마리 처치				
QUEST_LV_0500_20210805_001192	Episode13-1地域の中型モンスター討伐	Episode13-1 지역의 중형 몬스터 처치	QUEST_LV_0500_20210125_000748	Episode13地域の中型モンスター討伐	Episode13 지역의 중형 몬스터 처치	
QUEST_LV_0500_20210805_001193	Episode13-1地域で小型モンスター3000匹討伐	Episode13-1 지역에서 소형 몬스터 3000마리 처치				
QUEST_LV_0500_20210805_001194	Episode13-1地域の小型モンスター討伐	Episode13-1 지역의 소형 몬스터 처치	QUEST_LV_0500_20210125_000750	Episode13地域の小型モンスター討伐	Episode13 지역의 소형 몬스터 처치	
QUEST_LV_0500_20210805_001195	Episode13-1地域でモンスター8000匹討伐	Episode13-1 지역에서 몬스터 8000마리 처치				
QUEST_LV_0500_20210805_001196	Episode13-1地域のモンスター討伐	Episode13-1 지역의 몬스터 처치	QUEST_LV_0500_20210125_000752	Episode13地域のモンスター討伐	Episode13 지역의 몬스터 처치	
QUEST_LV_0500_20210805_001197	ヴェルニケの破片ダンジョン20ステージ以上クリア	베르니케 파편 던전 20 스테이지 이상 클리어				
QUEST_LV_0500_20210805_001198	チャレンジモードを10回クリア{nl}フィールドチャレンジ(1人)は3段階以上から進行できます	챌린지 모드 10회 클리어{nl}필드 챌린지(1인)는 3단 이상에서 진행할 수 있습니다.				
QUEST_LV_0500_20210805_001199	Episode13-1地域でモンスター60000匹討伐	Episode13-1 지역에서 몬스터 60000마리 처치				
QUEST_LV_0500_20210805_001200	チャレンジモードを80回クリア{nl}フィールドチャレンジ(1人)は3段階以上から進行できます	챌린지 모드 80회 클리어{nl}필드 챌린지(1인)는 3단 이상에서 진행할 수 있습니다.				
QUEST_LV_0500_20210805_001201	オルシャ被害復旧班の班員と会話	오르샤 피해복구반 단원과 대화				
QUEST_LV_0500_20210805_001202	レンパリサ池でオルシャ被害復旧班班員があなたを待っています	렘파라사 연못에서 오르샤 피해복구반 단원이 당신을 기다리고 있습니다				
QUEST_LV_0500_20210805_001203	臨時の移住民キャンプにいる魔族の討伐	임시 이주민 캠프의 마족 처치				
QUEST_LV_0500_20210805_001204	レンパリサ池に位置している臨時の移住民キャンプの魔族を討伐	렘파라사 연못에 위치한 임시 이주민 캠프의 마족 처치				
QUEST_LV_0500_20210805_001205	魔族の急襲	마족의 급습				
QUEST_LV_0500_20210805_001206	魔族の急襲を退けましょう	마족의 급습을 물리치세요				
QUEST_LV_0500_20210805_001207	レンパリサ池でパヤウタがあなたを待っています	렘파라사 연못에서 파야우타가 당신을 기다리고 있습니다				
QUEST_LV_0500_20210805_001208	アムジナの分かれ道にいる魔族の討伐	암지나 갈림길의 마족 처치				
QUEST_LV_0500_20210805_001209	レンパリサ池へ移動した後、アムジナの分かれ道にいる魔族を討伐しましょう	렘파라사 연못으로 이동 후 암지나 갈림길의 마족을 처치 하세요				
QUEST_LV_0500_20210805_001210	マルコス伐採地にいる魔族の討伐	말코스 벌목지의 마족 처치				
QUEST_LV_0500_20210805_001211	レンパリサ池へ移動した後、マルコス伐採地にいる魔族を討伐しましょう	렘파라사 연못으로 이동 후 말코스 벌목지의 마족을 처치하세요				
QUEST_LV_0500_20210805_001212	重ね橋の森でオルシャ被害復旧班班員があなたを待っています	덧댄다리 숲에서 오르샤 피해복구반 단원이 당신을 기다리고 있습니다				
QUEST_LV_0500_20210805_001213	重ね橋の森でパヤウタがあなたを待っています	덧댄다리 숲에서 파야우타가 당신을 기다리고 있습니다				
QUEST_LV_0500_20210805_001214	ダルバスキャリアーからシャベルを奪う	다르바스 캐리어에게 삽 빼앗기				
QUEST_LV_0500_20210805_001215	重ね橋の森でダルバスキャリアーを倒してシャベルを奪い、パヤウタへ渡しましょう	덧댄다리 숲에서 다르바스 캐리어를 처치하고 삽을 빼앗아 파야우타에게 건네주세요				
QUEST_LV_0500_20210805_001216	ダルバスマイナーからつるはしを奪う	다르바스 캐리어에게 곡괭이 빼앗기				
QUEST_LV_0500_20210805_001217	重ね橋の森でダルバスマイナーを倒してつるはしを奪い、パヤウタへ渡しましょう	덧댄다리 숲에서 다르바스 캐리어를 처치하고 곡괭이를 빼앗아 파야우타에게 건네주세요				
QUEST_LV_0500_20210805_001218	ダルバスマイナーからつるはしを奪う	다르바스 마이너에게 곡괭이 빼앗기				
QUEST_LV_0500_20210805_001219	ダルバスローダーから石材を奪う	다르바스 로더에게 석재 빼앗기				
QUEST_LV_0500_20210805_001220	重ね橋の森でダルバスローダーを倒して石材を奪い、パヤウタへ渡しましょう	덧댄다리 숲에서 다르바스 로더를 처치하고 석재를 빼앗아 파야우타에게 건네주세요				
QUEST_LV_0500_20210805_001221	パウフィスの渡し場でオルシャ被害復旧班班員があなたを待っています	파우피스 나루에서 오르샤 피해복구반 단원이 당신을 기다리고 있습니다				
QUEST_LV_0500_20210805_001222	パウフィスの渡し場でパヤウタがあなたを待っています	파우피스 나루에서 파야우타가 당신을 기다리고 있습니다				
QUEST_LV_0500_20210805_001223	パウフィスの渡し場にいる孤立した住民の捜索	파우피스 나루의 고립된 주민 수색				
QUEST_LV_0500_20210805_001224	パウフィスの渡し場地域に位置している民家へ向かい、孤立してる住民がいないか捜索しましょう	파우피스 나루 지역에 위치한 민가에서 고립된 주민이 있는지 수색하세요				
QUEST_LV_0500_20210805_001225	アシャーク地下監獄の方向を捜索	아샤크 지하 감옥 방향 수색				
QUEST_LV_0500_20210805_001226	パヤウタはパウフィスの渡し場でもう少し確かめることがあるそうです。パヤウタと共にパウフィスの渡し場を捜索しましょう。	파야우타는 파우피스 나루를 좀 더 확인해보겠다고 합니다. 파야우타와 함께 파우피스 나루를 수색하세요.				
QUEST_LV_0500_20220210_001227	分裂特異点に巻き込まれて命を失わないよう気をつけてください。{nl}とても危険な場所なので、慎重に行動してくださいね。	분열 특이점에 휘말려 아까운 목숨을 잃지 않도록 주의하세요.{nl}분열 특이점에서는 행동을 주의하세요. 무척 위험한 장소입니다.	QUEST_LV_0500_20200907_000243	次元の崩壊と分裂特異点に巻き込まれて命を失わないよう気をつけてください。{nl}特に分裂特異点では慎重に行動してください。とても危険な場所です。	차원 붕괴와 분열 특이점에 휘말려 아까운 목숨을 잃지 않도록 주의하세요.{nl}특히 분열 특이점에서는 행동을 주의하세요. 무척 위험한 장소입니다.	세이지 파견원
QUEST_LV_0500_20220210_001228	公邸の警備兵	공관 경비병				
QUEST_LV_0500_20220210_001229	お待ちください！{nl}訪問客の方々には、全員身分と訪問理由をお聞きしています。{nl}ですので、あなたも順番が回ってくるまで暫しお待ちください。	멈추십시오!{nl}방문객들은 모두 신분과 방문 사유를 검사하고 있습니다.{nl}그러니 당신도 차례가 올 때까지 기다리셔야 합니다.				공관 경비병
QUEST_LV_0500_20220210_001230	少女の幻影	소녀의 환영				
QUEST_LV_0500_20220210_001231	私に導かれて、ここまで来たんだね。{nl}不安な人間達の中でも、君の存在をはっきりと感じ取れる。	내 인도를 따라 여기까지 왔구나.{nl}불안한 인간들 사이에서도 네 존재가 확실히 느껴져.				소녀의 환영
QUEST_LV_0500_20220210_001232	君は私の宿命に縛られてる。{nl}だから、私の導きにそのまま従ってほしいの。	너는 내 숙명에 묶여 있어.{nl}그러니 내 인도를 받아들이고 따라줬으면 해.				소녀의 환영
QUEST_LV_0500_20220210_001233	私は、君が定められた時間にオルシャへ辿り着けるように導く。{nl}だからここで時間を無駄にするわけにはいかない。	난 너를 정해진 시간에 오르샤에 도착할 수 있게 할 거야.{nl}그러니 여기서 이렇게 시간을 낭비하고 있을 수 없다.				소녀의 환영
QUEST_LV_0500_20220210_001234	じきに戦闘が始まる。{nl}君でも十分戦える相手だから心配しないで、準備できたら言って。	곧 전투가 시작될 거야.{nl}네가 충분히 상대할 수 있는 상대이니 준비되면 말해줘.				소녀의 환영
QUEST_LV_0500_20220210_001235	大将軍ラミン	대장군 라민				
QUEST_LV_0500_20220210_001236	入口の魔族達を倒したというのは君か？{nl}ただの避難民ではなさそうだな。{nl}何者だ？	입구의 마족들을 처치한 게 자네인가?{nl}단순한 피난민은 아닌 것 같군.{nl}자넨 누구지?				대장군 라민
QUEST_LV_0500_20220210_001237	啓示の夢を見た、か……。	계시의 꿈을 꾸고 왔단 말이군.				대장군 라민
QUEST_LV_0500_20220210_001238	聞いた話によれば、王国にも君と同じく啓示の夢を見た者がいるらしい。{nl}それも、かなりの数のな。	왕국에도 그런 자들이 있다는 소식을 들었지.{nl}그것도 아주 많이.				대장군 라민
QUEST_LV_0500_20220210_001239	ある日の夜、女神が夢に現れてどこかへ向かうのだと話をする人々。{nl}そうして数十、数百人の人が押し寄せてくるって考えてみろ。{nl}君が指揮官なら、そんな人々を信じることができるか？	여신이 어느 날 밤 자네 같은 사람들의 꿈에 나타나 어딘가로 향한다는 이야기를 했고.{nl}그래서 수십 수 백명이 몰려든다고 생각해보게.{nl}자네가 지휘관이라면 그런 사람들을 믿을 수 있겠나?				대장군 라민
QUEST_LV_0500_20220210_001240	{nl}しかも王国本土でもなく、このモロス群島で啓示者と名乗るとは……{nl}到底信じ難い。	{nl}게다가 왕국 본토도 아닌, 모로스 섬에서 계시자라 주장하다니.{nl}신뢰하기 힘들어.				대장군 라민
QUEST_LV_0500_20220210_001241	{nl}だが「啓示者と名乗る者が来たら、ひとまず会わせてほしい」と、カオニーラ姫様からのお達しもある。{nl}とりあえず、まずは姫様の元へ向かうといい。{nl}	{nl}하지만 카오닐라 공주님께서 계시자라 주장하는 사람이 오면 일단 만나보겠다고 하셨으니..{nl}공주님을 찾아가 보게.{nl}				대장군 라민
QUEST_LV_0500_20220210_001242	{nl}啓示者と名乗る者達が、王国のクラペダに集まり始めた。{nl}もう昔のことだけど、ライマがその人たちの中に本物の啓示者1人を紛れ込ませたの。{nl}ギルティネがその子を見つけ出せないように。	계시자라 주장하는 자들이 왕국의 클라페다로 모여들기 시작했어.{nl}오래된 이야기지만 라이마는 그들 사이에 진실된 계시자 한 명을 숨겼지.{nl}길티네가 찾을 수 없도록 말이야.				소녀의 환영
QUEST_LV_0500_20220210_001243	でも私が君に見せた夢は、ライマによるものじゃない。{nl}君は私のためにここへ来たのであって、ライマの啓示は君にとって関係のないもの。{nl}でも王国の人達から信頼を得られるほどの、啓示者並みの立派な「身分」もないから。{nl}当分は啓示者として生きててほしい。	하지만 내가 네게 보여준 꿈은 라이마가 보여준 게 아니야.{nl}넌 나를 위해 여기 온 것이고 라이마의 계시는 너와 상관없어.{nl}하지만 왕국의 인간들에게 신뢰를 얻으려면 계시자만큼 훌륭한 신분도 없으니까.{nl}당분간 계시자로 살아가 줘.				소녀의 환영
QUEST_LV_0500_20220210_001244	姫に会う前に、君が実力者であることを示す必要がある。{nl}もちろん公邸に現れた魔族たちを倒すだけでもいいよ。倒したのが啓示の夢を見た啓示者だとしたら説得力もあると思う。	공주를 만나기 전에 네가 실력자라는 사실을 보여줄 필요가 있어.{nl}물론 공관에 나타난 마족들을 처치한 것만으로도 충분하고 그게 계시의 꿈을 꾼 계시라면 설득력이 있겠지.				소녀의 환영
QUEST_LV_0500_20220210_001245	{nl}でも、それだけで実力と身分を保障してもらうのは難しいと思う。{nl}私が	{nl}하지만 그것만으로는 실력과 신분을 보장받기 힘들 거야.{nl}내가 				소녀의 환영
QUEST_LV_0500_20220210_001246	をあげる。	를 줄 테니.				소녀의 환영
QUEST_LV_0500_20220210_001247	{nl}インベントリ(F2)の	{nl}인벤토리(F2)의 				소녀의 환영
QUEST_LV_0500_20220210_001248	を使って、クラスを追加してみて。	를 사용해서 직업을 추가해봐.{nl}				소녀의 환영
QUEST_LV_0500_20220210_001249	王国のマスター達が言うには……{nl}君たち啓示者は、習得したクラスを変えたり、学習したスキルを初期化することもできるみたい。{nl}オルシャに到着したら、君もきっと啓示者として沢山支援してもらえるはずだよ。	왕국의 마스터들이 말하길.{nl}너희 계시자들은 배운 직업을 변경하거나 학습한 스킬을 초기화할 수 있는 것 같아.{nl}오르샤에 도착하면 계시자인 너에게 많은 지원이 있을 거야.				소녀의 환영
QUEST_LV_0500_20220210_001250	今は深く迷わずにクラスを選んでほしいな。	지금은 망설이지 말고 직업을 선택해줘.				소녀의 환영
QUEST_LV_0500_20220210_001251	決めたんだね。{nl}インベントリ(F2)に転職したクラスのコスチュームもあるから、身分を表に主張したい時は、着てみるといいよ。	과감한 결정이구나.{nl}인벤토리(F2)에 전직한 직업의 코스튬도 있으니 신분을 돋보이고 싶다면 입어보도록 해.				소녀의 환영
QUEST_LV_0500_20220210_001252	そろそろ、ここの責任者に会いに行ってみて。{nl}彼女は注視者の手から逃れ、王国から逃げ延びてきた王族の内の1人だよ。{nl}王族の中では比較的、モロス群島と良好な関係を維持していたおかげで、ここに定着できたの。	이제 이곳의 책임자를 만나러 가봐.{nl}그녀는 주시자를 피해 왕국에서 도망친 왕족 중 한 명이야.{nl}비교적 왕족 중에선 모로스 군도와 좋은 관계를 유지하고 있어서 이곳에 정착할 수 있었지.				소녀의 환영
QUEST_LV_0500_20220210_001253	彼女から信頼を得るのが、今の君がやるべきこと。{nl}彼女にとって君が十分信頼できる人になったら、また会いに来るよ。	그녀에게 신뢰를 얻는 게 지금 네가 해야 할 일이야.{nl}그녀가 충분히 널 신뢰할 수 있게 되면 다시 널 찾아올게.				소녀의 환영
QUEST_LV_0500_20220210_001254	王族達が注視者から逃げ去った後、王国民達は恐怖と不安の中を過ごしてきた。{nl}国王とその後継ぎ達の行方が知れない今、カオニーラ姫だけが王国民にとって唯一の希望なの。	왕족들이 주시자를 피해 사라진 후 왕국민들은 공포와 불안 속에 살아왔지.{nl}국왕과 그 후손들의 행방이 묘연해진 지금, 카오닐라 공주만이 왕국민들의 유일한 희망이야.				소녀의 환영
QUEST_LV_0500_20220210_001255	カオニーラ・ヘンリュシィ	카오닐라 헨류시				
QUEST_LV_0500_20220210_001256	公邸に侵入した魔族を倒したのはあなただとお聞きしました。{nl}王国を代表して、感謝申し上げます。	공관에 마족이 침입했고 그걸 당신이 처리했다고 들었습니다.{nl}왕국을 대표하여 감사를 표합니다.				카오닐라 헨류시
QUEST_LV_0500_20220210_001257	{nl}それから、啓示の夢を見たそうですね？{nl}オルシャとクラペダから、あなたのような啓示者の話を耳にしたことがあります。{nl}王国は今魔神ギルティネとその魔族達に蹂躙されています。{nl}魔神ギルティネはやはり王国を滅亡させようとしているみたいです。	{nl}그리고 계시의 꿈을 꾸셨다고 하시더군요.{nl}오르샤와 클라페다로부터 당신 같은 계시자의 이야기를 전해 들었습니다.{nl}왕국은 지금 마신 길티네와 그분의 마족들에게 유린당하고 있습니다.{nl}아무래도 마신 길티네는 왕국을 멸망시키려고 하시는 것 같더군요.				카오닐라 헨류시
QUEST_LV_0500_20220210_001258	あなたも夢で見たとは思いますが、女神ライマの予知が間違ってないのだとしたら今頃……	당신도 꿈에서 보았겠지만 라이마 여신의 예지가 틀리지 않았다면 지금쯤이면..				카오닐라 헨류시
QUEST_LV_0500_20220210_001259	{nl}あなたではない、他の啓示者がそれを止めるために奮闘しているところでしょう。	{nl}당신이 아닌 다른 계시자가 그분을 막아서기 위해 분투 중일 것입니다.				카오닐라 헨류시
QUEST_LV_0500_20220210_001260	{nl}もちろん、あなたが偽りの啓示者という意味ではありません。{nl}啓示者と名乗る者達は、並外れた実力で魔族達との戦いで成果をあげているとのことです。{nl}あなたにも相応の実力があるのでしょう。	{nl}물론 당신이 가짜 계시자라는 의미는 아닙니다.{nl}계시자라 주장하는 자들은 뛰어난 실력으로 마족들과의 전투에서 성과를 보이고 있다고 합니다.{nl}당신도 그에 걸맞은 실력이 있겠죠.				카오닐라 헨류시
QUEST_LV_0500_20220210_001261	ここはモロス群島の中でも、王国民が比較的安全に過ごせる数少ない場所の一つです。{nl}ですがここ最近、魔族の侵入が頻繁に起きてまして……{nl}ただの偵察部隊ならまだ安心ですが、何かを目的として接近してきた可能性もあります。	이곳은 모로스 군도에서 왕국민들이 비교적 안전하게 지낼 수 있는 몇 안 되는 곳 중 하나입니다.{nl}하지만 최근 마족들이 빈번하게 침입하고 있습니다.{nl}그저 정찰대라면 다행이겠지만, 뭔가 목적을 갖고 접근하는 것일 수도 있습니다.				카오닐라 헨류시
QUEST_LV_0500_20220210_001262	心当たりはあるのですが……{nl}今はオーウィニア・ディルベンに任せてあるので、彼女が解決してくれるまで信じて待つしかありません。	짐작가는 게 있지만..{nl}지금은 오위니아 딜벤에게 맡겨두었으니 그녀가 해결할 때까지 믿고 기다리는 수밖에 없습니다.				카오닐라 헨류시
QUEST_LV_0500_20220210_001263	あなたがこの公邸に留まり、私達に力を貸してくださるつもりでしたら……この手紙を渡しますので、彼女を訪ねてみてください。{nl}賢い彼女なら、あなたに適している仕事を割り当ててくれるはずです。	당신이 이 공관에 머물며 우릴 도와줄 계획이라면 이 편지를 드릴 테니 그녀를 찾아가 보십시오.{nl}지혜로운 그녀라면 당신에게 적절한 일을 배정해 줄 것입니다.				카오닐라 헨류시
QUEST_LV_0500_20220210_001264	あなたですね、先ほどの騒ぎを治めたのは。{nl}事が大きくなれば、そのうち呼ばれると思ってたのですが、あれから何の連絡もなかったので、一体どんな方が解決してくれたのかと気になっていたところです。	방금 전 소란을 해결한 게 당신이군요.{nl}일이 커지면 저를 부를 텐데 아무런 연락도 없어서 누군지 궁금해하던 참이에요.				오위니아 딜벤
QUEST_LV_0500_20220210_001265	クラペダから魔族達が人間に化けて王国民を攫っているという話を耳にしました。{nl}私達も何か対策を講じるべきです。	클라페다로부터 마족들이 인간으로 변해 왕국민들을 납치한다는 이야기를 들었습니다.{nl}우리도 뭔가 대비를 해야 합니다.				카오닐라 헨류시
QUEST_LV_0500_20220210_001266	うーん……{nl}姫様は本当に心配性ですね。{nl}人間に化ける魔族だなんて……{nl}そんな話、小さな子供をからかう時くらいにしか出てこないのに。	음..{nl}공주님은 정말 의심이 많군요.{nl}인간으로 변하는 마족이라니..{nl}그런건 어린 아이들이 말썽부릴 때나 써먹는 건데.				오위니아 딜벤
QUEST_LV_0500_20220210_001267	まあ、それでも姫様の命令ですし、仕方ありません。{nl}あなたにも何か仕事を与えないとですよね。	그래도 공주님의 명령이니 어쩔 수 없네요.{nl}당신에게도 뭔가 일거리를 줘야겠죠?				오위니아 딜벤
QUEST_LV_0500_20220210_001268	私が、先ほどの件に適した道具を作っている間、しばらく公邸を見て回ってきてください。{nl}作り終えたらあなたを呼びますから。	제가 적절한 도구를 만드는 동안 잠시 공관을 돌아보고 계세요.{nl}다 만들면 당신을 부를게요.				오위니아 딜벤
QUEST_LV_0500_20220210_001269	カオニーラ姫が心配性なのは仕方ないよ。{nl}色んな人が注視者による王族狩りの被害者になったんだから。	카오닐라 공주가 의심이 많은 건 어쩔 수 없어.{nl}주시자가 벌이는 왕족 사냥에 여러 인간이 당했으니까.				소녀의 환영
QUEST_LV_0500_20220210_001270	オーウィニア・ディルベンは、君が思ってるよりも人々から慕われてる人物だよ。{nl}カオニーラ姫がここで政務に執り行えるのも、彼女のおかげ。	오위니아 딜벤은 네가 생각하는 것보다 인간들 사이에선 추앙받는 인물이야.{nl}카오닐라 공주가 이곳에서 섭정 노릇을 영유할 수 있는 것도 다 그녀 덕이지.				소녀의 환영
QUEST_LV_0500_20220210_001271	そういえば君、毎回遠い距離を直接移動してるみたいだけど……私がやり方を教えるね。まだ時間はあるようだし。	그런데 너는 매번 먼 거리를 직접 이동하는 것 같은데, 내가 알려줄 게 아직 많이 남은 것 같구나..				소녀의 환영
QUEST_LV_0500_20220210_001272	作り終えたら呼びますから。{nl}その間、その辺りを見て回ってきてくださいね。	다 만들면 부를게요.{nl}그 동안 주변을 둘러보세요.				오위니아 딜벤
QUEST_LV_0500_20220210_001273	君の旅は、毎回遠い距離を直接移動してるほど余裕は無いよ。{nl}王国は君が思ってるよりもずっと広いし、君を必要としている人たちももっと多くなる。{nl}ヴァカリネ女神像を使うのも一つの方法だけど……	매번 먼 거리를 직접 걸어 다닐 만큼, 네 여정은 여유롭지 않아.{nl}왕국은 네가 생각하는 것보다 훨씬 넓고 앞으로 널 필요로하는 사람들 더 많아질 거야.{nl}바카리네 여신상을 사용하는 것도 하나의 방법이지만 				소녀의 환영
QUEST_LV_0500_20220210_001274	機能を使えば、もっと楽になるよ。	 기능을 이용하면 훨씬 편할 거야.				소녀의 환영
QUEST_LV_0500_20220210_001275	誰かの依頼やクエストを完了させたら、依頼人の元へすぐ移動できる。{nl}多分そろそろオーウィニア・ディルベンが君を捜すと思う。{nl}	누군가의 의뢰나 퀘스트를 완료했다면 의뢰인에게 바로 이동할 수 있어.{nl}아마 지금쯤 오위니아 딜벤이 널 찾을 거야.{nl}				소녀의 환영
QUEST_LV_0500_20220210_001276	機能を使って彼女の元へワープしてみて。	 기능을 써서 그녀에게 빠르게 이동해봐.				소녀의 환영
QUEST_LV_0500_20220210_001277	えっ？ちょうど今呼びに行こうとしたんですけど……随分タイミング良く来ましたね？{nl}啓示者はみんな不思議な力を1つは持っていると聞いたことありますが、そういうものなんですかね……？	어? 마침 부르려고 했는데 어떻게 알고 딱 맞춰 온 거죠?{nl}계시자들은 다들 신기한 능력이 하나씩 있다고 하던데, 그런 건가요?				오위니아 딜벤
QUEST_LV_0500_20220210_001278	ともあれ、姫様の期待に応えられる程度の力作ができました。あなたにこれを試してみてほしいと思いましてね。	아무튼 공주님의 기대에 부응할만한 역작을 만들었으니 이걸 당신이 시험해봤으면 해요.				오위니아 딜벤
QUEST_LV_0500_20220210_001279	早くオーウィニア・ディルベンのところへ行ってみて。{nl}	어서 오위니아 딜벤에게 가봐.{nl}				소녀의 환영
QUEST_LV_0500_20220210_001280	機能は、これからも役に立つだろうから、慣れておいてね。	 기능은 앞으로도 유용하게 쓰일 테니 꼭 익혀둬.				소녀의 환영
QUEST_LV_0500_20220210_001281	コホン。この道具について説明しますと……	이 도구를 소개하자면..				오위니아 딜벤
QUEST_LV_0500_20220210_001282	トパーズとその他色々魔石を混ぜて、そっと光を当てるだけで水晶越しに相手の魂の色が見えるんです。{nl}投影する対象がサドゥーでない限り、魂は通常白く見えます。{nl}サドゥーだったら、魂が青く見えますからね。	토파즈와 여러 마석을 섞고 살짝 빛을 비추는 것만으로 수정 너머로 상대방의 영혼의 색을 볼 수 있죠.{nl}투영하는 대상이 사두가 아니라면 보통 흰색으로 보일 거에요.{nl}사두는 보통 파란색으로 보이거든요.				오위니아 딜벤
QUEST_LV_0500_20220210_001283	試しに一度、これで私の魂を投影してもらえますか？{nl}もし私が魔族だったとしたら、赤もしくは紫色に見えるはずなので。	그래서 이걸로 한 번 제 영혼을 투영해서 봐주시겠어요?{nl}제가 마족이라면 붉은색이나 보라색으로 보이겠죠.				오위니아 딜벤
QUEST_LV_0500_20220210_001284	どうですか？私の魂の色は何色でした？	어때요? 제 영혼의 색깔이 어떤 색이었나요?				오위니아 딜벤
QUEST_LV_0500_20220210_001285	{nl}さて、本題はここからです。あなたには、コレを持ってやってもらいたいことがあります。	{nl}자, 그럼 이걸 가지고 다음에 당신이 해줘야할 일이 있어요.				오위니아 딜벤
QUEST_LV_0500_20220210_001286	今しがたあなたの魂の色を見させてもらいましたが、{nl}魔族でないことは確かですね。	당신은 방금 잠시 들여다보았는데.{nl}마족은 아니더군요.				오위니아 딜벤
QUEST_LV_0500_20220210_001287	このソウルプロジェクターを使って、あなたと一緒に公邸へ入ってきた避難民達の魂の色を確認してきてください。{nl}これで魔族がいないことが分かれば、カオニーラ姫の不安も解消されるはず。{nl}必ず、その目で確かめてから伝えてくださいね。{nl}姫様は嘘をつく人間が本当を嫌っておりますので。	이 영혼 투사기를 써서 당신과 함께 공관에 들어온 피난민들을 확인해주세요.{nl}이렇게 해서 마족이 없다는 걸 알게 되면 카오닐라 공주님도 불안해하지 않겠죠.{nl}꼭 두 눈으로 확인하고 말해주세요.{nl}카오닐라 공주님은 거짓말 하는 사람을 정말 싫어하니까요.				오위니아 딜벤
QUEST_LV_0500_20220210_001288	私が作った道具が壊れたわけではないのですね……だとしたら、これ本当に深刻な状況ですよ。{nl}避難民達の中に魔族が紛れ込んでいるなんて……{nl}どうしたらいいんでしょうね…？	제가 만든 도구가 고장 난 게 아니라면 정말 심각한 상황이네요.{nl}피난민들 사이에 마족들이 숨어있다니.{nl}이제 어쩌면 좋죠?				오위니아 딜벤
QUEST_LV_0500_20220210_001289	その後、状況はどうですか？{nl}何か起きたり……しませんよね？	잘 되고 있나요?{nl}별일 없는 거겠죠...?				오위니아 딜벤
QUEST_LV_0500_20220210_001290	あなたは一旦、部屋に戻って休んでてください。{nl}私はあなたが見つけた魔族について、姫様と話し合いますので。	당신은 일단 숙소로 돌아가 쉬고 계세요.{nl}저는 카오닐라 공주님과 당신이 발견한 마족에 대해 논의해봐야겠어요.				오위니아 딜벤
QUEST_LV_0500_20220210_001291	あなたの活躍のおかげで、この魔族達が注視者の命令でこの公邸に侵入したと突き止めることができました。{nl}目的が何であれ、未だ本性を現していないのを見ると……	당신이 활약해주신 덕에 이 마족들이 주시자의 명령으로 이곳 공관에 침입했다는 걸 알아냈어요.{nl}목적이 무엇인지 모르겠지만 아직까지 본색을 드러내지 않는 거로 봐서는..				오위니아 딜벤
QUEST_LV_0500_20220210_001292	私達の知らない……何か別の目的があるのかもしれません。	우리가 모르는 목적이 있는 것 같아요.				오위니아 딜벤
QUEST_LV_0500_20220210_001293	敵の目的も分からないまま、こうして時間を無駄にするわけにはいきません。{nl}奴らの統率者と思わしき魔族を見つけて、問いただすしかありませんね。{nl}礼拝堂へ向かってください。	적의 목적도 모른 채 이렇게 시간을 보낼 순 없습니다.{nl}이 녀석들의 통솔자로 보이는 마족을 찾아 심문해 보는 수밖에 없겠어요.{nl}예배당으로 가주세요.				오위니아 딜벤
QUEST_LV_0500_20220210_001294	{nl}何を企んでいるのか、今度こそ突き止めないと。	{nl}무슨짓을 꾸미는지 이번에는 꼭 알아내야겠어요.				오위니아 딜벤
QUEST_LV_0500_20220210_001295	カオニーラ姫様の計画がバレたってことはないですよね……	카오닐라 공주님의 계획이 들킨 건 아니겠지..				오위니아 딜벤
QUEST_LV_0500_20220210_001296	あのランダ達のせい……？{nl}どうして？	그 랑다들 때문이라고요?{nl}어째서?				오위니아 딜벤
QUEST_LV_0500_20220210_001297	彼女達が私達に何かを隠しているようですね。{nl}すぐ姫様に知らせないと！{nl}もうじきあのランダ達が出立するんです！	그녀들이 우리게 뭔가 숨기는 게 있는 모양이군요.{nl}어서 공주님께 알려야해요.{nl}곧 그 랑다들이 떠날거라고요!				오위니아 딜벤
QUEST_LV_0500_20220210_001298	姫様の元へ急いでください！{nl}それから、一旦ランダ達をここに踏みとどまらせるよう伝えてください！	공주님께 가세요!{nl}그리고 일단 랑다들을 붙잡아 두어야한다고 말해주세요!				오위니아 딜벤
QUEST_LV_0500_20220210_001299	人間が手にすることはできない、はるかに尊い力。	인간이 손에 넣을 수 없는 아득하고 고귀한 힘.				소녀의 환영
QUEST_LV_0500_20220210_001300	やがて消える女神と魔神の力も、いつか巡ってくる。	이윽고 사라질 여신과 마신의 힘들도 언젠가는 되돌아 오게 돼.				소녀의 환영
QUEST_LV_0500_20220210_001301	悔しい？……そうだろうね。{nl}でも仕方ないの。{nl}それが君たち人間の役割だから。	분하겠지.{nl}그래도 어쩔 수 없어.{nl}그게 너희 인간의 역할이니까.				소녀의 환영
QUEST_LV_0500_20220210_001302	急いでください！	어서 빨리요!				오위니아 딜벤
QUEST_LV_0500_20220210_001303	あのランダ達を止めたらダメ。{nl}彼女達は、後戻りがきかない神のゆりかごへ向かわないといけないから。	너희는 랑다들을 막아선 안 돼.{nl}그녀들은 이제 돌아올 수 없는 신의 요람으로 향해야만 하니까.				소녀의 환영
QUEST_LV_0500_20220210_001304	……今見たことは君の胸の内にだけ留めておいて。オーウィニア・ディルベンの元へ戻って。{nl}そして何もなかったように、止められなかったって言って。	그러니 이제 내 바람대로 네가 본 것을 네 마음속 깊이 묻고 오위니아 딜벤에게 돌아가.{nl}아무것도 보지 못했다고 말하렴.				소녀의 환영
QUEST_LV_0500_20220210_001305	止められなかったって……{nl}カオニーラ姫様は無事なのですか？	놓쳤다니요?{nl}카오닐라 공주님은 무사하신 건가요?				오위니아 딜벤
QUEST_LV_0500_20220210_001306	この公邸に、一体何が起きてるんですか？	이 공관에 무슨 일이 벌어지고 있는 거죠?				오위니아 딜벤
QUEST_LV_0500_20220210_001307	人間が神々の心を覗き見ることなんてできない。{nl}あの者達の意向に、ただ従って。	인간이 신들의 마음을 들여다볼 순 없어.{nl}오직 그들 뜻만을 따르렴.				소녀의 환영
QUEST_LV_0500_20220210_001308	このまま何もつかめないまま、彼女達を送るわけにはいきません！{nl}私はここから彼女達を追うので、このことを姫様に伝えてください！	이렇게 아무것도 알아내지 못하고 그녀들을 보낼 수 없어요!{nl}저는 이 길로 그녀들을 쫓아갈 테니 공주님께 전해주세요.				오위니아 딜벤
QUEST_LV_0500_20220210_001309	あなたですか。{nl}何かあったのですか？そんなに急いで……	당신이군요.{nl}무슨 일로 이렇게 급히 찾아오신 겁니까?				카오닐라 헨류시
QUEST_LV_0500_20220210_001310	オーウィニアがランダ達の後を追った……？	오위니아가 랑다들을 쫓아갔단 말입니까?				카오닐라 헨류시
QUEST_LV_0500_20220210_001311	あなたは姫様の元へ急いでください！	저는 곧 떠날 테니 당신은 공주님께 가주세요.				오위니아 딜벤
QUEST_LV_0500_20220210_001312	そうでしたか……{nl}分かっておりました。オーウィニアがそのように行動することは。{nl}ランダ達を追ってオルシャへ向かうでしょう。	그렇군요.{nl}오위니아가 그런 행동을 할 거란 건 알고 있었습니다.{nl}랑다들을 따라 오르샤로 향하겠지요.				카오닐라 헨류시
QUEST_LV_0500_20220210_001313	ですがそのランダ達が向かった先はオルシャではありません。……王国の首都です。	하지만 그 랑다들은 오르샤가 아닌 왕국의 수도로 향했습니다.				카오닐라 헨류시
QUEST_LV_0500_20220210_001314	公邸に侵入した魔族達が望んでいるのは、あのランダ達がオルシャへ向かうこと。{nl}そのために、私を生かして彼女達を無事オルシャへ辿りつくことを望むでしょう。	공관에 침입한 마족들이 원하는 건 그 랑다들이 오르샤로 향하는 것.{nl}그러니 저를 살려둬서 그녀들이 무사히 오르샤에 도착하길 원했겠죠.				카오닐라 헨류시
QUEST_LV_0500_20220210_001315	あなたには分からないかもしれませんが、ランダという部族は魔神ギルティネを追従し、彼の部族長達が代々伝承してきた────	당신은 모르시겠지만 랑다 부족이 마신 길티네를 추종하고 그들의 부족장들이 대대로 전승한..				카오닐라 헨류시
QUEST_LV_0500_20220210_001316	宿命。	숙명.				카오닐라 헨류시
QUEST_LV_0500_20220210_001317	その宿命を妨げないことが、{nl}王国を再建できる唯一の方法です。	그 숙명을 방해하지 않는 것이.{nl}왕국을 재건할 수 있는 유일한 방법입니다.				카오닐라 헨류시
QUEST_LV_0500_20220210_001318	理解できないと言いたげな顔ですね。{nl}……そう思うのも仕方ありません。{nl}神の意向はいつだって人間の想像を遥かに超えます。{nl}私もあなたも彼の者達の宿命論の前では、どうすることもできないのです。	이해할 수 없다는 표정이군요.{nl}그럴 수 있습니다.{nl}신의 뜻은 언제나 인간의 상상을 초월하니까요.{nl}저도 당신도 그들의 숙명론 앞에선 그 무엇도 바꿀 수 없으니까요.				카오닐라 헨류시
QUEST_LV_0500_20220210_001319	ここであなたができることは、もうありません。{nl}この海図を持って、ヘオシャ将軍の元へ行ってください。{nl}彼女があなたをオルシャへ送り届けてくれるでしょう。	이제 이곳에서 당신이 더 이상 할 일이 없습니다.{nl}이 해도를 드릴 테니 헤오샤 장군에게 찾아가십시오.{nl}그녀가 당신을 오르샤로 보내줄 것입니다.				카오닐라 헨류시
QUEST_LV_0500_20220210_001320	ヘオシャ	헤오샤				
QUEST_LV_0500_20220210_001321	ああ、啓示者様ですね。{nl}姫様に言われて来たのですか？	아, 계시자님이시군요.{nl}공주님이 보내셨다고요?				헤오샤
QUEST_LV_0500_20220210_001322	私も私の軍隊も、そろそろここを発つ準備を始めます。{nl}それまでは、ここで待ちます。	저와 제 군대도 이제 이곳을 떠날 준비를 시작할 것입니다.{nl}그때를 기다리겠습니다.				카오닐라 헨류시
QUEST_LV_0500_20220210_001323	つい先日、姫様がお話されていました。{nl}あなたをオルシャへと向かう船に乗せろとのことですが……{nl}他に、何か聞きたいことはありますか？	얼마 전에 공주님께서 당신에 대한 이야기를 하셨죠.{nl}오르샤로 향하는 다른 배를 태우라고 하셨는데..{nl}더 들으신 이야기가 있으십니까?				헤오샤
QUEST_LV_0500_20220210_001324	{nl}その顔からして、知らないようですね。	{nl}표정을 보니 모르시는 모양이군요.				헤오샤
QUEST_LV_0500_20220210_001325	先日オルシャへ戻るという話が公邸内に広まったことがあります。{nl}姫様は人間である本物の避難民と避難民に化けて公邸に侵入した魔族達の二手に分かれさせ、船に乗せました。{nl}二隻の船は同時に出発しましたが、魔族達を乗せた船は今頃……女神ユラテの領域に入ったでところでしょう。{nl}おそらく奴らは無事では済まないはず。	얼마 전에 오르샤로 돌아간다는 이야기가 공관 내에 퍼진 적이 있습니다.{nl}공주님은 피난민과 공관에 침입한 마족들을 분류해서 배에 태우셨죠.{nl}두 배는 같이 출발했지만, 마족들이 탄 배는 지금쯤 유라테 여신의 영역으로 들어갔을 겁니다.{nl}아마 녀석들은 무사하기 힘들 겁니다.				헤오샤
QUEST_LV_0500_20220210_001326	あなたが乗る船は女神ユラテの領域を迂回し、無事オルシャへ向かえるよう手配せよと姫様より仰せつかっています。{nl}長い航海となるでしょう。	공주님은 당신이 탈 배는 유라테 여신의 영역을 우회하여 무사히 오르샤로 갈 수 있게 하라고 하시더군요.{nl}준비가 되면 말씀해주십시오.{nl}먼 항해가 될 겁니다.				헤오샤
QUEST_LV_0500_20220210_001327	カオニーラ姫が、君を無事に送り届けてくれたんだね。	카오닐라 공주가 널 무사히 보내줬구나.				소녀의 환영
QUEST_LV_0500_20220210_001328	そしてユラテも……{nl}	그리고 유라테도..{nl}				소녀의 환영
QUEST_LV_0500_20220210_001329	これで君はオルシャに辿り着いた。私がまた君の元へ現れるその日まで、君はオルシャの領主を助けてあげて。	이제 오르샤에 도착했으니 내가 다시 찾을 때까지 오르샤 영주를 도와줘야 해.				소녀의 환영
QUEST_LV_0500_20220210_001330	この先君が何を経験しようと、誰と出会おうと。	앞으로 네가 무엇을 겪던, 누구를 만나건.				소녀의 환영
QUEST_LV_0500_20220210_001331	私は常に、陰から君を見てるから。	난 항상 네 뒤에 있을 거니까.				소녀의 환영
QUEST_LV_0500_20220210_001332	生き残ってね。	살아 남아줘.				소녀의 환영
QUEST_LV_0500_20220210_001333	まだ生き残る準備ができてないようだね。{nl}インベントリ(F2)を開いて、装備をつけた方がいい。	아직까지 살아남을 준비가 되지 않은 것 같구나.{nl}인벤토리(F2)를 열어서 장비를 착용하는 게 좋겠어.				소녀의 환영
QUEST_LV_0500_20220210_001334	まだ装備をつけてないの？{nl}どうして？	아직 장비를 꺼내입지 않은 거야?{nl}어째서?				소녀의 환영
QUEST_LV_0500_20220210_001335	そのくらいなら、この先に待ち構えている戦いでも生き残れると思う。	그 정도면 곧 있을 전투에서 살아남을 수 있을 거야.				소녀의 환영
QUEST_LV_0500_20220210_001336	悪いが今は忙しい。姫様の元へ急ぐように。	난 바쁘니 어서 공주님께 찾아가게.				대장군 라민
QUEST_LV_0500_20220210_001337	あなたが言っていたその避難民……{nl}私、今朝一緒に食事をしたんですけど……{nl}なんてこと……	당신이 말한 그 피난민...{nl}오늘 아침에 저와 아침 식사를 했어요.{nl}어떻게 이런 일이..				오위니아 딜벤
QUEST_LV_0500_20220210_001338	啓示者様。{nl}以前アシャーク地下監獄で回収した証拠物は、王室へ届けさせていただきました。	계시자님.{nl}지난번 아샤크 지하감옥에서 회수했던 증거물들을 왕실에 전달했습니다.				이네사 해먼데일
QUEST_LV_0500_20220210_001339	そして、キレン地方とオルシャを攻撃した注視者の軍制に立ち向かうため、ついに私達は、再び剣をとりました。{nl}注視者の本拠地であるデルムーアへ向けてラミン大将軍率いる王国軍が大々的な攻撃を開始しています。	그리고 마침내, 키렌 지방과 오르샤를 공격한 주시자의 군세에 맞서기 위해 우리는 다시금 검을 쥐었습니다.{nl}주시자의 본거지인 델무어를 향해 라민 대장군이 이끄는 왕국군이 대대적인 공격을 개시했습니다.				이네사 해먼데일
QUEST_LV_0500_20220210_001340	今頃は、規模の大小にかかわらず、何度目かの戦いが終わっていることでしょう。{nl}この戦いのために、前もって隊に合流したパヤウタさんより「あなたに合流してほしい」と言伝を頼まれましたので、ここに寄っていただきました。	지금쯤이면, 크고 작은 전투가 몇 차례 치러진 후일 겁니다.{nl}공격에 앞서서 공격대에 합류한 파야우타씨께서 당신께 합류해 달라는 부탁을 남기기 위해 이곳에 들렀습니다.				이네사 해먼데일
QUEST_LV_0500_20220210_001341	啓示者様。{nl}あなたは多くの人々からは尊敬の対象、敵からは畏敬の対象です。{nl}どうか、キレン地方の守護のため尽力してくださいますよう……オルシャの領主としてお頼み申します。	계시자님.{nl}당신께서는 많은 이들에게 존경의 대상으로, 적에게는 경외의 대상입니다.{nl}부디, 키렌 지방의 수호를 위해 힘써주시길 오르샤의 영주로서 간곡히 부탁드리겠습니다.				이네사 해먼데일
QUEST_LV_0500_20220210_001342	重大な決断となるというのに……本当にありがとうございます。{nl}あなたの献身と苦労……この御恩は必ず。	크나큰 결정을 해주셔서 감사합니다.{nl}당신의 희생과 노고에 반드시 보답하겠습니다.				이네사 해먼데일
QUEST_LV_0500_20220210_001343	デルムーアの入口であるデルムーア小作村は、現在キルティマス森を通り過ぎることで辿り着けるはずです。{nl}レンパリサ池と繋がっているデルムーア外郭へと続く普及路は、戦闘の余波で断たれてしまいました。	델무어의 초입지인 델무어 소작촌은 현재 키르티마스 숲을 지나 도달하실 수 있을 겁니다.{nl}렘파라사 연못과 연결된 델무어 외성으로 곧바로 갈 수 있는 보급로는 전투의 여파로 차단되어 버렸습니다.				이네사 해먼데일
QUEST_LV_0500_20220210_001344	それでは、どうかご無事で……	그럼 부디 무사하시길 바랍니다.				이네사 해먼데일
QUEST_LV_0500_20220210_001345	デルムーアの入口であるデルムーア小作村は、現在キルティマス森を通り過ぎることで辿り着けるはずです。{nl}レンパリサ池と繋がっているデルムーア外郭へと続く普及路は、現在戦闘の余波で遮断されています。	델무어의 초입지인 델무어 소작촌은 현재 키르티마스 숲을 지나 도달하실 수 있을 겁니다.{nl}렘파라사 연못과 연결된 델무어 외성으로 곧바로 갈 수 있는 보급로는 현재는 전투의 여파로 차단되어 버렸습니다.				이네사 해먼데일
QUEST_LV_0500_20220210_001346	貴方が、パヤウタ殿が仰っていた啓示者ですね。{nl}お会いできて光栄です。	당신이 파야우타씨 께서 말씀하신 계시자로군요.{nl}뵙게 되어 영광입니다.				센츄리온 마스터
QUEST_LV_0500_20220210_001347	貴方のことはよく聞いております。{nl}しかし今この場は戦場であります故、ゆっくりと話すのはまた次の機会にしましょう。	당신의 이야기라면 익히 들었습니다.{nl}하지만 여긴 전쟁터이니 사담은 다음을 기약하기로 하죠.				센츄리온 마스터
QUEST_LV_0500_20220210_001348	パヤウタ殿は、貴方だけがこの戦争に終止符を打てる人物であると仰っておりました。	파야우타씨께서는 당신만이 이 전쟁의 종지부를 찍을 수 있는 사람이라고 말했습니다.				센츄리온 마스터
QUEST_LV_0500_20220210_001349	私はここで貴方をお迎えするために、この場を守っておりました。{nl}しかし敵の攻勢のせいで長くもちませんでした。	저는 여기서 당신을 맞이하기 위해 이곳을 지키고 있었습니다.{nl}하지만 적들의 공세에 오래 버티지는 못했습니다.				센츄리온 마스터
QUEST_LV_0500_20220210_001350	乱戦は今も続いており、その最中で兵士達とも散り散りになってしまいました。{nl}啓示者様を奥までお連れするのは難しくありませんが……今は戦争中。戦争では勝利することも重要となります。	난전이 계속되고 있고 와중에 병사들이 흩어져 버렸습니다.{nl}계시자님 한 분을 안쪽으로 들여보내기는 어렵지 않겠지만, 전쟁에서의 승리도 중요합니다.				센츄리온 마스터
QUEST_LV_0500_20220210_001351	故に、散り散りになった兵士達をもう一度合流させて、本隊へ増援させる必要があります。{nl}まずは私と共にこの場の状況を打破しましょう。	흩어진 병사들을 다시 합류시키고 본대를 증원할 필요가 있습니다.{nl}우선 저와 함께 이곳 상황을 정리해주시겠습니까?				센츄리온 마스터
QUEST_LV_0500_20220210_001352	急ぎはぐれた兵士達を捜しましょう。	서둘러 흩어진 병사들을 찾죠.				센츄리온 마스터
QUEST_LV_0500_20220210_001353	兵士達もかなり苦戦しているようです。{nl}ですが、幸い戦闘に支障はなさそうです。	병사들이 꽤 고전 중이었나 보군요.{nl}다행히 전투에는 지장이 없을 거 같습니다.				센츄리온 마스터
QUEST_LV_0500_20220210_001354	はぐれた兵士がまだ沢山います。{nl}ここから近い地点から捜してみましょう。	아직 흩어진 병사들이 더 많습니다.{nl}가까운 지점부터 찾아보도록 하죠.				센츄리온 마스터
QUEST_LV_0500_20220210_001355	急ぎましょう。{nl}戦況が芳しくありません。	서두르죠.{nl}전황이 좋지 않습니다.				센츄리온 마스터
QUEST_LV_0500_20220210_001356	やはり負傷者も出ているようですね。{nl}中には武器が破損している兵士達も見えます。	역시나 부상자도 나오고 있군요.{nl}무기가 손상된 병사들도 더러 보입니다.				센츄리온 마스터
QUEST_LV_0500_20220210_001357	戦える兵士達はいれど、武器がまともに使える状態ではありません。{nl}{#003399}ブリークフェレット{/}から武器を奪取できれば、兵士達の武器をいくつか確保できるかもしれません。	싸울 수 있는 병사들은 있지만 정작 무기들이 제구실을 못하고 있습니다.{nl}{#003399}블릭페릿{/}들에게서 무기를 탈취한다면 병사들이 쓸 무기를 확보할 수 있을 겁니다.				센츄리온 마스터
QUEST_LV_0500_20220210_001358	{#003399}ブリークフェレット{/}から武器を奪取できれば、兵士達の武器をいくつか確保できるかもしれません。	{#003399}블릭페릿{/}들에게서 무기를 탈취한다면 병사들이 쓸 무기를 확보할 수 있을 겁니다.				센츄리온 마스터
QUEST_LV_0500_20220210_001359	これくらいでしたら十分でしょう。	이 정도면 부족하지 않을 겁니다.				센츄리온 마스터
QUEST_LV_0500_20220210_001360	デルムーア小作村ではぐれた兵士達は、これでほとんど集まったと思います。{nl}啓示者様のおかげで不足していた武器も確保できたことですし、微弱ながら戦力を回復できたと見ていいでしょう。	델무어 소작촌에서 흩어진 병사들은 대부분 모인 거 같습니다.{nl}계시자님 덕에 부족한 무기도 확보할 수 있었으니 미약하지만, 전력을 회복했다고 볼 수 있겠군요.				센츄리온 마스터
QUEST_LV_0500_20220210_001361	我々の動きを見て、敵も動き出したようです。{nl}数としてはこちらが劣勢。……敵が集まりだしたら敵いません。	우리의 움직임에 따라 적들도 움직이기 시작한 거 같습니다.{nl}아무래도 수적으로는 열세이니 적들이 모이기 시작하면 당해낼 도리가 없습니다.				센츄리온 마스터
QUEST_LV_0500_20220210_001362	敵の群れ同士の連絡手段である「連絡係」を先に取り除きましょう。{nl}敵が襲撃する時間などが、少しでも分かるかもしれません。	적들의 무리와 무리 사이의 연락을 넘기는 연락책을 미리 제거하도록 하죠.{nl}적들이 집결할 시간을 조금이나마 벌 수 있을 겁니다.				센츄리온 마스터
QUEST_LV_0500_20220210_001363	では、今すぐ行動に移りましょう。	그럼 어서 움직이죠.				센츄리온 마스터
QUEST_LV_0500_20220210_001364	連絡係さえ取り除ければ、敵が襲撃する時間などが、少しでも分かるかもしれません。	연락책들을 제거한다면 적들이 집결할 시간을 조금이나마 늦출 수 있을 겁니다.				센츄리온 마스터
QUEST_LV_0500_20220210_001365	混乱している戦場の真っ只中ですし、確実に効果があるはずです。	혼란스러운 전쟁터의 한가운데이니 확실히 효과가 있을 겁니다.				센츄리온 마스터
QUEST_LV_0500_20220210_001366	付近にデルムーア荘園へと向かう昇降機があります。{nl}万が一の時は退路となるかもしれません。先に確認してみるのはどうでしょう？	근처에 델무어 장원으로 가는 승강기가 있습니다.{nl}혹시 모를 위기에 퇴로가 될 수도 있을 테니 미리 확인해 보는 게 어떠십니까?				센츄리온 마스터
QUEST_LV_0500_20220210_001367	はい。{nl}イシュンティ十字路から上の道へ向かえば昇降機がある場所に着きます。	좋습니다.{nl}이쉰티 사거리에서 윗길을 따라가면 승강기가 있는 곳입니다.				센츄리온 마스터
QUEST_LV_0500_20220210_001368	イシュンティ十字路から上の道へ向かえば昇降機がある場所に着きます。	이쉰티 사거리에서 윗길을 따라가면 승강기가 있는 곳입니다.				센츄리온 마스터
QUEST_LV_0500_20220210_001369	これは……	이런..				센츄리온 마스터
QUEST_LV_0500_20220210_001370	退路が無いということを兵士達が知ってしまえば、戦意を失ってしまうかもしれません。	병사들이 퇴로가 없다는 사실을 알게 되면 전의를 잃게 될 겁니다.				센츄리온 마스터
QUEST_LV_0500_20220210_001371	突き出たクルビナの障壁が移動装置を破壊した	솟아난 크루비나 장벽이 이동 장치를 파괴했다				PC
QUEST_LV_0500_20220210_001372	残された方法は、デルムーア荘園へと続いている陸路を確保するという方法しか……	방법은 델무어 장원으로 이어진 육로를 확보하는 방법뿐입니다.				센츄리온 마스터
QUEST_LV_0500_20220210_001373	啓示者様が参戦してくださるのなら、兵士達にとっても大きな力となるはずです。	계사자님 께서 참전해주신다면 병사들에게도 큰 힘이 될 겁니다.				센츄리온 마스터
QUEST_LV_0500_20220210_001374	兵士達を代表して、心より感謝申し上げます。	병사들을 대신하여 감사드립니다.				센츄리온 마스터
QUEST_LV_0500_20220210_001375	共同墓地の上の道を通ればデルムーア荘園へと向かえます。{nl}そこを攻撃しましょう。	공동묘지의 윗길을 통해 델무어 장원으로 갈 수 있습니다.{nl}그곳을 공격하죠.				센츄리온 마스터
QUEST_LV_0500_20220210_001376	啓示者様がいらっしゃらなければ、兵士達も勇猛果敢に戦うことはできなかったでしょう。	계시자님이 없었더라면 병사들도 용맹하게 싸우지 못했을 겁니다.				센츄리온 마스터
QUEST_LV_0500_20220210_001377	デルムーア荘園へ移動します。	델무어 장원으로 이동하겠습니다.				센츄리온 마스터
QUEST_LV_0500_20220210_001378	そこにも苦戦中の兵士達が多いはずです。	그곳에서도 고전 중인 병사들이 많이 있을 겁니다.				센츄리온 마스터
QUEST_LV_0500_20220210_001379	私が思っていたよりも、戦況は良くありません。	전황이 제 생각보다 안 좋습니다.				센츄리온 마스터
QUEST_LV_0500_20220210_001380	兵士達も相当疲れているようです。	병사들이 지쳐있습니다.				센츄리온 마스터
QUEST_LV_0500_20220210_001381	おそらく孤立した状況でパニックになってしまったせいでしょう。{nl}戦場の真っ只中ではありますが、兵士達を集めて色々と立て直すための場所が必要です。	아무래도 고립된 상황에서 공황을 겪은 탓일 겁니다.{nl}전장의 한가운데지만 병사들을 집결하고 재정비할 장소가 필요합니다.				센츄리온 마스터
QUEST_LV_0500_20220210_001382	周辺に崩れた物資などを利用して、簡単なバリケードだけでも作った方が良さそうです。兵士達もそれで少しは安心できるはず。	주변에 부서진 물자들을 이용한 간단한 바리케이드만 있어도 병사들이 조금은 안심할 수 있을 겁니다.				센츄리온 마스터
QUEST_LV_0500_20220210_001383	このようなことにも手を貸してくださり、ありがとうございます。{nl}近くの捨てられた作業員テント付近をあたってみてください。	시답지 않은 일이겠지만, 나서주셔서 감사합니다.{nl}근처에 버려진 인부 숙소 근처를 찾아보시길 바랍니다.				센츄리온 마스터
QUEST_LV_0500_20220210_001384	テントの素材まで集めていただいたおかげで、負傷兵達の身体を寝かせられる場所ができました。	텐트 자재까지 모아 주신 덕에 부상병들의 몸을 누일 곳이 생겼군요.				센츄리온 마스터
QUEST_LV_0500_20220210_001385	後はバリケードの設置ですね。	이제 바리케이드를 배치하면 되겠군요.				센츄리온 마스터
QUEST_LV_0500_20220210_001386	では、お願いしてもよろしいでしょうか。	그렇게 해주시겠습니까?				센츄리온 마스터
QUEST_LV_0500_20220210_001387	バリケードを適度に配置していいただければ、臨時拠点の安全も確保できるはずです。	바리케이드를 적당히 배치해주시면 임시 거점의 안전을 확보할 수 있을 겁니다.				센츄리온 마스터
QUEST_LV_0500_20220210_001388	十分です。	충분합니다.				센츄리온 마스터
QUEST_LV_0500_20220210_001389	デルムーア荘園のいたる所で交戦している兵士達がいるはずです。	델무어 장원에 곳곳에 흩어져 교전 중인 병사들이 있을 겁니다.				센츄리온 마스터
QUEST_LV_0500_20220210_001390	散り散りになっている兵士達をここ臨時拠点へ集め、体制を整えましょう。ここで体制を整えれば、この後控えている戦闘にも支援できると思います。	흩어진 병사들을 이곳 임시 거점으로 모아 재정비한다면 추후 있을 전투를 지원할 수 있을 겁니다.				센츄리온 마스터
QUEST_LV_0500_20220210_001391	パニックに陥ったあの兵士2人だけをここに残すわけにはいきません。{nl}私はここに残り、臨時拠点を補強しております。啓示者様には散り散りになった兵士達に、ここへ来るよう伝えていただけませんか？	공황에 빠진 저 두 병사만 이곳에 두고 가기는 곤란합니다.{nl}저는 여기 남아 임시 거점을 보강할 테니 계시자님께서 흩어진 병사들을 이곳으로 보내주실 수 있겠습니까?				센츄리온 마스터
QUEST_LV_0500_20220210_001392	ありがとうございます。{nl}三叉路と埋没した広場を抜けて、城壁再建区域へ向かってみてください。	감사합니다.{nl}삼거리와 매몰된 광장을 지나 성벽 재건 구역으로 가보십시오.				센츄리온 마스터
QUEST_LV_0500_20220210_001393	広い地形ですから、兵士達が交戦中だとしたらすぐに見つかるはずです。	넓은 지형이니 병사들이 교전 중이라면 그곳부터 찾아보실 수 있을 겁니다.				센츄리온 마스터
QUEST_LV_0500_20220210_001394	三叉路と埋没した広場を抜けて、城壁再建区域へ向かってみてください。	삼거리와 매몰된 광장을 지나 성벽 재건 구역으로 가보십시오.				센츄리온 마스터
QUEST_LV_0500_20220210_001395	広い地形ですから、兵士達が交戦中だとしたらすぐに見つかるはずです。	넓은 지형이니 병사들이 교전 중이라면 그 곳부터 찾아 보실 수 있을 겁니다.				센츄리온 마스터
QUEST_LV_0500_20220210_001396	危ないところでしたね。{nl}おかげで危機を無事乗り越えることができました。	하마터면 큰일 날 뻔 했군요.{nl}제때 와주신 덕에 위기를 넘겼습니다.				센츄리온 마스터
QUEST_LV_0500_20220210_001397	やはり私はここに残り、周辺でまだ合流できていない兵士達を捜そうと思います。{nl}この先で大将軍率いる王国軍の本隊と、貴方の仲間であるパヤウタ殿が交戦中のはずです。	아무래도 저는 여기 남아 주변에서 아직 합류하지 못한 병사들을 찾아야겠습니다.{nl}이 앞으로는 대장군께서 이끄는 왕국군의 본대와 당신의 동료인 파야우타씨가 교전 중일 겁니다.				센츄리온 마스터
QUEST_LV_0500_20220210_001398	そうしていただけますと助かります。	그렇게 해주신다면 큰 도움이 될 겁니다.				센츄리온 마스터
QUEST_LV_0500_20220210_001399	ではまたお会いしましょう。	그럼, 다시 뵙겠습니다,				센츄리온 마스터
QUEST_LV_0500_20220210_001400	この先で大将軍率いる王国軍の本隊と、貴方の仲間であるパヤウタ殿が交戦中のはずです。	이 앞으로는 대장군께서 이끄는 왕국군의 본대와 당신의 동료인 파야우타씨가 교전 중일 겁니다.				센츄리온 마스터
QUEST_LV_0500_20220210_001401	ではまたお会いしましょう。	그럼, 다시 뵙겠습니다.				센츄리온 마스터
QUEST_LV_0500_20220210_001402	いつもこんな形で会うね、あたし達。	우리는 항상 이런 식으로 만나는 거 같네.				파야우타
QUEST_LV_0500_20220210_001403	ここに来る途中見てきたと思うけど、状況は全く良くないわ。{nl}でも君が来てくれたから、ひとまず安心した。	여기까지 지나오며 봤겠지만, 상황이 마냥 좋지 않아.{nl}그래도 네가 와줬으니 안심이야.				파야우타
QUEST_LV_0500_20220210_001404	大将軍と王国軍本隊は、ここよりもっと奥の方にいる。{nl}あたしはここを拠点にしている{#003399}ブリークフェレット{/}達の拠点を探してるの。	대장군과 왕국군 본대는 더 안쪽에 있어.{nl}나는 여기에 거점을 잡고 있는 {#003399}블릭페릿{/}들의 거점을 찾으며 별도로 움직이고 있어.				파야우타
QUEST_LV_0500_20220210_001405	奴らがデルムーア全体の防御計画と作戦計画書を持っているはず。{nl}それさえ手に入れれば、不利な戦況も覆せる。	녀석들이 델무어 전체의 방어 계획과 작전 계획서를 가지고 있을 거야.{nl}그것만 손에 넣는다면 불리한 전황을 뒤집을 수 있어.				파야우타
QUEST_LV_0500_20220210_001406	よし。{nl}デガルム進入路に集まっている敵から先に片づけよう。	좋아.{nl}데가름 진입로에 집결한 적들을 먼저 처리하자.				파야우타
QUEST_LV_0500_20220210_001407	ここの{#003399}ブリークフェレット{/}達がデルムーア全体の防御計画と作戦計画書を持っているはず。{nl}それさえ手に入れれば、不利な戦況も覆せる。	이곳의 {#003399}블릭페릿{/}들이 델무어 전체의 방어 계획과 작전 계획서를 가지고 있을 거야.{nl}그것만 손에 넣는다면 불리한 전황을 뒤집을 수 있어.				파야우타
QUEST_LV_0500_20220210_001408	デルムーア小作村とデルムーア荘園の防御計画……{nl}王国軍本隊がすでに突破した場所だから、持ってても仕方ないわね。	델무어 소작촌과 델무어 장원의 방어 계획..{nl}왕국군 본대가 이미 돌파한 곳이라 큰 소용은 없겠어.				파야우타
QUEST_LV_0500_20220210_001409	少なくとも、敵が防御計画を持っているという事実ははっきりした。	적어도 적들이 방어 계획을 가지고 있다는 사실은 명확해졌네.				파야우타
QUEST_LV_0500_20220210_001410	敵が拠点としている場所を捜そう。	적들이 거점으로 삼고 있는 곳을 찾자.				파야우타
QUEST_LV_0500_20220210_001411	タジカの分かれ道は奴らが良く通る場所だし、そこから足跡を辿れば見つけられると思う。	타지카 갈림길은 적들이 많이 지나는 곳이니 그곳에서 족적을 추적해보면 길을 찾을 수 있을 거야.				파야우타
QUEST_LV_0500_20220210_001412	タジカの分かれ道で敵の足跡を調査してみよう。	타지카 갈림길에서 적들의 족적을 조사해보자.				파야우타
QUEST_LV_0500_20220210_001413	オーレム集会場へと続く足跡がやけに多いわね……	유난히 오렘 집회장으로 이어지는 족적이 많아.				파야우타
QUEST_LV_0500_20220210_001414	オーレム集会場へ行ってみよう。{nl}そこに行けば敵の拠点とか、何かしら得られるかもしれない。	오렘 집회장으로 가보자.{nl}그곳에 적들의 거점이 있거나, 적어도 뭔가를 알아낼 수 있을 거야.				파야우타
QUEST_LV_0500_20220210_001415	急ごう。あたしたちが遅れてしまえば、もっと多くの人が犠牲になる。	서두르자, 우리가 늦으면 더 많은 사람이 희생될 거야.				파야우타
QUEST_LV_0500_20220210_001416	敵の拠点があるのだとしたら、施設を壊した方が良さそうね。	적의 거점이 있다면 시설을 파괴하는 게 좋겠어.				파야우타
QUEST_LV_0500_20220210_001417	敵の拠点をこのまま放っておくわけにはいかない。{nl}施設を壊せば、敵を混乱させられるはずよ。	적들의 거점을 이대로 놔둘 수 없어.{nl}시설을 파괴하면 적들을 혼란에 빠뜨릴 수 있을 거야.				파야우타
QUEST_LV_0500_20220210_001418	ここにはもう防御計画は無い……。既に他の場所へ持っていかれたんだわ。	방어 계획은 여기에 없어 이미 다른 곳으로 가져간 거 같아.				파야우타
QUEST_LV_0500_20220210_001419	あの上の道。{nl}レンパリサ池へ続く道。	저 윗길.{nl}렘파라사 연못으로 이어지는 길이야.				파야우타
QUEST_LV_0500_20220210_001420	あの道さえ通れるようになれば、味方にとって大きな利点となるはず。	저 길을 쓸 수 있다면 아군에게 큰 이점이 될 거야.				파야우타
QUEST_LV_0500_20220210_001421	よし、動こう。	좋아 움직이자.				파야우타
QUEST_LV_0500_20220210_001422	あの道を確保すればデルムーア外郭とレンパリサ池が繋がっている道が使えるようになる。	저 길을 확보하면 델무어 외성과 렘파라사 연못이 이어진 길을 사용할 수 있어.				파야우타
QUEST_LV_0500_20220210_001423	成功ね。ここからは兵士達に任せよう。	성공이야 이제 여긴 병사들에게 맡기자.				파야우타
QUEST_LV_0500_20220210_001424	周辺の足跡を見る限り、この拠点から群れをなして立ち去ってから、まだそう時間は経ってない。	주변의 족적들을 보니 적들이 이 거점에서 무리 지어 떠나간 지 얼마 되지 않았어.				파야우타
QUEST_LV_0500_20220210_001425	急げば追いつけるはずだよ。	서두르면 따라잡을 수 있을 거야.				파야우타
QUEST_LV_0500_20220210_001426	足跡が外郭広場へ向かって続いてる。{nl}行こう。	족적이 외성 광장을 향해 이어져 있어.{nl}어서 가자.				파야우타
QUEST_LV_0500_20220210_001427	デルムーア外郭の防御計画だわ。	델무어 외성의 방어 계획이야.				파야우타
QUEST_LV_0500_20220210_001428	これなら奴らの重要な拠点も探し出せる。	이거라면 녀석들의 중요 거점을 찾을 수 있어.				파야우타
QUEST_LV_0500_20220210_001429	計画によれば、城塞の床に奴らの拠点の中でも重要な上部拠点があるみたい。{nl}規模をみると残りの防御計画と作戦計画書もそこにあると思う。	계획도에 따르면 성채 마루에 녀석들의 상부 거점이 있어.{nl}규모를 보니 나머지 방어 계획과 작전 계획서도 여기 있을 거야.				파야우타
QUEST_LV_0500_20220210_001430	城塞の床にある施設を壊そう。	성채 마루에 있는 시설도 파괴하자.				파야우타
QUEST_LV_0500_20220210_001431	うん、よし。目標までそう遠くないみたい。	좋아 목표가 머지않은 거 같아.				파야우타
QUEST_LV_0500_20220210_001432	目標はすぐそこだよ。{nl}城塞の床にある拠点の施設も壊そう。	목표가 머지않았어.{nl}성채 마루에 있는 거점 시설도 파괴하자.				파야우타
QUEST_LV_0500_20220210_001433	拠点が潰れたから、奴らもだいぶ混乱するはず。	거점이 사라졌으니 녀석들이 꽤 곤란할 거야.				파야우타
QUEST_LV_0500_20220210_001434	あの階段を上がれば奴らの上部拠点だよ。	저 계단을 올라가면 녀석들의 상부 거점이야.				파야우타
QUEST_LV_0500_20220210_001435	奴らからデルムーア城内とデルムーア庭園の防御計画、作戦計画書を奪えれば、味方にとって大きな力となるわ。	녀석들에게서 델무어 내성과 델무어 정원의 방어 계획, 작전 계획서를 빼앗는다면 아군에게 큰 도움이 될 거야.				파야우타
QUEST_LV_0500_20220210_001436	うん。{nl}やっぱり君は信頼できる子だね。	좋아.{nl}역시 너는 믿음직한 친구구나.				파야우타
QUEST_LV_0500_20220210_001437	今……あたしに何が起きたの……？	방금 내게 무슨 일이 일어난 거지..?				파야우타
QUEST_LV_0500_20220210_001438	……できれば、今起きたことは秘密にして。	괜찮다면 방금 있었던 일은 비밀로 해줘.				파야우타
QUEST_LV_0500_20220210_001439	王国軍の兵士達が、あたしに大きな期待を寄せている……{nl}償いは後でしなければならない……それでも――{nl}今はとにかくこの戦争に勝つことが最優先。	왕국군의 병사들이 내게 걸고 있는 기대가 클 거야.{nl}죗값은 나중에 치러야 겠지만..{nl}지금은 일단 이 전쟁에서 이기는 게 우선이야.				파야우타
QUEST_LV_0500_20220210_001440	上の方の道を辿ればラミン大将軍率いる本隊が拠点を構えている場所へ着くわ。{nl}そこへ向かおう。	윗길을 따라가면 라민 대장군이 이끄는 본대가 거점으로 삼은 곳이 있어.{nl}그곳으로 가자.				파야우타
QUEST_LV_0500_20220210_001441	急いで敵の防御計画と作戦計画書を王国軍に渡さなきゃ。	서둘러 적들의 방어 계획과 작전 계획서를 왕국군에게 넘겨줘야 해.				파야우타
QUEST_LV_0500_20220210_001442	ラミン	라민				
QUEST_LV_0500_20220210_001443	パヤウタか。{nl}指示した物は持ってこれただろうな？	파야우타로군.{nl}지시한 문서들은 가져왔겠지?				라민
QUEST_LV_0500_20220210_001444	王国軍の大将軍であるラミンは、戦場ではとりわけ規律に徹底した人なの。{nl}有能な戦士であり、多くの兵士が尊敬する英雄のような存在だよ。	왕국군의 대장군인 라민은 전장에서만큼은 규율에 철저한 사람이야.{nl}유능한 전사이고 많은 병사가 존경하는 영웅과도 같아.				파야우타
QUEST_LV_0500_20220210_001445	君がパヤウタの話していた啓示者か。{nl}俺は王国の大将軍、ラミンという。	네가 파야우타가 이야기한 계시자군.{nl}난 왕국의 대장군인 라민이라고 한다.				라민
QUEST_LV_0500_20220210_001446	ここは戦場であり、君が王国軍に助力するためにきたというのならば、ここでの責任者である俺の部下であることを覚えておくように。	이곳은 전장이고 네가 왕국군을 돕는 사람이라면, 이곳의 책임자인 나의 부하라는 건 알아두도록.				라민
QUEST_LV_0500_20220210_001447	持ってきた防御計画と作戦計画書をありのまま信じるわけにはいかない。{nl}兵士に事実確認をさせてから判断する。{nl}パヤウタはこれを手伝うように。	가져온 방어 계획과 작전 계획서를 곧이곧대로 믿을 수는 없다.{nl}병사에게 시켜 사실 여부를 판단하겠다.{nl}파야우타는 이 일을 돕도록.				라민
QUEST_LV_0500_20220210_001448	啓示者、君には他の任務を与える。{nl}だいぶ前に敵の同行を探るため偵察兵を送ったが、未だ戻って来ていない。	계시자 네게는 다른 임무를 주겠다.{nl}한참 전에 적들의 동향을 살피러 정찰병을 내보냈으나 아직 돌아오지 않았다.				라민
QUEST_LV_0500_20220210_001449	重要な情報を確保した可能性もある。故に、君はその兵士を見つけ、連れ戻してくるように。	중요한 정보를 획득했을 수도 있으니 그 병사를 찾아 데려오도록.				라민
QUEST_LV_0500_20220210_001450	もしも戦死していた場合は、兵士の所持品だけでも持ってくるのだ。	만약 전사했다면 병사의 소지품이라도 가지고 와라.				라민
QUEST_LV_0500_20220210_001451	行動に移れ。	움직이도록.				라민
QUEST_LV_0500_20220210_001452	敵によって遮断された普及路を辿れば見つかるはずだ。	적들에게 차단된 보급로를 따라가면 찾을 수 있을 거다.				라민
QUEST_LV_0500_20220210_001453	気を付けていってらっしゃい。	조심히 다녀와.				파야우타
QUEST_LV_0500_20220210_001454	間に合ったようだな。{nl}ごくろうだった。	다행히 늦지 않았군.{nl}수고했다.				라민
QUEST_LV_0500_20220210_001455	どうやら偵察兵が何か情報をつかんだようだ。{nl}君も一緒に聞くように。	아무래도 정찰병이 무언가를 알아낸 거 같다.{nl}자네도 함께 듣도록.				라민
QUEST_LV_0500_20220210_001456	救出された偵察兵	구출된 정찰병				
QUEST_LV_0500_20220210_001457	報告します！	보고드립니다!				구출된 정찰병
QUEST_LV_0500_20220210_001458	この辺りを飛び回っている奇妙なカラス――{#003399}グレスミー{/}達は、先の小作村と荘園を守っていたフェレット達と同じ存在です。	이곳을 떠돌고 있는 기이한 까마귀인 일명 {#003399}그레스미{/}들은 앞선 소작촌과 장원을 지키던 페릿들과 같은 존재들입니다.				구출된 정찰병
QUEST_LV_0500_20220210_001459	フェレット達を{#003399}グレスミー{/}へ変形させている強力な魔族を確認しました。	페릿들을 {#003399}그레스미{/}로 변형시키는 강력한 마족을 확인했습니다.				구출된 정찰병
QUEST_LV_0500_20220210_001460	その強力な魔族が、この地域を統べている頭で間違いない。	그 강력한 마족이 이 지역의 우두머리임이 확실하다.				라민
QUEST_LV_0500_20220210_001461	我が軍にはまだ再整備が必要だ。{nl}今は丁度パヤウタと啓示者がいる。最小限の人数で解決した方が良さそうだ。	우리 군은 아직 재정비가 필요하다.{nl}마침 파야우타와 계시자가 있으니 최소한의 인원으로 해결을 해보는 게 좋겠군.				라민
QUEST_LV_0500_20220210_001462	パヤウタ、啓示者。{nl}君達には俺と共に別動隊を編成し、その魔族を見つけ出す。	파야우타, 계시자.{nl}너희는 나와 함께 별동대를 꾸려 그 마족을 찾아낸다.				라민
QUEST_LV_0500_20220210_001463	啓示者。{nl}別動隊を編成している間、味方の拠点を包囲している魔族達を片付けるように。	계시자.{nl}별동대를 꾸리는 동안 아군 거점을 포위하고 있는 마족들을 처리하도록.				라민
QUEST_LV_0500_20220210_001464	別動隊を編成している間、味方の拠点を包囲している魔族の処理は任せた。	별동대를 꾸리는 동안 아군 거점을 포위한 마족들을 처리해라.				라민
QUEST_LV_0500_20220210_001465	ごくろう。{nl}これで別動隊が安全に出発できるだろう。	수고했다.{nl}별동대가 안전히 출발할 수 있을 거다.				라민
QUEST_LV_0500_20220210_001466	準備は大体終わった。{nl}中心地へ移動した後、分かれて頭を捜す。	준비는 거의 끝났다.{nl}중심지로 이동한 뒤 나뉘어 우두머리를 찾도록 한다.				라민
QUEST_LV_0500_20220210_001467	啓示者、君が前へ。	계시자가 앞장서도록.				라민
QUEST_LV_0500_20220210_001468	別動隊を率いて後を追おう。	별동대를 이끌고 따라가겠다.				라민
QUEST_LV_0500_20220210_001469	確かに効果はあったようだ。	확실히 효과가 있었군.				라민
QUEST_LV_0500_20220210_001470	ではこれより、戦える兵士たちを全員率いて内側へ侵入する。	이제 싸울 수 있는 병사들을 모두 이끌고 안쪽으로 진입한다.				라민
QUEST_LV_0500_20220210_001471	はぐれた兵士達を糾合せねばなりません。{nl}本隊を増援する際、強力な戦力となるでしょう。	흩어진 병사들을 규합해야 합니다.{nl}본대를 증원할 때 막강한 전력이 될 수 있습니다.				센츄리온 마스터
QUEST_LV_0500_20220210_001472	ここを徘徊している敵の姿は見たか？{nl}あれらはオルシャに所属していた兵士、市民あるいは商人達だったものだ。{nl}神樹の日以降、デルムーアへ逃げていた避難民達も多かっただろう。	이 곳을 배회하고 있는 적들의 모습을 보았나?{nl}오르샤에 소속되었던 병사이거나, 시민 혹은 상인들이 었다.{nl}신수의 날 이후 델무어로 피신한 피난민들도 다수 있었겠지.				라민
QUEST_LV_0500_20220210_001473	しかし敵が我が王国軍の道を阻んている以上、敵であることは明確だ。{nl}ただ、兵士達の目に迷いが見える。	그러나 저들이 우리 왕국군의 길을 막고 있으니 적이라는 사실은 명확하다.{nl}다만 병사들의 눈빛에 망설임이 만연하군.				라민
QUEST_LV_0500_20220210_001474	このまま戦闘が始まれば、まともに戦えず全滅するだろう。{nl}兵士達を督励する必要がある。	이대로 전투가 시작되면 제대로 싸워보지도 못하고 전멸당할 거다.{nl}병사들을 독려할 필요가 있다.				라민
QUEST_LV_0500_20220210_001475	味方の戦闘を準備するためにも、まずは変質した兵士達が捨てた補給品を確保し体制を整えろ。	아군의 전투를 준비하기 위해 변질된 병사들이 버려둔 보급품을 확보하고 재정비해라.				라민
QUEST_LV_0500_20220210_001476	よし。{nl}急ぎ動くように。	좋다.{nl}서둘러 움직이도록.				라민
QUEST_LV_0500_20220210_001477	変質した兵士達が捨てた補給品を確保しろ。	변질된 병사들이 버려둔 보급품을 확보해라.				라민
QUEST_LV_0500_20220210_001478	準備は終えたか？{nl}……これはオルシャの旗だな。{nl}	준비가 끝났나?{nl}이건 오르샤의 깃발이군.{nl}				라민
QUEST_LV_0500_20220210_001479	これ以上時間を遅らせるわけにはいかない。{nl}君も準備はいいか？	시간을 더 지체할 수는 없다.{nl}자네도 준비가 끝났나?				라민
QUEST_LV_0500_20220210_001480	良し。	좋다.				라민
QUEST_LV_0500_20220210_001481	持ち場に着いて備えろ。{nl}王国軍の旗と共にオルシャの旗も立てるのだ。{nl}適度に復讐心を植え付けるだけでも、戦闘において大きな効果をもたらすだろう。	자리로 가서 준비해라.{nl}왕국군의 깃발과 함께 오르샤의 깃발을 함께 세워라.{nl}적당한 복수심을 심어준다면 전투에 있어서도 큰 효과를 가져올 거다.				라민
QUEST_LV_0500_20220210_001482	よく戦ってくれた。{nl}デルムーア外部では所々敵対勢力の群れが見られるが、王国軍に大きな危険はないだろう。	잘 싸워주었다.{nl}델무어 외부에는 간간히 적대적인 무리들이 발견되긴 하지만, 왕국군에 큰 위협이 될 정도는 아니다.				라민
QUEST_LV_0500_20220210_001483	後方の警戒と残党処理をセンチュリオンマスターに任せた。	센츄리온 마스터에게는 후방 경계와 잔당 처리를 맡겼다.				라민
QUEST_LV_0500_20220210_001484	既に聞いております。{nl}大将軍の命令通り、後方地域の残党は掃討します。	소식을 들었습니다.{nl}저는 대장군의 명령에 따라 후방 지역의 잔당을 소탕하겠습니다.				센츄리온 마스터
QUEST_LV_0500_20220210_001485	貴方の活躍について、王国軍は高く評価していますよ。	당신의 활약에 대해 왕국군은 높이 사고 있습니다.				센츄리온 마스터
QUEST_LV_0500_20220210_001486	戦いはまだ終わっていない。{nl}戦える仲間を集めろ。	아직 전쟁이 끝난 건 아니다.{nl}싸울 수 있는 동료들을 모아라.				라민
QUEST_LV_0500_20220210_001487	持ち場に移れ。{nl}ぐずぐずしている余裕は無い。	자리로 이동해라.{nl}뭉그적거릴 여유는 없다.				라민
QUEST_LV_0500_20220210_001488	待て。兵士達の悲鳴が聞こえる。{nl}啓示者、君も聞いたか？	잠깐, 병사들의 비명 소리가 들린다.{nl}계시자 너도 들었나?				라민
QUEST_LV_0500_20220210_001489	オルシャの攻城装備が到着した。{nl}攻城装備をバリケードの向こうへ移すだけで、王国軍に多くの犠牲が出た。	오르샤의 공성장비가 도착했다.{nl}공성장비를 바리케이드 너머로 옮기는 데에만 많은 왕국군이 희생을 치렀다.				라민
QUEST_LV_0500_20220210_001490	女神の啓示を受けた啓示者は、人間の限界を超えるほどの力を発揮するという。{nl}先の戦いで君と共に戦った兵士達の間では、君の話でもちきりだ。	여신의 계시를 받은 계시자들은 인간의 한계를 넘어선 힘을 발휘한다고 하지.{nl}지난 전투에서 너와 함께 싸운 병사들 사이에서 네 이야기가 들리더군.				라민
QUEST_LV_0500_20220210_001491	彼らにとって君はもう英雄だ。{nl}兵士達が親しい戦友を失い、戦場で孤立した状況でも諦めずにいれたのは{nl}君が兵士達と一緒に戦っていたからだ。	그들에게 너는 영웅이 되었다.{nl}친구이자 전우를 잃고 전장에 고립된 상황에서도 병사들이 포기하지 않은 건{nl}네가 병사들과 함께 싸워주고 있기 때문이었다.				라민
QUEST_LV_0500_20220210_001492	攻城装備の設置は完了した。君の助けとなるよう、兵士達が命を懸けて成功させたんだ。{nl}今度は君の番だ。	병사들이 목숨을 걸고 너의 전투를 돕기위해 공성장비를 전장에 들여 놓는 데는 성공했다.{nl}이제 네 차례다.				라민
QUEST_LV_0500_20220210_001493	行って{#003399}城門{/}を開けたまえ。	가서 {#003399}성문{/}을 열어라.				라민
QUEST_LV_0500_20220210_001494	{#003399}激戦地{/}へ突入するのだ。	{#003399}격전지{/}로 진입한다.				라민
QUEST_LV_0500_20220210_001495	{#003399}激戦地{/}へ突入せよ。	{#003399}격전지{/}로 진입하도록.				라민
QUEST_LV_0500_20220210_001496	おかげでデルムーア内部へと続く道が開いた。{nl}此度の功労、カオニーラ姫様もお喜びになるだろう。	덕분에 델무어 내부로 가는 길이 열렸군.{nl}이 공로는 카오닐라 공주님께서 크게 치하하실 거다.				라민
QUEST_LV_0500_20220210_001497	無論私も、この功労はすべて君のおかげであると認めているし、感謝している。{nl}────よくやってくれた。	물론, 나 역시 네 공로를 인정하고 있다.{nl}잘 싸워주었다.				라민
QUEST_LV_0500_20220210_001498	内部へと入る準備が完了次第、もう一度君を呼ぼう。	내부로 들어갈 준비가 끝나면 다시 너를 찾겠다.				라민
QUEST_LV_0500_20220210_001499	{img GuideQuest_StartLine3_MiniMap_2 300 240}{nl}乱雑そうに見える海図だが、オルシャと王国領モロス公邸との距離がどれほど離れているかは分かる。	      {img GuideQuest_StartLine3_MiniMap_2 300 240}{nl}조잡해 보이는 해도는 오르샤와 왕국령 모로스 공관이 얼마나 멀리 떨어져 있는지 가늠하게 한다.				PC
QUEST_LV_0500_20220210_001500	モロスの啓示者(1)	모로스의 계시자(1)				
QUEST_LV_0500_20220210_001501	王国領モロス公邸へ入りましょう	왕국령 모로스 공관으로 진입하세요				
QUEST_LV_0500_20220210_001502	[チュートリアル]会話と相互作用	[튜토리얼] 대화와 상호작용				
QUEST_LV_0500_20220210_001503	何やら問題が起きているようです。{nl}検査の順番待ちをしている避難民達と会話してみましょう。	문제가 있는 것 같습니다.{nl}검사를 기다리고 있는 피난민들과 대화해봅시다.				
QUEST_LV_0500_20220210_001504	少女の幻影と会話してみましょう。	소녀의 환영과 대화해봅시다.				
QUEST_LV_0500_20220210_001505	[チュートリアル]成長装備の着用	[튜토리얼] 성장 장비 착용				
QUEST_LV_0500_20220210_001506	モロスの啓示者(2)	모로스의 계시자(2)				
QUEST_LV_0500_20220210_001507	モロスの啓示者(3)	모로스의 계시자(3)				
QUEST_LV_0500_20220210_001508	少女の幻影があなたを捜しています。	소녀의 환영이 당신을 찾고 있습니다.				
QUEST_LV_0500_20220210_001509	[チュートリアル]最初の転職	[튜토리얼] 첫 번째 전직				
QUEST_LV_0500_20220210_001510	クラス転職をやってみる	전직해 보겠다고 한다				
QUEST_LV_0500_20220210_001511	モロスの啓示者(4)	모로스의 계시자(4)				
QUEST_LV_0500_20220210_001512	無責任だ	무책임하다고 한다				
QUEST_LV_0500_20220210_001513	モロスの啓示者(5)	모로스의 계시자(5)				
QUEST_LV_0500_20220210_001514	オーウィニア・ディルベンを訪ねてみる	오위니아 딜벤을 찾아가겠다고 한다				
QUEST_LV_0500_20220210_001515	ここに長く居座るつもりはないので……	이곳에 오래 머무를 생각이 없다고 한다				
QUEST_LV_0500_20220210_001516	モロスの啓示者(6)	모로스의 계시자(6)				
QUEST_LV_0500_20220210_001517	少し見てくるよ	잠시 둘러보고 오겠다고 한다				
QUEST_LV_0500_20220210_001518	モロスの啓示者(7)	모로스의 계시자(7)				
QUEST_LV_0500_20220210_001519	歩いていくよ	걸어가겠다고 한다				
QUEST_LV_0500_20220210_001520	[チュートリアル]クエストアイテムの使用	[튜토리얼] 퀘스트 아이템 사용				
QUEST_LV_0500_20220210_001521	怪しいからやりたくない……	수상해서 하기 싫다고 한다				
QUEST_LV_0500_20220210_001522	モロスの啓示者(8)	모로스의 계시자(8)				
QUEST_LV_0500_20220210_001523	問題を起こしたくない……	문제를 일으키고 싶지 안핟고 한다				
QUEST_LV_0500_20220210_001524	モロスの啓示者(9)	모로스의 계시자(9)				
QUEST_LV_0500_20220210_001525	[チュートリアル]ボスモンスターとの戦闘	[튜토리얼] 보스 몬스터와의 전투				
QUEST_LV_0500_20220210_001526	突き止めてくるよ	알아내겠다고 한다				
QUEST_LV_0500_20220210_001527	1人は危険だと思う……	혼자선 위험하다고 한다				
QUEST_LV_0500_20220210_001528	モロスの啓示者(10)	모로스의 계시자(10)				
QUEST_LV_0500_20220210_001529	モロスの啓示者(11)	모로스의 계시자(11)				
QUEST_LV_0500_20220210_001530	仕方なく従う	어쩔 수 없이 따른다				
QUEST_LV_0500_20220210_001531	モロスの啓示者(12)	모로스의 계시자(12)				
QUEST_LV_0500_20220210_001532	とりあえず落ち着いて	흥분하지 말라고 한다				
QUEST_LV_0500_20220210_001533	モロスの啓示者(13)	모로스의 계시자(13)				
QUEST_LV_0500_20220210_001534	モロスの啓示者(14)	모로스의 계시자(14)				
QUEST_LV_0500_20220210_001535	出立する準備はできた	떠날 준비가 되었다고 한다				
QUEST_LV_0500_20220210_001536	戦場の中へ	전장 속으로				
QUEST_LV_0500_20220210_001537	すぐに合流する	곧장 합류하겠다고 한다				
QUEST_LV_0500_20220210_001538	兵力再集結(1)	병력 재집결(1)				
QUEST_LV_0500_20220210_001539	力になれない	돕기 어렵다고 한다				
QUEST_LV_0500_20220210_001540	兵力再集結(2)	병력 재집결(2)				
QUEST_LV_0500_20220210_001541	急ごう	서둘러 가자고 한다				
QUEST_LV_0500_20220210_001542	兵力再集結(3)	병력 재집결(3)				
QUEST_LV_0500_20220210_001543	兵力再集結(4)	병력 재집결(4)				
QUEST_LV_0500_20220210_001544	移動装置の確認	이동 장치 확인				
QUEST_LV_0500_20220210_001545	面倒だ……	번거롭다고 한다				
QUEST_LV_0500_20220210_001546	デルムーア荘園へ	델무어 장원으로				
QUEST_LV_0500_20220210_001547	参戦する	참전하겠다고 한다				
QUEST_LV_0500_20220210_001548	臨時拠点	임시 거점				
QUEST_LV_0500_20220210_001549	デルムーア荘園へ行こう	델무어 장원으로 가자고 한다				
QUEST_LV_0500_20220210_001550	まだやることがある	아직 할 일이 있다고 한다				
QUEST_LV_0500_20220210_001551	物資集め	물자 모으기				
QUEST_LV_0500_20220210_001552	物資を探してみる	물자들을 찾아보겠다고 한다				
QUEST_LV_0500_20220210_001553	別にやらなくていいと思う	시답지 않은 일이라고 한다				
QUEST_LV_0500_20220210_001554	バリケード構築	바리케이드 구축				
QUEST_LV_0500_20220210_001555	自分が設置してくるよ	직접 설치해주겠다고 한다				
QUEST_LV_0500_20220210_001556	乱戦解決(1)	난전 해결 (1)				
QUEST_LV_0500_20220210_001557	兵士達を捜してくる	병사들을 찾아보겠다고 한다				
QUEST_LV_0500_20220210_001558	乱戦解決(2)	난전 해결 (2)				
QUEST_LV_0500_20220210_001559	乱戦解決(3)	난전 해결 (3)				
QUEST_LV_0500_20220210_001560	適材適所	적재 적소				
QUEST_LV_0500_20220210_001561	それぞれがすること	각자가 할 일				
QUEST_LV_0500_20220210_001562	じゃあデルムーア外郭への道を整えてから行くよ	그럼 델무어 외성으로 가는 길을 정리해두고 가겠다고 한다				
QUEST_LV_0500_20220210_001563	先にやるべきことがある	먼저 할 일이 있다고 한다				
QUEST_LV_0500_20220210_001564	先に来た仲間	먼저 온 동료				
QUEST_LV_0500_20220210_001565	魔族の防御計画(1)	마족의 방어 계획 (1)				
QUEST_LV_0500_20220210_001566	魔族の防御計画(2)	마족의 방어 계획 (2)				
QUEST_LV_0500_20220210_001567	拠点捜しに自分も同意する	거점을 찾는 데 동의한다				
QUEST_LV_0500_20220210_001568	魔族の防御計画(3)	마족의 방어 계획 (3)				
QUEST_LV_0500_20220210_001569	魔族の防御計画(4)	마족의 방어 계획 (4)				
QUEST_LV_0500_20220210_001570	急いで追おう！	어서 추적하자고 한다				
QUEST_LV_0500_20220210_001571	魔族の防御計画(5)	마족의 방어 계획 (5)				
QUEST_LV_0500_20220210_001572	魔族の防御計画(6)	마족의 방어 계획 (6)				
QUEST_LV_0500_20220210_001573	王国軍の救助	왕국군 구조				
QUEST_LV_0500_20220210_001574	ラミン大将軍	라민 대장군				
QUEST_LV_0500_20220210_001575	少し休んだ方がいいかも	조금 쉬는 게 좋겠다고 한다				
QUEST_LV_0500_20220210_001576	生存者の捜索	생존자 탐색				
QUEST_LV_0500_20220210_001577	命令に従います	명령을 따르겠다고 한다				
QUEST_LV_0500_20220210_001578	その前に準備させてください	명령을 따르기 위해 준비가 필요하다고 한다				
QUEST_LV_0500_20220210_001579	包囲解除	포위 해제				
QUEST_LV_0500_20220210_001580	別動隊	별동대				
QUEST_LV_0500_20220210_001581	グレスミーの正体	그레스미의 정체				
QUEST_LV_0500_20220210_001582	凶兆の実体	흉조의 실체				
QUEST_LV_0500_20220210_001583	捨てられた武器	버려진 무기들				
QUEST_LV_0500_20220210_001584	総力戦	총력전				
QUEST_LV_0500_20220210_001585	持ち場へ向かいます	자리로 가겠다고 한다				
QUEST_LV_0500_20220210_001586	まだ準備できていません	아직 준비가 끝나지 않았다고 한다				
QUEST_LV_0500_20220210_001587	左側の戦線(1)	좌측 전선(1)				
QUEST_LV_0500_20220210_001588	左側の戦線(2)	좌측 전선(2)				
QUEST_LV_0500_20220210_001589	中央進出	중앙 진출				
QUEST_LV_0500_20220210_001590	右側の戦線	우측 전선				
QUEST_LV_0500_20220210_001591	側面突破	측면 돌파				
QUEST_LV_0500_20220210_001592	勝利の報せ	승전보				
QUEST_LV_0500_20220210_001593	人間の関門	인간의 관문				
QUEST_LV_0500_20220210_001594	聞いた	들었다				
QUEST_LV_0500_20220210_001595	聞いてない	못 들었다				
QUEST_LV_0500_20220210_001596	デルムーア激戦地	델무어 격전지				
QUEST_LV_0500_20220210_001597	準備できた	준비가 끝났다고 한다				
QUEST_LV_0500_20220210_001598	敷居をまたぐ	문턱을 넘는다				
QUEST_LV_0500_20220210_001599	モロスの啓示者	모로스의 계시자				
QUEST_LV_0500_20220210_001600	王国領モロス公邸へ	왕국령 모로스 공관 진입				
QUEST_LV_0500_20220210_001601	夢の中の少女に説得され、あなたはここへ辿り着きました。果たしてこれは新たな始まりとなるのでしょうか？まだ何も分からない状態ですが、ここにいる人々から話を聞いてみれば、何か糸口がつかめるかもしれません。 公邸の警備兵に事情を話してから、話の通じる人がいないか捜してみましょう。	꿈 속 소녀의 집요한 설득으로 당신은 결국 이 곳에 도착했습니다. 이것이 새로운 시작일까요? 아직 아무것도 알 수 없지만 이 곳 사람들에게 물어보면 실마리를 찾을 수 있을 것 같습니다. 공관 경비병에게 사정을 이야기하고 말이 통하는 사람을 찾아봅시다.				
QUEST_LV_0500_20220210_001602	避難民達と会話する	피난민들과 대화하기				
QUEST_LV_0500_20220210_001603	どうやら公邸へ入るためには時間がかかるようです。入口の避難民達から最近モロスで起きていることについて聞いてみましょう。	아무래도 공관으로 들어가려면 시간이 걸릴 것 같습니다. 입구의 피난민들과 대화하며 최근 모로스에서 벌어진 일들을 알아봅시다.				
QUEST_LV_0500_20220210_001604	少女の幻影と会話する	소녀의 환영과 대화하기				
QUEST_LV_0500_20220210_001605	長きにわたってあなたの夢に現れ、啓示の夢とこの公邸を訪ねるよう語ってきた少女の幻影が現れました。少女の幻影と会話してみましょう。	오랜 기간 당신의 꿈 속에 나타나 계시의 꿈과 이 공관을 찾아가라고 말하던 소녀의 환영이 나타났습니다. 소녀의 환영과 대화해 봅시다.				
QUEST_LV_0500_20220210_001606	成長装備の着用	성장 장비 착용				
QUEST_LV_0500_20220210_001607	インベントリを開き、成長装備を選択して着用してみましょう。	인벤토리를 열어 성장 장비를 선택하고 착용하세요				
QUEST_LV_0500_20220210_001608	少女の幻影と会話	소녀의 환영과 대화				
QUEST_LV_0500_20220210_001609	大将軍ラミンと会話	대장군 라민과 대화				
QUEST_LV_0500_20220210_001610	転職を1回完了	전직 1회 완료				
QUEST_LV_0500_20220210_001611	公邸室へ向かう	공관실 찾아가기				
QUEST_LV_0500_20220210_001612	カオニーラ・ヘンリュシィと会話	카오닐라 헨류시와 대화				
QUEST_LV_0500_20220210_001613	オーウィニア・ディルベンの元へ戻る	오위니아 딜벤에게 되돌아 가기				
QUEST_LV_0500_20220210_001614	ソウルプロジェクターを使用	영혼 투사기 사용				
QUEST_LV_0500_20220210_001615	オーウィニア・ディルベンに向かってソウルプロジェクターを使う	오위니아 딜벤에게 영혼 투사기 사용				
QUEST_LV_0500_20220210_001616	休息をとる	휴식 취하기				
QUEST_LV_0500_20220210_001617	紛れていた魔族の幹部を倒す	숨어든 마족 간부 처치				
QUEST_LV_0500_20220210_001618	ランダマスターの後を追う	랑다 마스터 따라가기				
QUEST_LV_0500_20220210_001619	護衛隊長ヘオシャと会話	호위대장 헤오샤와 대화				
QUEST_LV_0500_20220210_001620	オルシャの領主イネッサ・へモンデールを訪ねる	오르샤의 영주 이네사 해먼데일을 찾아가기				
QUEST_LV_0500_20220210_001621	オルシャの領主が貴方を捜しています{nl}オルシャの領主を訪ねましょう	오르샤의 영주가 급히 당신을 찾고 있습니다{nl}오르샤로 가 영주를 만나세요				
QUEST_LV_0500_20220210_001622	キルティマス森を抜けてデルムーア小作村へ向かう	키르티마스 숲을 지나 델무어 소작촌으로 가기				
QUEST_LV_0500_20220210_001623	オルシャ領主の話では、キレン地方を侵攻した注視者の軍勢に立ち向かうため、王国軍が注視者の本拠地であるデルムーアに攻めたそうです。{nl}パヤウタは一足先に王国軍へ合流し、あなたが王国軍に加勢してくれるのを待っています。{nl}デルムーア小作村へ向かう方法はレンパリサ池とキルティマス森から続く陸路がありますが、戦争の余波でレンパリサ池と繋がっている道は遮断されている状態です{nl}キルティマス森を通って、デルムーア小作村へ移動しましょう{nl}	오르샤 영주의 말에 의하면, 키렌 지방을 침공한 주시자의 군세에 맞서기 위하여 왕국군이 주시자의 본거지인 델무어를 공격했다고 합니다{nl}파야우타는 일찍이 왕국군에 합류했으며 그녀는 당신 역시 왕국군에 가세해 주기를 바라고 있습니다{nl}델무어 소작촌으로 가는 방법은 렘파라사 연못과 키르티마스 숲을 통해 이어진 육로가 있으나, 전쟁의 여파로 렘파라사 연못과 이어진 통로는 차단된 상태입니다{nl}키르티마스 숲을 지나 델무어 소작촌으로 이동하세요{nl}				
QUEST_LV_0500_20220210_001624	センチュリオンマスターと会話する	센츄리온 마스터와 대화하기				
QUEST_LV_0500_20220210_001625	デルムーア小作村に侵入し、交戦中だった王国軍とセンチュリオンマスターと会いました。{nl}センチュリオンマスターは貴方を知っている様です。{nl}センチュリオンマスターと会話しましょう	델무어 소작촌에 진입하자 교전 중이던 왕국군과 센츄리온 마스터를 만났습니다{nl}센츄리온 마스터는 당신을 알고 있는 눈치입니다{nl}센츄리온 마스터와 이야기하세요				
QUEST_LV_0500_20220210_001626	センチュリオンマスターは、パヤウタから貴方の話を聞いたそうです。{nl}しかし私語はまた次の機会にして、センチュリオンマスターと合流できるよう彼と会話しましょう	센츄리온 마스터는 파야우타로 부터 당신의 이야기를 들었다고 합니다{nl}그러나 사담은 다음을 기약하고 센츄리온 마스터와 합류할 수 있도록 그와 이야기하세요				
QUEST_LV_0500_20220210_001627	はぐれた兵士達を捜す	흩어진 병사들을 찾기				
QUEST_LV_0500_20220210_001628	センチュリオンマスターは、パヤウタの頼みであなたを王国軍本隊に無事合流させるため、ここを守っている最中でした{nl}しかし敵の攻勢に長くは保てず、彼についていた兵士達は散り散りになって各地で交戦中だそうです。{nl}戦争で王国軍が勝利できるようセンチュリオンマスターを手伝い、はぐれた兵士達を合流させる必要があります。	센츄리온 마스터는 파야우타의 부탁으로 당신을 왕국군 본대에 무사히 합류시키기 위해 이곳을 지키던 중이었습니다{nl}그러나 적의 공세에 오래 버티지는 못했고 그를 따르던 병사들이 흩어져 곳곳에서 교전 중이라고 합니다{nl}전쟁에서 왕국군이 승리할 수 있도록 센츄리온 마스터를 도와 흩어진 병사들을 합류시켜야 합니다				
QUEST_LV_0500_20220210_001629	交戦中だった一部の兵士達を見つけました{nl}次の地域へ移動する前にセンチュリオンマスターと会話してください	교전 중이던 병사들을 일부 찾았습니다{nl}다음 지역으로 이동하기 전에 센츄리온 마스터와 대화하세요				
QUEST_LV_0500_20220210_001630	一部の兵士達を見つけました{nl}次の地域へ移動する前にセンチュリオンマスターと会話してください	병사들을 일부 찾았습니다{nl}다음 지역으로 이동하기 전에 센츄리온 마스터와 대화하세요				
QUEST_LV_0500_20220210_001631	劣勢な戦況で身を隠している兵士の捜索	열세 속에 숨어 있는 병사들을 찾아보기				
QUEST_LV_0500_20220210_001632	ちっかうの地域へ移動し、敵を追い払いつつ兵士を捜してください	가까운 지역으로 이동해 적들을 몰아내고 병사들을 찾으세요				
QUEST_LV_0500_20220210_001633	隠れていた兵士の1人を見つけました{nl}次の地域へ移動する前にセンチュリオンマスターと会話してください	숨어있던 병사들을 일부 찾았습니다{nl}다음 지역으로 이동하기 전에 센츄리온 마스터와 대화하세요				
QUEST_LV_0500_20220210_001634	センチュリオンマスターと会話してください	센츄리온 마스터와 대화하세요				
QUEST_LV_0500_20220210_001635	周辺のモンスターを倒して、武器に仕えそうなものを入手	주변의 몬스터를 처치하고 무기로 쓸만한 것들을 획득하기				
QUEST_LV_0500_20220210_001636	この先の戦闘に備えて、兵士達が戦える環境が整っていなければなりません{nl}ブリークフェレット達から武器を奪いましょう	앞으로 있을 전투에 대비하기 위해 병사들이 싸울 수 있는 여건이 되어야 합니다{nl}블릭페릿들로부터 무기를 탈취하세요				
QUEST_LV_0500_20220210_001637	十分な量の武器を確保しました{nl}センチュリオンマスターと会話しましょう	충분히 많은 무기를 확보했습니다{nl}센츄리온 마스터와 대화하세요				
QUEST_LV_0500_20220210_001638	センチュリオンマスターと次の目標について相談しましょう	센츄리온 마스터와 다음 목표에 대해 상의하세요				
QUEST_LV_0500_20220210_001639	ブリークフェレットの中から連絡係を捜し出し倒す	블릭페릿 사이에서 연락책을 찾아 처치하기				
QUEST_LV_0500_20220210_001640	デルムーア小作村で散り散りになった兵士達をほぼ見つけ出すことができました{nl}しかし、あなたとセンチュリオンマスターの動きにブリークフェレット達も何かを感づき始めたようです{nl}敵の集合時間を遅らせるためにも、連絡係を任されている敵を見つけ出して倒しましょう	델무어 소작촌에 흩어진 병사들은 대부분 찾았습니다{nl}그러나 당신과 센츄리온 마스터의 움직임을 블릭페릿들도 감지했습니다{nl}적들의 집결 시간을 지연시키기 위해 연락책을 맡은 적들을 찾아 제거하세요				
QUEST_LV_0500_20220210_001641	連絡係らを見つけ出し、処理しました{nl}センチュリオンマスターと会話しましょう	연락책들을 찾아 충분히 제거했습니다{nl}센츄리온 마스터와 대화하세요				
QUEST_LV_0500_20220210_001642	デルムーア荘園へ向かう移動装置を確認	델무어 장원으로 가는 이동 장치 확인하기				
QUEST_LV_0500_20220210_001643	過去デルムーア小作村とデルムーア外郭を繋ぐ昇降機がありました{nl}今でも昇降機を使えるか確かめるため、イシュンティ十字路から上の道を辿って昇降機を確認しましょう	과거 델무어 소작촌과 델무어 외성을 잇던 승강기가 있습니다{nl}승강기를 사용할 수 있는 지 확인하기 위해 이쉰티 사거리에서 윗길을 따라가 승강기를 확인하세요				
QUEST_LV_0500_20220210_001644	巨大なクルビナの障壁が、昇降機を破壊してしまいました{nl}センチュリオンマスターと会話しましょう	거대한 크루비나 장벽이 승강기를 완전히 박살 냈습니다{nl}센츄리온 마스터와 대화하세요				
QUEST_LV_0500_20220210_001645	デルムーア荘園へ移動する方法を模索するためにも、センチュリオンマスターと話し合いましょう	델무어 장원으로 이동할 방법을 모색하기 위해 센츄리온 마스터와 상의하세요				
QUEST_LV_0500_20220210_001646	デルムーア荘園の入口地域を確保	델무어 장원 입구 지역을 확보하기				
QUEST_LV_0500_20220210_001647	唯一残された方法は、デルムーア荘園へ続く陸路を確保することです{nl}センチュリオンマスターとその兵士達と共に、デルムーア荘園の侵入地付近を攻撃し、入口を確保しましょう	델무어 장원으로 이어진 육로를 확보하는 게 유일한 방법입니다{nl}센츄리온 마스터와 그의 병사들과 함께 델무어 장원 진입지 근처를 공격해 입구를 확보하세요				
QUEST_LV_0500_20220210_001648	デルムーア荘園の侵入地付近の確保に成功しました{nl}デルムーア荘園の入口付近にいるセンチュリオンマスターと会話してください	델무어 장원 진입지 근처를 성공적으로 확보했습니다{nl}델무어 장원 입구 근처의 센츄리온 마스터와 대화하세요				
QUEST_LV_0500_20220210_001649	デルムーア荘園へ移動する前にセンチュリオンマスターと会話してください	델무어 장원으로 이동하기 전에 센츄리온 마스터와 대화하세요				
QUEST_LV_0500_20220210_001650	デルムーア荘園でセンチュリオンマスターと合流し、付近を調査	델무어 장원에서 센츄리온 마스터와 합류하고 근처를 조사하기				
QUEST_LV_0500_20220210_001651	デルムーア荘園にも交戦中の王国軍の者達がいるはずです{nl}まずはデルムーア荘園でセンチュリオンマスターと合流し、付近を調査しましょう	델무어 장원에서도 교전 중인 왕국군들이 있을 겁니다{nl}우선 델무어 장원에서 센츄리온 마스터와 합류하고 근처를 조사하세요				
QUEST_LV_0500_20220210_001652	デルムーア荘園で絶体絶命の危機に陥っていた王国軍兵士を助け出しました{nl}センチュリオンマスターと会話してください	델무어 장원에서 위기에 처해 죽을 뻔한 왕국군을 구했습니다{nl}센츄리온 마스터와 대화하세요				
QUEST_LV_0500_20220210_001653	センチュリオンマスターは戦況が悪い現状を懸念している様です{nl}それでもこの状況で何ができるのか、見つけなければなりません{nl}センチュリオンマスターと話し合ってみましょう	센츄리온 마스터는 전황이 안좋다는 우려를 표했습니다{nl}그러나 이런 상황에서 할 수 있는 일을 찾아야만 합니다{nl}센츄리온 마스터와 상의하세요				
QUEST_LV_0500_20220210_001654	臨時拠点を補強する物資を集める	임시 거점을 보강할 물자를 모으기				
QUEST_LV_0500_20220210_001655	センチュリオンマスターはパニックに陥ったり、負傷している兵士達が少しの間安全に休息できる場所が必要だといいました{nl}現在いる戦場には周辺に破損した資材が多く、{nl}簡単なバリケードを作れる物資を集めることができそうです	센츄리온 마스터는 공황을 겪고 있거나 다친 병사들이 잠시나마 안전한 휴식을 취할 수 있는 장소가 필요하다고 합니다{nl}현재 이곳은 전쟁터이고 주변에는 부서진 자재들이 많습니다{nl}간단한 바리케이드를 만들 수 있는 물자를 모을 수 있습니다				
QUEST_LV_0500_20220210_001656	センチュリオンマスターへ物資を届ける	센츄리온 마스터에게 물자를 가져다주기				
QUEST_LV_0500_20220210_001657	破損した資材を十分に確保できました{nl}近くで捨てられたテントの一部を切り取り、使えそうなテントの資材も集めました{nl}センチュリオンマスターの元へ集めた物資を持って行きましょう	부족하지 않을 만큼 부서진 자재를 확보했으며{nl}근처에서 버려진 텐트의 일부를 잘라내 쓸만한 텐트 자재도 모았습니다{nl}센츄리온 마스터에게 모은 물자들을 가져가세요				
QUEST_LV_0500_20220210_001658	あなたが集めた物資のおかげで負傷兵達が横になれる臨時テントを設置できました{nl}センチュリオンマスターと会話しましょう	당신이 모아온 물자 덕분에 부상병들을 눕게 할 임시 텐트도 마련했습니다{nl}센츄리온 마스터와 대화하세요				
QUEST_LV_0500_20220210_001659	拠点にバリケードを設置	거점에 바리게이트 설치하기				
QUEST_LV_0500_20220210_001660	臨時拠点を防御できるよう、指定した場所にバリケードを設置しましょう	임시 거점을 방어할 수 있도록 지정된 곳에 바리케이드를 설치하세요				
QUEST_LV_0500_20220210_001661	センチュリオンマスターへ結果を報告	센츄리온 마스터에게 결과를 보고하기				
QUEST_LV_0500_20220210_001662	バリケードを設置しました{nl}センチュリオンマスターと会話しましょう	바리케이드를 충분히 설치했습니다{nl}센츄리온 마스터와 대화하세요				
QUEST_LV_0500_20220210_001663	城壁再建区域で戦闘中の兵士達を助け、兵士達を拠点へ案内する	성벽 재건 구역에서 전투 중인 병사들을 돕고 병사들을 거점으로 안내하기				
QUEST_LV_0500_20220210_001664	城壁再建区域で交戦中の王国軍の兵士を捜しましょう。そして彼らと交戦中の敵を退けてから、王国軍兵士に臨時拠点へ退くよう命令しましょう	성벽 재건 구역에서 교전 중인 왕국군들을 찾아 그들과 교전 중인 적들을 몰아내고, 왕국군들이 임시 거점으로 후퇴하도록 명령하세요				
QUEST_LV_0500_20220210_001665	カルボス空き地で戦闘中の兵士達を助け、兵士達を拠点へ案内する	칼보스 공터에서 전투 중인 병사들을 돕고 병사들을 거점으로 안내하기				
QUEST_LV_0500_20220210_001666	カルボス空き地で交戦中の王国軍の兵士を捜しましょう。そして彼らと交戦中の敵を退けてから、王国軍兵士に臨時拠点へ退くよう命令しましょう	칼보스 공터에서 교전 중인 왕국군들을 찾아 그들과 교전 중인 적들을 몰아내고, 왕국군들이 임시 거점으로 후퇴하도록 명령하세요				
QUEST_LV_0500_20220210_001667	ラタス十字路で戦闘中の兵士達を助け、兵士達を拠点へ案内する	라타스 사거리에서 전투 중인 병사들을 돕고 병사들을 거점으로 안내하기				
QUEST_LV_0500_20220210_001668	ラタス十字路で交戦中の王国軍の兵士を捜しましょう。そして彼らと交戦中の敵を退けてから、王国軍兵士に臨時拠点へ退くよう命令しましょう	라타스 사거리에서 교전 중인 왕국군들을 찾아 그들과 교전 중인 적들을 몰아내고, 왕국군들이 임시 거점으로 후퇴하도록 명령하세요				
QUEST_LV_0500_20220210_001669	工房通りへ移動する	공방 거리로 이동하기				
QUEST_LV_0500_20220210_001670	工房通りで交戦中の王国軍の兵士を捜しましょう。そして彼らと交戦中の敵を退けてから、王国軍兵士に臨時拠点へ退くよう命令しましょう	공방 거리에서 교전 중인 왕국군들을 찾아 그들과 교전 중인 적들을 몰아내고, 왕국군들이 임시 거점으로 후퇴하도록 명령하세요				
QUEST_LV_0500_20220210_001671	味方の拠点を攻撃する敵を倒す	아군 거점을 공격하는 적들을 저지하기				
QUEST_LV_0500_20220210_001672	敵が王国軍の臨時拠点を攻撃するた集まってきました{nl}攻撃してくる敵を食い止めましょう	적들이 왕국군의 임시 거점을 공격하기 위해 집결했습니다{nl}공격해오는 적들을 막으세요				
QUEST_LV_0500_20220210_001673	無事間に合ったおかげで、臨時拠点を守ることができました{nl}センチュリオンマスターと会話しましょう	다행히 당신이 늦지 않은 덕에 임시 거점을 지켜낼 수 있었습니다{nl}센츄리온 마스터와 대화하세요				
QUEST_LV_0500_20220210_001674	デルムーア外郭への進入路を確保してデルムーア外郭へ移動	델무어 외성 진입로를 확보하고 델무어 외성으로 이동하기				
QUEST_LV_0500_20220210_001675	センチュリオンマスターは、まだはぐれたままの兵士達を集めるため、ここ臨時拠点に残るそうです{nl}彼は曰く、無事体制を立てなおしたら本隊に合流する計画とのこと{nl}その時ためにも、デルムーア外郭へ続く通路を守っている敵を追い払いましょう	센츄리온 마스터는 아직 흩어져 있는 병사들을 규합하기 위해 이곳 임시 거점에 남겠다고 합니다{nl}추후 그가 재정비를 마치면 본대에 합류할 계획입니다{nl}그때를 위해 델무어 외성으로 이어지는 통로를 지키는 적들을 몰아내세요				
QUEST_LV_0500_20220210_001676	デルムーア外郭へ移動	델무어 외성으로 이동하기				
QUEST_LV_0500_20220210_001677	デルムーア外郭へ移動しましょう	델무어 외성으로 이동하세요				
QUEST_LV_0500_20220210_001678	デルムーア外郭でパヤウタと合流しました{nl}パヤウタと会話しましょう	델무어 외성에서 파야우타를 만났습니다{nl}파야우타와 이야기를 나누세요				
QUEST_LV_0500_20220210_001679	パヤウタがここで何をしていたのか聞いてみましょう	파야우타가 이곳에서 무엇을 하고 있었는 들어보세요				
QUEST_LV_0500_20220210_001680	目標地点の敵を掃討し、所持品を奪取	목표 지점의 적들을 소탕하고 소지품을 탈취하기				
QUEST_LV_0500_20220210_001681	パヤウタは王国軍の指揮官である大将軍の命令で敵の拠点を探っていたようです{nl}敵の拠点に保管されていると予想される防御計画図と作戦文書を探すためにもパヤウタと一緒に行動しましょう{nl}デガルム進入路へ集まっている敵を攻撃しましょう	파야우타는 왕국군의 지휘관인 대장군의 명령으로 적들의 거점을 찾고 있었습니다{nl}적의 거점에서 적들이 가지고 있을 거라 추정되는 방어 계획서들과 작전 문서를 찾기 위해 파야우타와 함께 움직이세요{nl}데가름 진입로에 집결 중인 적들을 공격하세요				
QUEST_LV_0500_20220210_001682	デルムーア小作村とデルムーア荘園の防御計画図を入手しました{nl}パヤウタと会話しましょう	델무어 소작촌과 델무어 장원의 방어 계획도를 획득했습니다{nl}파야우타와 대화하세요				
QUEST_LV_0500_20220210_001683	防御計画図の入手	방어 계획도 획득				
QUEST_LV_0500_20220210_001684	パヤウタと次の計画について話しましょう	파야우타와 다음 계획을 이야기하기				
QUEST_LV_0500_20220210_001685	2つの計画書は既に通過した場所であるため、あまり役に立ちそうにありません{nl}次の行動についてパヤウタと話し合いましょう	두 방어 계획도는 이미 지나온 곳이라 큰 소용이 있지는 않습니다{nl}다음 계획을 위해 파야우타와 대화하세요				
QUEST_LV_0500_20220210_001686	目標地点でモンスター達の足跡を調査	목표 지점에서 몬스터들의 족적을 조사하기				
QUEST_LV_0500_20220210_001687	パヤウタは、少なくとも敵が防御計画図を持っているという事実を確認できたと意気込んでいます{nl}敵の拠点を探すためにもデルムーア外郭の各所へと繋がるタジカの分かれ道で足跡を調べましょう	파야우타는 적어도 적들이 방어 계획도를 가지고 있다는 사실을 확인했다며 의기를 다졌습니다{nl}적의 거점을 찾기 위해 델무어 외성 곳곳으로 이어져 있는 타지카 갈림길에서 족적을 조사하세요				
QUEST_LV_0500_20220210_001688	足跡を調べた結果をパヤウタに話す	족적의 조사 결과를 파야우타와 이야기하기				
QUEST_LV_0500_20220210_001689	多くの足跡がオーレム集会場へ続いています{nl}パヤウタと足跡について話し合いましょう	유난히 많은 족적이 오렘 집회장으로 이어져 있습니다{nl}파야우타와 족적에 대해 논의하세요				
QUEST_LV_0500_20220210_001690	パヤウタと次の計画について議論する	파야우타와 다음 계획을 논의하기				
QUEST_LV_0500_20220210_001691	次の計画についてパヤウタと相談しましょう	다음 계획에 대해 파야우타와 상의하세요				
QUEST_LV_0500_20220210_001692	足跡を辿って敵の拠点を襲撃	족적을 따라 적의 거점을 습격하기				
QUEST_LV_0500_20220210_001693	パヤウタはオーレム集会場へ行けば敵の拠点があるはずだと言います{nl}オーレム集会場へ移動し、敵を倒しつつ拠点を破壊しましょう	파야우타는 오렘 집회장으로 가면 적들의 거점이 있을 거라고 합니다{nl}오렘 집회장으로 이동해 적들을 처치하고 거점을 파괴하세요				
QUEST_LV_0500_20220210_001694	拠点を破壊しましたが、防御計画図は見つけられませんでした{nl}パヤウタにこの事を話しましょう	거점을 파괴했지만, 방어 계획도는 찾지 못했습니다{nl}파야우타와 이야기하세요				
QUEST_LV_0500_20220210_001695	パヤウタはオーレム集会場の上の道を注意深く調べています{nl}パヤウタの考えを聞いてみましょう	파야우타는 오렘 집회장의 윗길을 유심히 살피고 있습니다{nl}파야우타의 생각을 들어보세요				
QUEST_LV_0500_20220210_001696	レンパリサ池と繋がってる普及路の安全を確保	렘파라사 연못과 이어지는 보급로의 안전을 확보하기				
QUEST_LV_0500_20220210_001697	オルシャの領主の言っていたレンパリサ池と繋がっていたが戦争の余波で遮断された通路というのが、まさにオーレム集会場の上にある道のことです{nl}味方の普及路を確保するため、通路を確保しましょう	오렘 집회장의 윗길이 바로 오르샤의 영주가 말한 렘파라사 연못과 연결되었으나 전쟁의 여파로 차단된 통로입니다{nl}아군의 보급로를 확보하기 위해 통로를 확보하세요				
QUEST_LV_0500_20220210_001698	遮断された通路を防ぐため、襲ってくる敵を倒しました{nl}パヤウタと会話しましょう	차단된 통로를 막아서기 위해 몰려오는 적들을 저지했습니다{nl}파야우타와 대화하세요				
QUEST_LV_0500_20220210_001699	パヤウタと次の行動について相談しましょう	파야우타와 다음 계획에 대해 상의하세요				
QUEST_LV_0500_20220210_001700	拠点から抜け出し移動中のモンスターを追跡	거점에서 벗어나 이동 중인 몬스터를 추적하기				
QUEST_LV_0500_20220210_001701	パヤウタ曰く、拠点へ続くもう一つ別の足跡があるそうです{nl}まだ出来て間もない足跡らしく後を追えそうです{nl}足跡が続いている外郭広場へ移動して敵を倒し、防御計画図を捜しましょう	파야우타의 말에 의하면 거점에서 이어지는 또 다른 족적들이 있다고 합니다{nl}생긴 지 얼마 안 된 족적이니 추적할 수 있습니다{nl}족적이 이어지는 외성 광장으로 이동해 적들을 처치하고 방어 계획서를 찾으세요				
QUEST_LV_0500_20220210_001702	デルムーア外郭の防御計画図を見つけました{nl}パヤウタに見せてみましょう	델무어 외성의 방어 계획서를 찾았습니다{nl}파야우타에게 보여주세요				
QUEST_LV_0500_20220210_001703	防御計画図の獲得	방어 계획서 획득				
QUEST_LV_0500_20220210_001704	デルムーア外郭の防御計画図	다음 계획에 대해 델무어 외성의 방어 계획도를 토대로 파야우타와 상의하세요				
QUEST_LV_0500_20220210_001705	敵の主要拠点の破壊	적의 주요 거점을 파괴하기				
QUEST_LV_0500_20220210_001706	デルムーア外郭の防御計画図によれば城塞の床地域に大規模な拠点が存在します{nl}そこになら残りの防御計画図と作戦文書を見つけられるようです{nl}城塞の床にいる敵を倒して拠点を破壊しましょう	델무어 외성의 방어 계획도에 따르면 성채 마루 지역에 규모가 큰 거점이 있습니다{nl}그곳이라면 나머지 방어 계획도와 작전 문서를 찾을 수 있을 겁니다{nl}성채 마루에 있는 적들을 처치하고 거점을 파괴하세요				
QUEST_LV_0500_20220210_001707	拠点をすべて破壊しました{nl}パヤウタと会話しましょう	거점을 모조리 파괴했습니다{nl}파야우타와 대화하세요				
QUEST_LV_0500_20220210_001708	次の計画についてパヤウタと話し合いましょう	다음 계획을 위해 파야우타와 대화하세요				
QUEST_LV_0500_20220210_001709	上部拠点を攻撃	상부 거점을 공격하기				
QUEST_LV_0500_20220210_001710	城塞の床と繋がっている上部拠点を攻撃しましょう	성채 마루와 이어져 있는 상부 거점을 공격하세요				
QUEST_LV_0500_20220210_001711	時間内に %s 破壊	시간내에 %s 파괴하기				
QUEST_LV_0500_20220210_001712	デルムーア城内でパヤウタを捜す	델무어 내성에서 파야우타를 찾기				
QUEST_LV_0500_20220210_001713	デルムーア城内と庭園の防御計画図と作戦文書をすべて獲得しました{nl}デルムーア城内へ移動しパヤウタを捜しましょう	모든 델무어 내성과 정원의 방어 계획도와 작전문서를 확보했습니다{nl}델무어 내성으로 이동해 파야우타를 찾으세요				
QUEST_LV_0500_20220210_001714	パヤウタと一緒に生き残る	파야우타와 함께 살아남기				
QUEST_LV_0500_20220210_001715	パヤウタから放たれた謎の力が、近くの敵だけでなく王国軍の兵士までも吞み込んでしまいました{nl}何がどうなっているのか分かりませんが、騒乱に気付いてこちらへ押し寄って来る敵から生き残りましょう	파야우타로 부터 방출된 의문의 힘이 근처의 적들과 왕국군까지 집어삼켰습니다{nl}어떻게 된 영문인지는 모르겠지만, 소란에 반응해 몰려오는 적들로부터 살아남으세요				
QUEST_LV_0500_20220210_001716	なんとか攻撃が鎮まってきました{nl}パヤウタの状態を確認してみましょう	다행히 공격이 잠잠해진 듯합니다{nl}파야우타의 상태를 확인하세요				
QUEST_LV_0500_20220210_001717	パヤウタ本人も少なからず動揺しているようです{nl}パヤウタと会話しましょう	파야우타 본인도 적지 않게 당황해 보입니다{nl}파야우타와 대화하세요				
QUEST_LV_0500_20220210_001718	王国軍の拠点を探す	왕국군의 거점을 찾아가기				
QUEST_LV_0500_20220210_001719	ラミン大将軍率いる王国軍の本隊が付近に拠点を置いたそうです{nl}王国軍の拠点を探しましょう	라민 대장군이 이끄는 왕국군 본대가 근처에 거점을 지었다고 합니다{nl}왕국군 거점을 찾아가세요				
QUEST_LV_0500_20220210_001720	大将軍ラミンを訪ねる	대장군 라민을 찾기				
QUEST_LV_0500_20220210_001721	王国軍拠点でラミン大将軍を捜しましょう	왕국군 거점에서 라민 대장군을 찾으세요				
QUEST_LV_0500_20220210_001722	大将軍ラミンと会話	대장군 라민과 대화하기				
QUEST_LV_0500_20220210_001723	ラミン大将軍を見つけました{nl}大将軍と話してみましょう	라민 대장군을 찾았습니다{nl}대장군과 이야기를 나누세요				
QUEST_LV_0500_20220210_001724	はぐれた偵察兵を見つけて拠点まで護衛	낙오된 정찰병을 찾아 거점까지 호위하기				
QUEST_LV_0500_20220210_001725	パヤウタは拠点に残り、文書の判読を手伝うことにしました{nl}その間、ラミンは貴方にはぐれた偵察兵を捜せという指示を出しました。{nl}遮断された補給路を捜索してはぐれた偵察兵を見つけて拠点まで護衛しましょう	파야우타는 거점에 남아 문서들의 판독을 돕기로 했습니다{nl}그사이 라민은 당신에게 낙오된 정찰병을 찾을 것을 지시했습니다{nl}차단된 보급로를 수색하고 낙오된 정찰병을 찾아 거점까지 호위하세요				
QUEST_LV_0500_20220210_001726	はぐれた偵察兵を無事拠点まで護衛しました{nl}ラミン大将軍に報告しましょう	낙오되었던 정찰병을 무사히 거점까지 호위했습니다{nl}라민 대장군에게 보고하세요				
QUEST_LV_0500_20220210_001727	ラミン大将軍と一緒に救出された偵察兵の報告を聞いてください	라민 대장군과 함께 구출된 정찰병의 보고를 들으세요				
QUEST_LV_0500_20220210_001728	拠点前の敵を倒す	거점 앞의 적들을 처치하기				
QUEST_LV_0500_20220210_001729	敵の頭と推定される魔族を見つけるため、あなたとパヤウタ、大将軍は別動隊を率いて行動に移ります{nl}ラミン大将軍とパヤウタが別動隊を率いている間、拠点を包囲している前方の敵を片づけましょう	적의 우두머리로 추정되는 마족을 찾기 위해 당신과 파야우타, 대장군은 별동대를 꾸려 움직일 겁니다{nl}라민 대장군과 파야우타가 별동대를 꾸리는 동안 거점을 포위하고 있는 전방의 적들을 처치하세요				
QUEST_LV_0500_20220210_001730	大将軍ラミンに報告	대장군 라민에게 보고하기				
QUEST_LV_0500_20220210_001731	拠点を包囲していた敵をある程度片づけました{nl}ラミン大将軍に報告しましょう	거점을 포위하고 있던 적들을 적당히 정리했습니다{nl}라민 대장군에게 보고하세요				
QUEST_LV_0500_20220210_001732	そろそろ別動隊の準備が終わりそうです{nl}ラミン大将軍と会話しましょう	곧 별동대가 준비를 마칠 겁니다{nl}라민 대장군과 대화하세요				
QUEST_LV_0500_20220210_001733	中心地へ向かう	중심지로 향하기				
QUEST_LV_0500_20220210_001734	別動隊が出発するため、中心地へ向かいましょう{nl}別動隊は各自任された道の方へ分かれます{nl}あなたが任されている経路にいる敵を倒していき、進んで行きましょう	별동대가 출발하기 위해 중심지로 향하세요{nl}별동대는 각자 맡은 길로 흩어질 겁니다{nl}당신도 한 경로를 맡아 적들을 처치하고 나아가세요				
QUEST_LV_0500_20220210_001735	敵を倒しながら進む	적을 처치하고 나아가기				
QUEST_LV_0500_20220210_001736	次の地点への道中にある黒い現象を確認する	다음 지점으로 가는 길의 검은 형상을 확인하기				
QUEST_LV_0500_20220210_001737	中心地と浸蝕地域の間を結ぶ道に正体不明の黒があります{nl}黒い現象について調べてみましょう	중심지와 침식 지역 사이를 잇는 길에 정체를 알 수 없는 검은 형상이 있습니다{nl}검은 형상을 조사하세요				
QUEST_LV_0500_20220210_001738	浸蝕地域に注視者の黒い水晶があります{nl}注視者の黒い水晶がフェレット達を浸蝕しています{nl}このまま放っておくと王国軍にも大きな被害が出てしまいます{nl}注視者の黒い水晶を破壊する方法を探しましょう{nl}どこかに注視者の黒い水晶を過負荷させる力を見つけられるかもしれません	침식 지역에 주시자의 검은 수정이 있습니다{nl}주시자의 검은 수정이 페릿들을 침식하고 있습니다{nl}이대로 둔다면 왕국군에게도 큰 피해를 가져올 겁니다{nl}주시자의 검은 수정을 파괴할 방법을 찾아보세요{nl}어쩌면 주시자의 검은 수정을 과부하 시킬 힘을 찾아볼 수 있을 겁니다				
QUEST_LV_0500_20220210_001739	カラスの巣へ移動	까마귀 둥지로 이동하기				
QUEST_LV_0500_20220210_001740	注視者の黒い水晶の破壊に成功しました{nl}カラスの巣へ移動しましょう	주시자의 검은 수정을 성공적으로 파괴했습니다{nl}까마귀 둥지 지역으로 이동하세요				
QUEST_LV_0500_20220210_001741	グレスミートゥルーを倒す	그레스미 트루스를 처치하기				
QUEST_LV_0500_20220210_001742	カラスの巣に到着し、偵察兵が見たという敵の頭が現れました{nl}グレスミートゥルーを倒しましょう	까마귀 둥지에 도착하자, 정찰병이 보았을 법한 적의 우두머리가 나타났습니다{nl}그레스미 트루스를 처치하세요				
QUEST_LV_0500_20220210_001743	ラミンと会話しましょう	라민 대장군과 이야기하기				
QUEST_LV_0500_20220210_001744	丁度到着したラミン大将軍とパヤウタと共にグレスミートゥルーを倒しました{nl}次の地域へ移動する前にラミン大将軍と会話しましょう	때마침 도착한 라민 대장군과 파야우타와 함께 그레스미 트루스를 처치했습니다{nl}다음 지역으로 이동하기 전에 라민 대장군과 대화하세요				
QUEST_LV_0500_20220210_001745	デルムーア庭園でラミン大将軍と合流する	델무어 정원에서 라민 대장군과 합류하기				
QUEST_LV_0500_20220210_001746	デルムーア庭園に行ってラミン大将軍と合流しましょう	델무어 정원으로 가서 라민 대장군과 합류하세요				
QUEST_LV_0500_20220210_001747	変質してしまっ商人達が捨てた補給品を集めましょう	변질되어 버린 병사들이 버려둔 보급품을 모으세요				
QUEST_LV_0500_20220210_001748	ラミン大将軍は、戦闘の前に疲労が溜まっている兵士達を督励しなければならないと言います{nl}デルムーア庭園を闊歩する変質した兵士達は生前使用していた武器を捨てている様子。あなたには体制を立て直す手伝いをしてほしいとのことです{nl}再整備のためにも捨てられている補給品を確認し、ラミン大将軍の演説のために旗を設置しましょう	라민 대장군은 전투에 앞서 많은 피로감이 누적된 병사들을 독려해야한다고 합니다{nl}델무어 정원을 활보하는 변질된 병사들이 생전에 사용하던 무기들을 버려두었으니, 재정비를 도우라는 명령 하달했습니다{nl}재정비를 위해 버려진 보급품을 확인하고, 라민 대장군의 연설을 위해 깃발을 설치하세요				
QUEST_LV_0500_20220210_001749	ラミン大将軍に準備完了を報告	라민 대장군에게 준비가 끝났음을 보고하기				
QUEST_LV_0500_20220210_001750	補給品を確保し、旗も設置しました{nl}ラミン大将軍に準備が出来たことを報告しましょう	보급품을 확보 했고 깃발을 설치했습니다{nl}라민 대장군에게 준비가 끝났음을 보고하세요				
QUEST_LV_0500_20220210_001751	放置された補給品の中から武器を回収	방치된 보급품에서 무기 회수				
QUEST_LV_0500_20220210_001752	放置された補給品の中から緊急救急キットを回収	방치된 보급품에서 긴급 구급 키트 회수				
QUEST_LV_0500_20220210_001753	折れたオルシャの旗を回収	부러진 오르샤 깃발 회수				
QUEST_LV_0500_20220210_001754	ラミン大将軍と会話する	라민 대장군과 대화하기				
QUEST_LV_0500_20220210_001755	ラミン大将軍の演説がもう少しで始まります{nl}ラミン大将軍に話しかけましょう	라민 대장군의 연설이 곧 시작됩니다{nl}라민 대장군과 이야기하세요				
QUEST_LV_0500_20220210_001756	目標地点まで移動	목표 지점으로 이동하기				
QUEST_LV_0500_20220210_001757	ラミン大将軍の演説がもう少しで始まります{nl}目標地点まで移動しましょう	라민 대장군의 연설이 곧 시작됩니다{nl}목표 지점으로 이동하세요				
QUEST_LV_0500_20220210_001758	左側の戦線を攻撃	좌측 전선을 공격하기				
QUEST_LV_0500_20220210_001759	戦闘が始まりました！{nl}左側の戦線を攻撃してください	전투가 시작되었습니다!{nl}좌측 전선을 공격하세요				
QUEST_LV_0500_20220210_001760	左側の戦線を引き続き進む	좌측 전선으로 계속 나아가기				
QUEST_LV_0500_20220210_001761	中央へ移動してラミン大将軍へ加勢	중앙으로 이동해 라민 대장군을 증원하기				
QUEST_LV_0500_20220210_001762	左側の戦線は行き止まりです{nl}中央の戦線へ移動してラミン大将軍に助力しましょう	좌측 전선이 막혔습니다{nl}중앙 전선으로 이동해 라민 대장군을 지원하세요				
QUEST_LV_0500_20220210_001763	右側の戦線に合流してパヤウタに加勢	우측 전선으로 합류해 파야우타를 돕기				
QUEST_LV_0500_20220210_001764	ラミン大将軍の命令に従い、右側の戦線でパヤウタの助太刀に向かいましょう	라민 대장군의 명령에 따라 우측 전선에서 파야우타를 도우세요				
QUEST_LV_0500_20220210_001765	右側の戦線を進む	우측 전선을 따라 나아가기				
QUEST_LV_0500_20220210_001766	パヤウタと合流しました{nl}一緒に右側の戦線を突破しましょう	파야우타와 합류했습니다{nl}함께 우측 전선을 돌파하세요				
QUEST_LV_0500_20220210_001767	前庭地域を総攻撃	앞마당 지역을 총공격하기				
QUEST_LV_0500_20220210_001768	いよいよ最後の攻撃地点だけが残されています{nl}王国軍の総攻撃と共に、前庭を攻撃しましょう	마침내 마지막 공격 지점만이 남았습니다{nl}왕국군의 총공격과 함께 앞마당을 공격하세요				
QUEST_LV_0500_20220210_001769	すべての戦闘で勝利をおさめました{nl}ラミン大将軍があなたと話すために待っているようです{nl}ラミン大将軍と会話しましょう	모든 전투에서 승리했습니다{nl}라민 대장군이 당신과 대화하기를 기다리고 있습니다{nl}라민대장군과 대화하세요				
QUEST_LV_0500_20220210_001770	勝機が味方の方に向いているようです{nl}ラミン大将軍と次の計画について話し合いましょう	전쟁의 승기가 아군 쪽으로 기울어 보입니다{nl}라민 대장군과 다음 계획에 대해서 이야기하세요				
QUEST_LV_0500_20220210_001771	今回の戦いには勝てましたが、戦争はまだ終わっていません{nl}ラミン大将軍と話し合いましょう	방금의 전투는 이겼으나, 전쟁은 아직 끝나지 않았습니다{nl}라민 대장군과 대화하세요				
QUEST_LV_0500_20220210_001772	ラミン大将軍と合流する	라민 대장군과 합류하기				
QUEST_LV_0500_20220210_001773	ラミン大将軍と王国軍の準備が終わりそうです。{nl}デルムーア内部へ入るための最後の戦いに臨むため、ラミン大将軍と合流しましょう。	라민 대장군과 왕국군이 재정비를 끝마쳐갑니다.{nl}델무어 내부로 들어가기 위한 마지막 전투를 위해 라민 대장군과 합류하세요.				
QUEST_LV_0500_20220210_001774	[ゴッデス：デルムーア激戦地] 完遂する	[가디스 : 델무어 격전지] 완수하기				
QUEST_LV_0500_20220210_001775	ゴッデスレイド「デルムーア激戦地」をクリアしてください	가디스 레이드 델무어 격전지를 완수하세요				
QUEST_LV_0500_20220210_001776	ラミン大将軍と会話しましょう	라민 대장군과 대화하세요				
QUEST_LV_0500_20220427_001777	イサウゴティ森の {#003399}マティネス{/}を全て排除しましたが、まだ注視者が集めた{#003399}マティネス{/}が残っているはずです。{nl}加えて、バウバスとヴァイガも変わらず{#003399}マティネス{/}を狙っている状況です。	비록 이사우고티 숲의 {#003399}머티니스{/}는 모두 제거했지만, 주시자가 모은 {#003399}머티니스{/}가 남아 있을 겁니다.{nl}그리고 바우바스와 바이가 역시 여전히 {#003399}머티니스{/}를 노리고 있는 상황입니다.	QUEST_LV_0500_20210125_000280	イサウゴティ森のマティネスを全て排除しましたが、まだ注視者が集めたマティネスが残っているはずです。{nl}加えて、バウバスとヴァイガも変わらずマティネスを狙っている状況です。	비록 이사우고티 숲의 머티니스는 모두 제거했지만, 주시자가 모은 머티니스가 남아 있을 겁니다.{nl}그리고 바우바스와 바이가 역시 여전히 머티니스를 노리고 있는 상황입니다.	여신 라다
QUEST_LV_0500_20220427_001778	オルシャ一帯の{#003399}マティネス{/}が完全に消滅したわけではないため、{nl}魔族は必ず戻ってくるでしょう。	오르샤 일대의 {#003399}머티니스{/}가 완전히 소멸한 건 아니니,{nl}마족들은 반드시 돌아올 겁니다.	QUEST_LV_0500_20210125_000281	オルシャ一帯のマティネスが完全に消滅したわけではないため、{nl}魔族は必ず戻ってくるでしょう。	오르샤 일대의 머티니스가 완전히 소멸한 건 아니니,{nl}마족들은 반드시 돌아올 겁니다.	여신 라다
QUEST_LV_0500_20220427_001779	イサウゴティ森には、どの森よりも強烈な{#003399}マティネス{/}の気配を感じます……	이사우고티 숲에서는 숲의 어느 부분보다 강렬한 {#003399}머티니스{/}의 기운이 느껴집니다.	QUEST_LV_0500_20210125_000285	イサウゴティ森には、どの森よりも強烈なマティネスの気配を感じます……	이사우고티 숲에서는 숲의 어느 부분보다 강렬한 머티니스의 기운이 느껴집니다.	여신 라다
QUEST_LV_0500_20220427_001780	間違いなくそこに注視者の魔族達が採掘した{#003399}マティネス{/}があるはずです。{nl}多くの魔族がその位置を掌握しているでしょう。	분명히 그곳에 주시자의 마족들이 채굴한 {#003399}머티니스{/}가 있을 겁니다.{nl}분명히 많은 마족들이 그 곳을 장악하고 있겠죠.	QUEST_LV_0500_20210125_000286	間違いなくそこに注視者の魔族達が採掘したマティネスがあるはずです。{nl}多くの魔族がその場所を掌握しているでしょう。	분명히 그곳에 주시자의 마족들이 채굴한 머티니스가 있을 겁니다.{nl}분명히 많은 마족들이 그 곳을 장악하고 있겠죠.	여신 라다
QUEST_LV_0500_20220427_001781	注視者はいつも計画的に動いていました。{nl}{#003399}マティネス{/}の保管に関しても必ず何らかの対策を備えているはずです。	주시자는 항상 계획적으로 움직였습니다.{nl}분명 {#003399}머티니스{/}의 보관에도 대비책을 마련해놨겠죠.	QUEST_LV_0500_20210125_000287	注視者はいつも計画的に動いていました。{nl}マティネスの保管に関しても必ず何らかの対策を備えているはずです。	주시자는 항상 계획적으로 움직였습니다.{nl}분명 머티니스의 보관에도 대비책을 마련해놨겠죠.	여신 라다
QUEST_LV_0500_20220427_001782	注視者の魔族たちは既に多くの{#003399}マティネス{/}を確保しているはずです。{nl}あなたの力だけで一度に取り除くことは難しい……	주시자의 마족들은 이미 많은 {#003399}머티니스{/}를 저장해두었을 겁니다.{nl}당신의 힘만으로는 한 번에 제거하기는 버거운 일..	QUEST_LV_0500_20210125_000289	注視者の魔族たちは既に多くのマティネスを確保しているはずです。{nl}あなたの力だけで一度に取り除くことは難しい……	주시자의 마족들은 이미 많은 머티니스를 저장해두었을 겁니다.{nl}당신의 힘만으로는 한 번에 제거하기는 버거운 일..	여신 라다
QUEST_LV_0500_20220427_001783	私の力で{#003399}マティネス{/}を除去するという手もありますが……{#003399}マティネス{/}に宿る私の力と衝突する恐れがあります。{nl}それに、魔族たちが私の気配にすぐ気付いてしまうでしょう……	제 힘으로 {#003399}머티니스{/}를 제거하는 건 {#003399}머티니스{/}에 내재된 제 힘과의 충돌이 우려됩니다.{nl}게다가 마족들이 저의 기운을 금방 알아차릴 겁니다.	QUEST_LV_0500_20210125_000290	私の力でマティネスを除去するという手もありますが……マティネスに宿る私の力と衝突する恐れがあります。{nl}それに、魔族たちが私の気配にすぐ気付いてしまうでしょう……	제 힘으로 머티니스를 제거하는 건 머티니스에 내재된 제 힘과의 충돌이 우려됩니다.{nl}게다가 마족들이 저의 기운을 금방 알아차릴 겁니다.	여신 라다
QUEST_LV_0500_20220427_001784	{#003399}マティネス{/}をできるだけ早く、且つ多く取り除くためには……そうですね、人間の手によって作られた十分な威力を持つ爆弾が最適かと。	{#003399}머티니스{/}를 최대한 빨리, 최대한 많이 제거하기 위해서는 충분한 위력을 지닌 인간의 폭탄이 적당하겠군요.	QUEST_LV_0500_20210125_000291	マティネスをできるだけ早く、且つ多く除去するためには、人間の手によって作られた十分な威力を持つ爆弾が一番効果的でしょう。	머티니스를 최대한 빨리, 최대한 많이 제거하기 위해서는 충분한 위력을 지닌 인간의 폭탄이 적당하겠군요.	여신 라다
QUEST_LV_0500_20220427_001785	……なるほど。{nl}では、{#003399}マティネス{/}を破壊できる手段も確保できましたし、接近さえできれば何とか対処できそうですね。	그렇군요.{nl}이제 {#003399}머티니스{/}를 파괴할 수단을 찾았으니, 접근을 하는 일만 남았습니다.	QUEST_LV_0500_20210125_000303	……なるほど。{nl}では、マティネスを破壊できる手段も確保できましたし、接近さえできれば何とか対処できそうですね。	그렇군요.{nl}이제 머티니스를 파괴할 수단을 찾았으니, 접근을 하는 일만 남았습니다.	여신 라다
QUEST_LV_0500_20220427_001786	そうすれば魔神ラガナと魔王ヴァイガの勢力はお互い対立するはずです。注視者の勢力もその状態を黙って見過ごすようなことはしないでしょう。{nl}戦場が混乱している隙をついて{#003399}マティネス{/}貯蔵所に接近してください。{nl}イサウゴティ森までは一緒に移動することになりますが、私が下手に動いてしまえば、魔族の目をごまかしたことがすべて無駄になってしまいます。	그러면 라가나와 바이가의 세력이 대립할테고, 주시자의 세력도 지켜보고만 있지는 않을 겁니다.{nl}전장이 혼란한 틈을 타 {#003399}머티니스{/} 저장소로 접근하시면 됩니다.{nl}이사우고티 숲까지는 같이 이동하겠지만, 제가 섣불리 움직이면 마족들의 눈을 돌린 게 소용없어질 겁니다.	QUEST_LV_0500_20210125_000306	そうすれば魔神ラガナと魔王ヴァイガの勢力はお互い対立するはずです。注視者の勢力もその状態を黙って見過ごすようなことはしないでしょう。{nl}戦場が混乱している隙をついてマティネス貯蔵所に接近してください。{nl}イサウゴティ森までは一緒に移動することになりますが、私が下手に動いてしまえば、魔族の目をごまかしたことがすべて無駄になってしまいます。	그러면 라가나와 바이가의 세력이 대립할테고, 주시자의 세력도 지켜보고만 있지는 않을 겁니다.{nl}전장이 혼란한 틈을 타 머티니스 저장소로 접근하시면 됩니다.{nl}이사우고티 숲까지는 같이 이동하겠지만, 제가 섣불리 움직이면 마족들의 눈을 돌린 게 소용없어질 겁니다.	여신 라다
QUEST_LV_0500_20220427_001787	私は、オルシャ周辺に他の{#003399}マティネス{/}貯蔵所がないか確認してみます。	저는 오르샤 근처에 또 다른 {#003399}머티니스{/} 저장소가 있는지 찾아보겠습니다.	QUEST_LV_0500_20210125_000308	私は、オルシャ周辺に他のマティネス貯蔵所がないか確認してみます。	저는 오르샤 근처에 또 다른 머티니스 저장소가 있는지 찾아보겠습니다.	여신 라다
QUEST_LV_0500_20220427_001788	どうか優先すべきことを忘れませぬよう……{nl}魔王ヴァイガと魔神ラガナの勢力よりも早く、{#003399}マティネス{/}の位置を確かめることが何よりも重要です。	잊지마십시오.{nl}바이가와 라가나 세력의 마족들보다 {#003399}머티니스{/}의 위치를 알아내는 것이 우선입니다.	QUEST_LV_0500_20210125_000309	どうか優先すべきことを忘れませぬよう……{nl}魔王ヴァイガと魔神ラガナ勢力の魔族よりも早く、マティネスの位置を確認することが何よりも重要です。	잊지마십시오.{nl}바이가와 라가나 세력의 마족들보다 머티니스의 위치를 알아내는 것이 우선입니다.	여신 라다
QUEST_LV_0500_20220427_001789	{#003399}マティネス{/}貯蔵所が見える場所を発見されましたか？	{#003399}머티니스{/} 저장소로 보이는 곳은 발견하셨나요?	QUEST_LV_0500_20210125_000312	マティネス貯蔵所が見える場所を発見されましたか？	머티니스 저장소로 보이는 곳은 발견하셨나요?	여신 라다
QUEST_LV_0500_20220427_001790	幸いオルシャ周辺では、ここを除いて他の{#003399}マティネス{/}貯蔵所は見当たりませんでした。	다행히 이곳을 제외한 오르샤 근처에서 다른 {#003399}머티니스{/} 저장소는 보이지 않았습니다.	QUEST_LV_0500_20210125_000313	幸いオルシャ周辺では、ここを除く他のマティネス貯蔵所は見つかりませんでした。	다행히 이곳을 제외한 오르샤 근처에서 다른 머티니스 저장소는 보이지 않았습니다.	여신 라다
QUEST_LV_0500_20220427_001791	偽りの情報として「プラナス空き地に注視者の魔族たちが採掘した{#003399}マティネス{/}貯蔵所がある」と伝えて良いでしょう。	거짓 정보의 내용은 플라나스 공터에 주시자의 마족들이 채굴한 {#003399}머티니스{/} 저장소가 있다고 전하면 될 겁니다.	QUEST_LV_0500_20210125_000320	偽りの情報として「プラナス空き地に注視者の魔族たちが採掘したマティネス 貯蔵所がある」と伝えて良いでしょう。	거짓 정보의 내용은 플라나스 공터에 주시자의 마족들이 채굴한 머티니스 저장소가 있다고 전하면 될 겁니다.	여신 라다
QUEST_LV_0500_20220427_001792	魔神ラガナと魔王ヴァイガの伝令たちに偽りの情報を渡し、プラナス空き地で争いを起こせば、{nl}確実に{#003399}マティネス{/}貯蔵所にいる魔族たちの注意をそらすことができるはずです。{nl}さぁ、急ぎましょう。	라가나와 바이가의 전령들에게 거짓 정보를 주고 플라나스 공터에서 싸움을 일으키면,{nl}분명 {#003399}머티니스{/} 저장소에 있는 마족들의 시선을 돌릴 수 있을 겁니다.{nl}서둘러 주십시오.	QUEST_LV_0500_20210125_000326	魔神ラガナと魔王ヴァイガの伝令たちに偽りの情報を渡し、プラナス空き地で争いを起こせば、{nl}必ずマティネス 貯蔵所にいる魔族たちの注意をそらすことができるはずです。{nl}さぁ、急ぎましょう。	라가나와 바이가의 전령들에게 거짓 정보를 주고 플라나스 공터에서 싸움을 일으키면,{nl}분명 머티니스 저장소에 있는 마족들의 시선을 돌릴 수 있을 겁니다.{nl}서둘러 주십시오.	여신 라다
QUEST_LV_0500_20220427_001793	反応を示した魔族たちが気を逸らしている内に、{#003399}マティネス{/}貯蔵所に接近するのです。{nl}準備ができ次第、出発してください。	반응을 보인 마족들이 시선을 끄는 사이에 {#003399}머티니스{/} 저장소에 접근하시면 될 겁니다.{nl}준비가 되면 출발하세요.	QUEST_LV_0500_20210125_000331	反応を示した魔族たちが気を逸らしている内に、マティネス 貯蔵所に接近するのです。{nl}準備ができ次第、出発してください。	반응을 보인 마족들이 시선을 끄는 사이에 머티니스 저장소에 접근하시면 될 겁니다.{nl}준비가 되면 출발하세요.	여신 라다
QUEST_LV_0500_20220427_001794	魔族たちがオルシャに向かうためにはここを通り過ぎるはず。{nl}私も魔族たちが所持している{#003399}マティネス{/}を回収しなければならないですし……	마족들이 오르샤로 향하기 위해서는 이곳을 지나야 할 터,{nl}마침 저는 마족들이 지니고 있을 {#003399}머티니스{/}를 회수해야 하니..	QUEST_LV_0500_20210125_000333	魔族たちがオルシャに向かうためにはここを通り過ぎるはず。{nl}私も魔族たちが所持しているマティネスを回収しなければならないですし……	마족들이 오르샤로 향하기 위해서는 이곳을 지나야 할 터,{nl}마침 저는 마족들이 지니고 있을 머티니스를 회수해야 하니..	여신 라다
QUEST_LV_0500_20220427_001795	注視者の{#003399}マティネス{/}をキレイさっぱり吹き飛ばしてくれたじゃない！{nl}感心したわ。	주시자의 {#003399}머티니스{/}를 아주 시원하게 날려버렸잖아?{nl}기특해.	QUEST_LV_0500_20210125_000340	注視者のマティネスをキレイさっぱり吹き飛ばしてくれたじゃないの？{nl}感心したわ。	주시자의 머티니스를 아주 시원하게 날려버렸잖아?{nl}기특해.	마신 라가나
QUEST_LV_0500_20220427_001796	私を騙そうとしたなんて、本来なら許されないことだけど…...{nl}注視者が集めた{#003399}マティネス{/}を吹き飛ばしてくれたわけだし？今回は特別に見逃してあげるわ。	나를 속이려 든 건 용서할 수 없는 일이지만..{nl}주시자가 모은 {#003399}머티니스{/}를 날려버렸으니 특별히 이번은 넘어가도록 하마.	QUEST_LV_0500_20210125_000341	私を騙そうとしたなんて、本来なら許されないことだけど…...{nl}注視者が集めたマティネスを吹き飛ばしてくれたわけだし？今回は特別に見逃してあげるわ。	나를 속이려 든 건 용서할 수 없는 일이지만..{nl}주시자가 모은 머티니스를 날려버렸으니 특별히 이번은 넘어가도록 하마.	마신 라가나
QUEST_LV_0500_20220427_001797	鉱石の正体を知ることができました。{nl}{#003399}マティネス{/}……{nl}注視者はこの邪悪な鉱石をそう言っていました。	다행히 광석의 정체를 알아냈습니다.{nl}광석의 이름은 {#003399}머티니스{/}..{nl}주시자는 이 사악한 광석을 두고 그렇게 이름 불렀습니다.	QUEST_LV_0500_20210125_000387	無事鉱石の正体を知ることができました。{nl}鉱石の名前はマティネス...{nl}注視者はこの邪悪な鉱石をこのような名前で呼んでいました。	다행히 광석의 정체를 알아냈습니다.{nl}광석의 이름은 머티니스..{nl}주시자는 이 사악한 광석을 두고 그렇게 이름 불렀습니다.	여신 라다
QUEST_LV_0500_20220427_001798	啓示者よ、{nl}注視者が{#003399}マティネス{/}を利用して世界を────{nl}正確には神樹を破壊しようとしています。	계시자여,{nl}주시자가 {#003399}머티니스{/}를 통해 세계를..{nl}정확하게는 신수를 파괴하려 하고 있습니다.	QUEST_LV_0500_20210125_000388	啓示者よ、{nl}注視者がマティネスを利用して世界を――――{nl}正確には神樹を破壊しようとしています。	계시자여,{nl}주시자가 머티니스를 통해 세계를..{nl}정확하게는 신수를 파괴하려 하고 있습니다.	여신 라다
QUEST_LV_0500_20220427_001799	{#003399}マティネス{/}はベルローブにも匹敵する魔力源です。{nl}魔神ギルティネはベルローブの供給を中断したことで神樹を暴走させました。	{#003399}머티니스{/}는 벨로브에 견줄 수 있는 마력원입니다.{nl}길티네는 벨로브의 공급을 중단하여 신수를 폭주시켰습니다.	QUEST_LV_0500_20210125_000389	マティネスはベルローブにも匹敵する魔力源です。{nl}魔神ギルティネはベルローブの供給を中断して神樹を暴走させました。	머티니스는 벨로브에 견줄 수 있는 마력원입니다.{nl}길티네는 벨로브의 공급을 중단하여 신수를 폭주 시켰습니다.	여신 라다
QUEST_LV_0500_20220427_001800	その逆に、もしも...…{nl}注視者がこの{#003399}マティネス{/}を神樹に絶え間なく供給するようなことがあっては、世界が神樹の根元と共に朽ち……おぞましい結末が訪れるでしょう{nl}十分な量の{#003399}マティネス{/}を供給すれば、の話ですが。	반대로..{nl}주시자가 이 {#003399}머티니스{/}를 신수에 끊임없이 공급한다면 세계는 신수의 뿌리와 함께 통째로 썩어 끔찍한 세계로 변해버릴 겁니다.{nl}{#003399}머티니스{/}의 양이 충분하다면 말이죠.	QUEST_LV_0500_20210125_000390	その逆に、もしも...…{nl}注視者がこのマティネスを神樹に絶え間なく供給するようなことをしてしまったら、世界が神樹の根元と共に朽ち……おぞましい結末が訪れるでしょう{nl}十分な量のマティネスを供給すれば、ですが。	반대로..{nl}주시자가 이 머티니스를 신수에 끊임없이 공급한다면 세계는 신수의 뿌리와 함께 통째로 썩어 끔찍한 세계로 변해버릴 겁니다.{nl}머티니스의 양이 충분하다면 말이죠.	여신 라다
QUEST_LV_0500_20220427_001801	魔族の記憶の中で見たマルコス伐採地で、尋常でない亀裂を見ました。{nl}{#003399}マティネス{/}はその亀裂から得られたものでしょう。	마족의 기억 속 말코스 벌목지에서 심상치 않은 균열을 보았습니다.{nl}{#003399}머티니스{/}는 그 균열에서 나왔을 겁니다.	QUEST_LV_0500_20210125_000391	魔族の記憶の中で見たマルコス伐採地で、尋常でない亀裂を見ました。{nl}マティネスはその亀裂から得られたものでしょう。	마족의 기억 속 말코스 벌목지에서 심상치 않은 균열을 보았습니다.{nl}머티니스는 그 균열에서 나왔을 겁니다.	여신 라다
QUEST_LV_0500_20220427_001802	ここは先ほどあなたが通り過ぎたレンパリサ池とつながる通路です。{nl}{#003399}マティネス{/}採掘とオルシャ攻撃のために集結した魔族たちが重ね橋の森を占領しています。	여기는 방금 당신이 지나온 렘파라사 연못과 연결되는 통로입니다.{nl}{#003399}머티니스{/} 채굴과 오르샤를 공격하기 위해 집결한 마족들이 덧댄다리 숲을 장악하고 있습니다.	QUEST_LV_0500_20210125_000403	ここは先ほどあなたが通り過ぎたレンパリサ池とつながる通路です。{nl}マティネス採掘とオルシャ攻撃のために集結した魔族たちが重ね橋の森を占領しています。	여기는 방금 당신이 지나온 렘파라사 연못과 연결되는 통로입니다.{nl}머티니스 채굴과 오르샤를 공격하기 위해 집결한 마족들이 덧댄다리 숲을 장악하고 있습니다.	여신 라다
QUEST_LV_0500_20220427_001803	私はこの魔族たちが採掘している{#003399}マティネス{/}を回収する必要があります。{nl}あなたはどうしますか？	저는 이 마족들이 채굴하고 있는 {#003399}머티니스{/}를 회수할 필요가 있습니다.{nl}당신은 무슨 일을 하실 거죠?	QUEST_LV_0500_20210125_000404	私はこの魔族たちが採掘しているマティネスを回収する必要があります。{nl}あなたはどうしますか？	저는 이 마족들이 채굴하고 있는 머티니스를 회수할 필요가 있습니다.{nl}당신은 무슨 일을 하실 거죠?	여신 라다
QUEST_LV_0500_20220427_001804	自身の任務を立派にこなしているようですね。{nl}私も{#003399}マティネス{/}を一部回収することができました。	당신의 임무를 훌륭히 수행하고 있군요.{nl}저 역시 {#003399}머티니스{/}를 일부 회수할 수 있었습니다.	QUEST_LV_0500_20210125_000407	自身の任務を立派にこなしているようですね。{nl}私もマティネスを一部回収することができました。	당신의 임무를 훌륭히 수행하고 있군요.{nl}저 역시 머티니스를 일부 회수할 수 있었습니다.	여신 라다
QUEST_LV_0500_20220427_001805	私は{#003399}マティネス{/}の回収を続けるため、重ね橋の森のさらに深い場所に行くつもりです。	저는 {#003399}머티니스{/} 회수를 계속하기 위해 덧댄다리 숲의 더 깊은 곳으로 갈 생각입니다.	QUEST_LV_0500_20210125_000408	私はマティネスの回収を続けるため、重ね橋の森のさらに深い場所に行くつもりです。	저는 머티니스 회수를 계속하기 위해 덧댄다리 숲의 더 깊은 곳으로 갈 생각입니다.	여신 라다
QUEST_LV_0500_20220427_001806	丁度ここから近いジベニー大路で魔族たちが{#003399}マティネス{/}を採掘していた亀裂があります。{nl}そこの亀裂はあなたが確認したレンパリサ池の亀裂とは違い固まっていないため、調査する価値があります。	마침 여기서 가까운 지베니 대로에서 마족들이 {#003399}머티니스{/}를 채굴하던 균열이 있습니다.{nl}그곳의 균열은 당신이 봤던 렘파라사 연못의 균열과 달리 굳어있지 않으니 조사할 가치도 있습니다.	QUEST_LV_0500_20210125_000409	丁度ここから近いジベニー大路で魔族たちがマティネスを採掘していた亀裂があります。{nl}そこの亀裂はあなたが確認したレンパリサ池の亀裂とは違い固まっていないため、調査する価値があります。	마침 여기서 가까운 지베니 대로에서 마족들이 머티니스를 채굴하던 균열이 있습니다.{nl}그곳의 균열은 당신이 봤던 렘파라사 연못의 균열과 달리 굳어있지 않으니 조사할 가치도 있습니다.	여신 라다
QUEST_LV_0500_20220427_001807	ここから重ね橋の森に入れる唯一の道であり、魔族たちが占領しています。	여기서 덧댄다리 숲으로 들어가는 유일한 길이고, 마족들이 점거하고 있습니다.	QUEST_LV_0500_20210125_000410	ここから重ね橋の森に入れる唯一の道であり、魔族たちが占領しています。	여기서 덧댄다리 숲으로 들어가는 유일한 길이고, 마족들이 점거하고있습니다.	여신 라다
QUEST_LV_0500_20220427_001808	あくまで推測に過ぎませんが……魔族たちが{#003399}マティネス{/}を採掘するためには、必ずこの魔力が必要なのかもしれません。{nl}つまり、この魔力の根源を探し出し破壊することができれば、{#003399}マティネス{/}採掘を止めることができるというわけです。	추측이지만, 마족들이 {#003399}머티니스{/}를 채굴하기 위해서는 반드시 이 마력이 필요할 겁니다.{nl}다시 말해, 마력의 근원지를 찾아 파괴할 수만 있다면 {#003399}머티니스{/} 채굴을 막을 수 있습니다.	QUEST_LV_0500_20210125_000412	あくまで推測に過ぎませんが……魔族たちがマティネスを採掘するためには、必ずこの魔力が必要なのかもしれません。{nl}つまり、この魔力の根源を探し出し破壊することができれば、マティネス採掘を止めることができます。	추측이지만, 마족들이 머티니스를 채굴하기 위해서는 반드시 이 마력이 필요할 겁니다.{nl}다시 말해, 마력의 근원지를 찾아 파괴할 수만 있다면 머티니스 채굴을 막을 수 있습니다.	여신 라다
QUEST_LV_0500_20220427_001809	そうすれば{#003399}マティネス{/}が注視者の手に渡ることを防ぐことができるでしょう。{nl}また、オルシャを侵攻するために集結した魔族たちにも十分な被害を与えることができます。	그렇게 된다면 주시자의 손에 {#003399}머티니스{/}가 들어가는 일을 막을 수 있겠군요.{nl}그리고 오르샤를 침공하기 위해 집결한 마족들에게도 적지 않은 피해를 줄 수 있습니다.	QUEST_LV_0500_20210125_000413	そうすればマティネスが注視者の手に渡ることを防ぐことができるでしょう。{nl}また、オルシャを侵攻するために集結した魔族たちにも十分な被害を与えることができます。	그렇게 된다면 주시자의 손에 머티니스가 들어가는 일을 막을 수 있겠군요.{nl}그리고 오르샤를 침공하기 위해 집결한 마족들에게도 적지 않은 피해를 줄 수 있습니다.	여신 라다
QUEST_LV_0500_20220427_001810	しかし、{nl}魔族たちが今まで採掘してきた{#003399}マティネス{/}があるはずなのですが、{nl}ここでは{#003399}マティネス{/}を発見できませんでした。	그러나{nl}그동안 마족들이 채굴한 {#003399}머티니스{/}가 있을 텐데,{nl}여기서는 {#003399}머티니스{/}를 찾을 수 없었습니다.	QUEST_LV_0500_20210125_000424	しかし、{nl}魔族たちが今まで採掘してきたマティネスがあるはずなのですが、{nl}ここではマティネスを発見できませんでした。	그러나{nl}그동안 마족들이 채굴한 머티니스가 있을 텐데,{nl}여기서는 머티니스를 찾을 수 없었습니다.	여신 라다
QUEST_LV_0500_20220427_001811	その{#003399}マティネス{/}が注視者の手に渡ってはいけません。{nl}なんとしてもその貯蔵所を探し出し、{#003399}マティネス{/}を回収しなければ……	그 {#003399}머티니스{/}들이 주시자의 손에 들어가서는 안 됩니다.{nl}저는 그 저장소를 찾아 {#003399}머티니스{/}를 회수해야 합니다.	QUEST_LV_0500_20210125_000425	そのマティネスが注視者の手に渡ってはいけません。{nl}なんとしてもその貯蔵所を探し出し、マティネスを回収しなければ……	그 머티니스들이 주시자의 손에 들어가서는 안 됩니다.{nl}저는 그 저장소를 찾아 머티니스를 회수해야 합니다.	여신 라다
QUEST_LV_0500_20220427_001812	……お気づきになったでしょう？{nl}オルシャに侵攻したのは注視者だけではないという話です。{nl}先ほど見た二つの勢力の魔族たちも含め注視者まで……。三つの勢力がオルシャに侵攻してきたのです。	눈치채셨겠죠?{nl}오르샤를 침공한 건 주시자뿐만이 아니라는 이야기입니다.{nl}방금 본 두 개 세력의 마족들만 하더라도 주시자를 포함하여 세 개의 세력이 오르샤를 침공했군요.	QUEST_LV_0500_20210125_000429	……お気づきになったでしょう？{nl}オルシャに侵攻したのは注視者だけではないのです。{nl}先ほど見た二つの勢力の魔族たちも含め注視者まで――――三つの勢力がオルシャに侵攻してきました。	눈치 채셨겠죠?{nl}오르샤를 침공한 건 주시자 뿐만이 아니라는 이야기입니다.{nl}방금 본 두개 세력의 마족들만 하더라도 주시자를 포함하여 세 개의 세력이 오르샤를 침공했군요.	여신 라다
QUEST_LV_0500_20220427_001813	しかし皆{#003399}マティネス{/}が目的であることは確かです。{nl}彼等はそれぞれ魔王カルタスの魔族と魔神ラガナの配下にある魔族たちです。	하지만 모두 {#003399}머티니스{/}가 목표인 건 확실합니다.{nl}저들은 각각 마왕 카르타스의 마족과 마신 라가나의 휘하 마족들입니다.	QUEST_LV_0500_20210125_000430	しかし皆マティネスが目的であることは確かです。{nl}彼等はそれぞれ魔王カルタスの魔族と魔神ラガナの配下にある魔族たちです。	하지만 모두 머티니스가 목표인 건 확실합니다.{nl}저들은 각각 마왕 카르타스의 마족과 마신 라가나의 휘하 마족들입니다.	여신 라다
QUEST_LV_0500_20220427_001814	では、私も{#003399}マティネス{/}を狙う存在が誰か探してみます。	그럼 저 역시 {#003399}머티니스{/}를 노리는 존재들이 누구인지 찾아보겠습니다.	QUEST_LV_0500_20210125_000435	では、私もマティネスを狙う存在が誰か探してみます。	그럼 저 역시 머티니스를 노리는 존재들이 누구인지 찾아보겠습니다.	여신 라다
QUEST_LV_0500_20220427_001815	魔王ヴァイガの魔族たちは確かに{#003399}マティネス{/}を狙っていました。{nl}一方で魔神ラガナの魔族たちは、妙なことに{#003399}マティネス{/}の採掘を邪魔しようとするだけで{#003399}マティネス{/}自体を狙った様子はありませんでした。	바이가의 마족들은 확실히 {#003399}머티니스{/}를 노리고 있었습니다.{nl}라가나의 마족들은 이상하게도 {#003399}머티니스{/} 채굴을 방해하려고만 했지, {#003399}머티니스{/} 자체를 노리는 정황은 없더군요.	QUEST_LV_0500_20210125_000442	魔王ヴァイガの魔族たちは確かにマティネスを狙っていました。{nl}一方で魔神ラガナの魔族たちは、妙なことにマティネスの採掘を邪魔しようとするだけでマティネス事態を狙った様子はありませんでした。	바이가의 마족들은 확실히 머티니스를 노리고 있었습니다.{nl}라가나의 마족들은 이상하게도 머티니스 채굴을 방해하려고만 했지, 머티니스 자체를 노리는 정황은 없더군요.	여신 라다
QUEST_LV_0500_20220427_001816	ともかく、彼らの目的がどうあれ、{#003399}マティネス{/}を魔族に渡すことは女神にとっても、人間にとっても、決して良いことではありません。{nl}急いで{#003399}マティネス{/}貯蔵所を探したほうが良いでしょう。	아무튼 그들의 목적을 떠나 {#003399}머티니스{/}의 주인이 마족이 되는 건 여신에게든 인간에게든 좋을 수 없을 겁니다.{nl}서둘러 {#003399}머티니스{/} 저장소를 찾는 게 좋겠습니다.	QUEST_LV_0500_20210125_000443	ともかく、彼らの目的がどうあれ、マティネスを魔族に渡すことは女神にとっても、人間にとっても、決して良いことではありません。{nl}急いでマティネス 貯蔵所を探したほうが良いでしょう。	아무튼 그들의 목적을 떠나 머티니스의 주인이 마족이 되는 건 여신에게든 인간에게든 좋을 수 없을 겁니다.{nl}서둘러 머티니스 저장소를 찾는게 좋겠습니다.	여신 라다
QUEST_LV_0500_20220427_001817	魔神ラガナと魔王ヴァイガがお互い対立していることは確かなようです。{nl}彼らの提案は、一見最終的には我々に利点となりそうに見えますが、{nl}魔族の建前は信じられません。{nl}どのような誘惑も決してそのまま受け止めることは避けるべきです。	라가나와 바이가가 서로 대립하고 있는 건 확실하군요.{nl}그들의 제안은 궁극적으로 우리에게 이점인 것처럼 보이겠지만,{nl}마족의 속내는 믿을 수 없습니다.{nl}그러니 어떤 유혹에도 결코 선뜻 받아들여서는 안 됩니다.	QUEST_LV_0500_20210125_000453	魔神ラガナと魔王ヴァイガがお互い対立していることは確かであるようです。{nl}彼らの提案は、一見最終的には我々に利点となりそうに見えますが、{nl}魔族の建前は信じられません。{nl}どのような誘惑も決してそのまま受け止めることは避けるべきです。	라가나와 바이가가 서로 대립하고 있는 건 확실하군요.{nl}그들의 제안은 궁극적으로 우리에게 이점인 것 처럼 보이겠지만,{nl}마족의 속내는 믿을 수 없습니다.{nl}그러니 어떤 유혹에도 결코 선뜻 받아들여서는 안 됩니다.	여신 라다
QUEST_LV_0500_20220427_001818	注視者の魔族たちが採掘した{#003399}マティネス{/}を彼等より早く探し出し確保すれば、{nl}主導権を握ることができるはずです。{nl}急いで{#003399}マティネス{/}の貯蔵所を探し出しましょう。	주시자의 마족들이 채굴한 {#003399}머티니스{/}를 그들보다 먼저 찾아내 확보한다면,{nl}분명히 주도권을 쥘 수 있습니다.{nl}그러니 서둘러 {#003399}머티니스{/}의 저장소를 찾죠.	QUEST_LV_0500_20210125_000457	注視者の魔族たちが採掘したマティネスを彼等より早く探し出し確保すれば、{nl}主導権を握ることができるはずです。{nl}急いでマティネスの貯蔵所を探し出しましょう。	주시자의 마족들이 채굴한 머티니스를 그들보다 먼저 찾아내 확보한다면,{nl}분명히 주도권을 쥘 수 있습니다.{nl}그러니 서둘러 머티니스의 저장소를 찾죠.	여신 라다
QUEST_LV_0500_20220427_001819	ゴッドベース街道にも{#003399}マティネス{/}亀裂があります。{nl}ゴッドベース街道に先に向かってください。	갓베스 가도에도 {#003399}머티니스{/} 균열이 있습니다.{nl}갓베스 가도로 먼저 가세요	QUEST_LV_0500_20210125_000466	ゴッドベース街道にもマティネスの亀裂があります。{nl}ゴッドベース街道に先に向かってください。	갓베스 가도에도 머티니스 균열이 있습니다.{nl}갓베스 가도로 먼저 가세요	여신 라다
QUEST_LV_0500_20220427_001820	ここに来ると思っていました。{nl}この中に通じる深い森から{#003399}マティネス{/}の力が染みだしています。	이쪽으로 오실 줄 알았습니다.{nl}이 앞으로 들어가는 깊은 숲에서 너무 많은 {#003399}머티니스{/}의 힘이 흘러나오고 있습니다.	QUEST_LV_0500_20210125_000469	ここに来ると思っていました。{nl}この中に通じる深い森からマティネスの力が染みだしています。	이쪽으로 오실 줄 알았습니다.{nl}이 앞으로 들어가는 깊은 숲에서 너무 많은 머티니스의 힘이 흘러나오고 있습니다.	여신 라다
QUEST_LV_0500_20220427_001821	{#003399}マティネス{/}貯蔵所がこの内側に絶対あるはずです。{nl}緊迫な状況であることは確かですが、{nl}思っていたよりも事態が大きくなりつつありますので一度整えるためにもライマの聖域に一時帰還するほうが良いでしょう。	분명 {#003399}머티니스{/} 저장소는 이 안쪽에 있을 겁니다.{nl}상황이 위급한 건 사실이지만,{nl}생각보다 일이 커지고 있으니 재정비를 위해 잠시 라이마의 성소로 돌아가는 게 좋겠습니다.	QUEST_LV_0500_20210125_000470	マティネス 貯蔵所がこの内側に絶対あるはずです。{nl}緊迫な状況であることは確かですが、{nl}思っていたよりも事態が大きくなりつつありますので一度整えるためにもライマの聖域に一時帰還するほうが良いでしょう。	분명 머티니스 저장소는 이 안쪽에 있을 겁니다.{nl}상황이 위급한 건 사실이지만,{nl}생각보다 일이 커지고 있으니 재정비를 위해 잠시 라이마의 성소로 돌아가는 게 좋겠습니다.	여신 라다
QUEST_LV_0500_20220427_001822	注視者様の大事な{#003399}マティネス{/}を欲しがる泥棒野郎は貴様か？	주시자님의 소중한 {#003399}머티니스{/}를 탐내는 도둑이 네 녀석인가?	QUEST_LV_0500_20210125_000483	注視者様の大事なマティネスを欲しがる泥棒野郎は貴様か？	주시자님의 소중한 머티니스를 탐내는 도둑이 네 녀석인가?	소거마스 집행자
QUEST_LV_0500_20220427_001823	[週間]征服 - フリーダンジョンレイド	[주간] 정복 - 프리던전 레이드				
QUEST_LV_0500_20220427_001824	フリーダンジョンレイドクリア	프리던전 레이드 클리어				
QUEST_LV_0500_20220614_001825	……ですがその前に、あなたを待っている方がおられます。{nl}街のアウシュリネ女神像から、ライマの聖域と呼ばれる場所に行けば、その方とお会いできるでしょう。{nl}あなただけは、その場所にたどり着くことができるとおっしゃってました。	그러나 그 전에, 당신을 찾는 분이 계십니다.{nl}마을의 여신 아우슈리네의 상을 통해 라이마의 성소라 불리는 곳으로 간다면 그분께서 기다리고 계실 겁니다.{nl}당신만은 그곳에 올 수 있으리라 하시더군요.	QUEST_LV_0500_20210125_000366	……ですがその前に、あなたを待っている方がおられます。{nl}街のアウシュリネ女神像から、ライマの聖域と呼ばれる場所に行けば、その方とお会いできるでしょう。{nl}あなただけは、その場所にたどり着くことができるとおっしゃってました。	그러나 그 전에, 당신을 찾는 분이 계십니다.{nl}마을의 여신 아우슈리네의 상을 통해 라이마의 성소라 불리는 곳으로 간다면 그 분께서 기다리고 계실 겁니다.{nl}당신만은 그 곳에 올수 있으리라 하시더군요.	이네사 해먼데일
QUEST_LV_0500_20220614_001826	周辺の魔族たちから注視者と関係ありそうな証拠を探し出してください。	주변의 마족들로부터 주시자와 연관이 있을 만한 증거를 찾아주세요.	QUEST_LV_0500_20210125_000376	周辺の魔族たちから注視者と関係ありそうな証拠を探し出してください。	주변의 마족들로부터 주시자와 연관이 있을만한 증거를 찾아주세요.	여신 라다
QUEST_LV_0500_20220614_001827	これが本当に魔族の額に角のように生えていたのですか？	이게 정말 마족의 이마에 뿔처럼 나 있었다는 말인가요?	QUEST_LV_0500_20210125_000394	これが本当に魔族の額に角のように生えていたのですか？	이게 정말 마족의 이마에 뿔처럼 나있었다는 말인가요?	여신 라다
QUEST_LV_0500_20220614_001828	わたしも丁度その魔力を感じ、ここで足を止めました。{nl}間違いなく注視者の魔力です。	저도 마침 그 마력을 느끼고 여기서 멈춰 섰습니다.{nl}틀림없이 주시자의 마력이군요.	QUEST_LV_0500_20210125_000411	わたしも丁度その魔力を感じ、ここで足を止めました。{nl}間違いなく注視者の魔力です。	저도 마침 그 마력을 느끼고 여기서 멈춰섰습니다.{nl}틀림없이 주시자의 마력이군요.	여신 라다
QUEST_LV_0500_20220614_001829	神樹の根元は、お前のような若造には知る必要のないことだ。	신수의 뿌리는 너 같은 애송이가 신경 쓸 물건이 아니다.	QUEST_LV_0500_20210125_000448	神樹の根元……お前のような若造には知る必要のないことだ。	신수의 뿌리는 너같은 애송이가 신경쓸 물건이 아니다.	마왕 바이가
QUEST_LV_0500_20220614_001830	お前が知っている世界は、実在している世界のほんの一部に過ぎない。{nl}必滅で短命な人間の癖して、好奇心を持ち合わせているようだな。……過ぎた好奇心は身を滅ぼすぞ。	네 녀석이 알고 있는 세계는 실제 존재하는 세계의 티끌만큼도 안 된다.{nl}고작 순간의 삶을 살다 죽을 필멸의 인간 따위가 건방진 호기심을 가지고 있군.	QUEST_LV_0500_20210125_000449	お前が知っている世界は、実在している世界のほんの一部に過ぎん。{nl}たかだか一瞬の合間に生きては死ぬ必滅の人間如きが。……過度な好奇心は身を滅ぼすぞ。	네 녀석이 알고 있는 세계는 실제 존재하는 세계의 티끌 만큼도 안 된다.{nl}고작 순간의 삶을 살다 죽을 필멸의 인간따위가 건방진 호기심을 가지고 있군.	마왕 바이가
QUEST_LV_0500_20220614_001831	ラガナは……{nl}森の中で彼女を追いましたが、見失ってしまいました...	라가나는,{nl}숲속에서 그녀를 쫓는 건 거의 불가능한 일이라 놓치고 말았습니다.	QUEST_LV_0500_20210125_000452	ラガナは……{nl}……森の中で彼女を追いましたが、見失ってしまいました...	라가나는,{nl}숲 속에서 그녀를 쫓는 건 거의 불가능한 일이라 놓치고 말았습니다.	여신 라다
QUEST_LV_0500_20220614_001832	そうしましょう。{nl}回復にそれほど長くはかからないはずです。	그러시죠.{nl}회복하는 데 오래 걸리지는 않을 겁니다.	QUEST_LV_0500_20210125_000459	そうしましょう。{nl}回復にそれほど長くはかからないでしょう。	그러시죠.{nl}회복하는데 오래 걸리지는 않을 겁니다.	여신 라다
QUEST_LV_0500_20220614_001833	どの道、我々はそれぞれがやるべきことをやっているだけですので、{nl}啓示者様が先に向かってもなんの問題もないでしょう。	어차피 우리는 각자가 해야 할 일을 하고 있을 뿐이니,{nl}계시자님께서 먼저 가셔도 괜찮습니다.	QUEST_LV_0500_20210125_000464	どの道、我々はそれぞれがやるべきことをやっているだけですので、{nl}啓示者様が先に向かってもなんの問題もないでしょう。	어차피 우리는 각자가 해야할 일을 하고 있을 뿐이니,{nl}계시자님 께서 먼저 가셔도 괜찮습니다.	여신 라다
QUEST_LV_0500_20220614_001834	車輪の跡がイサウゴティ森の方向に向かっている	수레바퀴 자국의 방향이 이사우고티 숲을 향하고 있다	QUEST_LV_0500_20210125_000468	車輪の跡がイサウゴティ森の方向に向かっている。	수레 바퀴 자국의 방향이 이사우고티 숲을 향하고있다	PC
QUEST_LV_0500_20220614_001835	近頃は{#003399}デルムーア{/}地域で分裂特異点が発生していると聞きました。{nl}私も準備が整い次第、ここの後片付けを済ませてから{#003399}デルムーア{/}へ移動するつもりです。	지금은 {#003399}델무어{/} 지역에 분열 특이점이 발견되고 있다고 들었어요.{nl}저도 준비가 끝나는대로 여기를 정리하고 {#003399}델무어{/}로 이동할 생각입니다.	QUEST_LV_0500_20220210_001227	分裂特異点に巻き込まれて命を失わないよう気をつけてください。{nl}とても危険な場所なので、慎重に行動してくださいね。	분열 특이점에 휘말려 아까운 목숨을 잃지 않도록 주의하세요.{nl}분열 특이점에서는 행동을 주의하세요. 무척 위험한 장소입니다.	세이지 파견원
QUEST_LV_0500_20220614_001836	誰かの依頼やクエストを完了させたら、依頼人の所へすぐ移動できる。{nl}ミニマップの下にあるクエストリストから、クエスト左に表示されているアイコンをクリックすればワープできるから。	누군가의 의뢰나 퀘스트를 완료했다면 의뢰인에게 바로 이동할 수 있어.{nl}미니맵 아래에 있는 퀘스트 목록에서 퀘스트 왼쪽에 띄워져있는 아이콘을 클릭하면 될거야.	QUEST_LV_0500_20220210_001275	誰かの依頼やクエストを完了させたら、依頼人の元へすぐ移動できる。{nl}多分そろそろオーウィニア・ディルベンが君を捜すと思う。{nl}	누군가의 의뢰나 퀘스트를 완료했다면 의뢰인에게 바로 이동할 수 있어.{nl}아마 지금쯤 오위니아 딜벤이 널 찾을 거야.{nl}	소녀의 환영
QUEST_LV_0500_20220614_001837	多分そろそろオーウィニア・ディルベンが君を捜すと思う。{nl}	지금쯤 오위니아 딜벤이 널 찾을 거야.{nl}	ETC_20150317_003683	戻る	되돌아가기	소녀의 환영
QUEST_LV_0500_20220614_001838	これで君はオルシャに辿り着いた。私がまた君の前に現れるその日まで、君はオルシャの領主イネッサ・へモンデールを助けてあげて。	이제 오르샤에 도착했으니 내가 다시 찾을 때까지 오르샤 영주 이네사 헤먼데일 도와줘야 해.	QUEST_LV_0500_20220210_001329	これで君はオルシャに辿り着いた。私がまた君の元へ現れるその日まで、君はオルシャの領主を助けてあげて。	이제 오르샤에 도착했으니 내가 다시 찾을 때까지 오르샤 영주를 도와줘야 해.	소녀의 환영
QUEST_LV_0500_20220614_001839	イネッサ・へモンデール	이네사 헤먼데일				
QUEST_LV_0500_20220614_001840	お話はカオニーラ姫様より伺っております。{nl}啓示者様達に力を貸してほしい、と。	카오닐라 공주님께 연락을 받았습니다.{nl}계시자님들의 편의를 봐달라는 이야기를 전달받았습니다.				이네사 헤먼데일
QUEST_LV_0500_20220614_001841	しかし啓示者と偽称する者も多く、真偽を確認する必要があるのです。{nl}申し訳ありませんが、暫しお待ちいただけないでしょうか？	그러나 계시자를 사칭하는 이가 많아서 잠시 확인이 필요합니다.{nl}조금만 기다려주시겠나요?				이네사 헤먼데일
QUEST_LV_0500_20220614_001842	ご不便をおかけしてすみません。{nl}しかし、これも必要なことですので……どうかご容赦いただけますと幸いです。	불편을 끼쳐드려서 죄송합니다.{nl}그러나 필요한 절차인지라 너그럽게 봐주시면 감사하겠습니다.				이네사 헤먼데일
QUEST_LV_0500_20220614_001843	お待たせいたしました。あなたが真に啓示者であることが証明されましたので{nl}啓示者様の旅のお役に立てる品をお渡しします。	계시자님이 진짜 계시자라는 것이 증명되었으니{nl}계시자님의 모험에 도움이 되는 물품을 전달해드려고 합니다.				이네사 헤먼데일
QUEST_LV_0500_20220614_001844	しかし、これらは{#FF0000}一度しかお渡しできない品{/}ですので、どうか利用される際は慎重に。	그러나 {#FF0000}한번 밖에 드릴 수 없는 물품{/}이니 신중하게 쓰시기 바랍니다.				이네사 헤먼데일
QUEST_LV_0500_20220614_001845	この品は{#003399}経験値カード(460レベル){/}と{#003399}エピソード12クリア券{/}です。{nl}使えば、きっと啓示者様の成長に役立つでしょう。	물품은 {#003399}460레벨 점핑권{/}과 {#003399}에피소드 12 클리어권{/}입니다.{nl}사용하시면 계시자님의 성장에 도움이 되실 겁니다.				이네사 헤먼데일
QUEST_LV_0500_20220614_001846	F4キーを押して{#003399}業績{/}をご確認ください。{#003399}主要業績 - クエスト - 「冒険の始まり！高速成長」{/}という業績を完了させてください。{nl}先ほどお話した品を受け取れるはずです。{nl}どうぞ冒険に役立ててください。	F4를 눌러{#003399} 업적{/}에 들어가셔서 {#003399}주요업적 - 퀘스트 - [모험의 시작! 빠른 성장]{/}이라는 업적을 완료해주십시오.{nl}말씀드린 물품을 받으실 수 있을 겁니다.{nl}모험에 큰 도움이 되셨으면 합니다.				이네사 헤먼데일
QUEST_LV_0500_20220614_001847	オルシャ入港手続き担当者	오르샤 입항 수속 담당자				
QUEST_LV_0500_20220614_001848	お待ちください！{nl}身分と所属の明示をお願いします。	정지!{nl}신분과 소속을 밝히십시오.				오르샤 입항 수속 담당자
QUEST_LV_0500_20220614_001849	あなたが持って行くべきものが……{nl}もし良ければ…...{nl}目を閉じてください...…	당신이 가져가야 할 게..{nl}괜찮으시다면..{nl}눈을 감아주세요..	QUEST_LV_0500_20210125_000477	あなたが持って行くべきものが…{nl}良ければ...{nl}目をつむってください...	당신이 가져가야할 게..{nl}괜찮으시다면..{nl}눈을 감아주세요..	라이마
QUEST_LV_0500_20220614_001850	入港手続き担当者	입항 수속 담당자				
QUEST_LV_0500_20220614_001851	捜索作業ですか？	수색 작업이요?				입항 수속 담당자
QUEST_LV_0500_20220614_001852	ええ、そうなんです。{nl}モロス公邸から入港した避難民と名簿を照合してみたら、一部の避難民の姿が見えなくて……ここ一帯を捜索中なんです。	맞습니다.{nl}모로스 공관에서 입항한 배의 피난민 명단에서 일부 인원이 보이지 않아 일대를 수색 중입니다.				입항 수속 담당자
QUEST_LV_0500_20220614_001853	ですが、船を隅から隅まで調べても、失踪した人達の痕跡が全く見当たらず……{nl}そもそも船に乗れなかったのではないかとも考えられます。	하지만, 배를 샅샅이 수색했지만 실종된 인원들의 흔적이 전혀 보이질 않습니다.{nl}애초에 배에 타지 못한 게 아닐까 싶네요.				입항 수속 담당자
QUEST_LV_0500_20220614_001854	啓示者様が協力してくださるのでしたら、百人力です！	계시자님께서 도와주신다면 큰 도움이 될 겁니다.				입항 수속 담당자
QUEST_LV_0500_20220614_001855	丁度、啓示者様のように各地を巡ることができ、且つ実力もある方にお願いしようと思っていた事があるんです。	마침, 계시자님처럼 여행이 가능하시고 강한 분께 부탁드리고 싶은 일이 있었습니다.				입항 수속 담당자
QUEST_LV_0500_20220614_001856	モロス公邸より入港した船から、魔族の所持品を一部見つけました。	모로스 공관에서 입항한 배에서 마족의 소지품을 일부 발견했습니다.				입항 수속 담당자
QUEST_LV_0500_20220614_001857	調べてみたところ{#003399}	조사해보니 {#003399}				입항 수속 담당자
QUEST_LV_0500_20220614_001858	{/}という名前が記されていまして……{nl}ありきたりな名前ではありますが、やはり魔族の所持品から見つかったというのもあって……どうにも怪しいです。	{/}라는 이름이 언급되더군요.{nl}흔한 인간의 이름인데 아무래도 마족의 소지품에서 발견되어서 의심스럽습니다.				입항 수속 담당자
QUEST_LV_0500_20220614_001859	魔族と内通している人間がいるのではないか、{nl}何より失踪事件と関係しているか否かも分からないので、調査していただけると助かります。	마족과 내통하고 있는 인간이 있는 건 아닌지,{nl}무엇보다 실종 사건과 연관이 있을지 모르니 조사를 부탁드립니다.				입항 수속 담당자
QUEST_LV_0500_20220614_001860	啓示者様がいらっしゃる前まで、こちらでできる調査は既に終わらせておきました。	계시자님이 오시기 전까지 가능한 조사는 이미 해두었습니다.				입항 수속 담당자
QUEST_LV_0500_20220614_001861	パサカ峡谷と大王の関門、イギティ沿岸にニヨーレという名の人物がいるらしく、調べてきてほしいのです。	파사카 협곡과 대왕의 관문, 이기티 연안에 니욜레라는 이름을 가진 사람이 있다고 하니 조사를 부탁드립니다.				입항 수속 담당자
QUEST_LV_0500_20220614_001862	……え？{nl}私について、ですか？{nl}	네?{nl}저에 대한 소개요?{nl}				니욜레
QUEST_LV_0500_20220614_001863	えっと…名前はニヨーレ、ネストス派の者です。{nl}最後まで女神を信じようとする信念を────{nl}	제.. 이름은 니욜레고, 네스토스파의 사람이에요.{nl}여신을 끝까지 믿고자 하는 신념을..{nl}				니욜레
QUEST_LV_0500_20220614_001864	いやそれより。{nl}あなたは誰なんですか？	아니.{nl}그보다 당신은 누구신 거죠?				니욜레
QUEST_LV_0500_20220614_001865	オルシャでそんなことが……{nl}事情は分かりましたが、生憎その件と私は全く無関係だとしか言えませんね。{nl}私はここに来てだいぶ経ちますから。{nl}	오르샤에서 그런 일이 있었군요.{nl}사정은 이해하겠습니다만, 저는 그 일과는 상관이 없다고 말씀드리고 싶네요.{nl}저는 이곳에 머문 지 오래됐거든요.{nl}				니욜레
QUEST_LV_0500_20220614_001866	信じられないのでしたら、他の方にも聞いてみてください。	믿지 못하시겠다면, 다른 분께 확인해보셔도 괜찮습니다.				니욜레
QUEST_LV_0500_20220614_001867	えっと……？私の名前を訊いたのでしょうか？{nl}私はニヨーレ。{nl}ここで研究員の方たちと一緒に行動しています。	제 이름을 묻는 건가요?{nl}저는 니욜레라고 합니다.{nl}이곳에서 연구원들과 함께하고 있어요.				니욜레
QUEST_LV_0500_20220614_001868	常にここに留まっているわけではありませんが、ここら一帯で人生の大半は過ごしましたね。{nl}ご存じだとは思いますが、神樹の日から研究員の好奇心をくすぐるものがもっと増えたものですから……{nl}	항상 이곳에 머물고 있지는 않지만, 이 일대에서 대부분의 일생을 보냈죠.{nl}아시겠지만 신수의 날 이후로는 연구원의 호기심을 자극할만한 것들이 더 많아졌죠.{nl}				니욜레
QUEST_LV_0500_20220614_001869	行方不明になった方達の件については、気の毒だと思っています。{nl}全員無事だと良いですね……	실종자들의 일은 유감입니다.{nl}모두 무사하길 바랄게요.				니욜레
QUEST_LV_0500_20220614_001870	私はニヨーレと申します。{nl}女神ユラテを祀る伝承者です。	제 이름은 니욜레입니다.{nl}유라테 여신을 모시는 전승자이죠.				니욜레
QUEST_LV_0500_20220614_001871	オルシャに入港した船で行方不明者が出ており……{nl}そして忍び込んでいた魔族の所持品に私と同じ名前が記されていた、と。	오르샤에 입항한 배에서 실종자가 발생했다는 말씀이신가요?{nl}숨어든 마족의 소지품에서 저와 같은 이름이 언급되었다는 말씀이시군요.				니욜레
QUEST_LV_0500_20220614_001872	モロスから出発した船は二隻。{nl}その内、こっち側の船に乗るべきだった避難民達が、何かの手違いで他の船に乗船し……魔族に襲われた。そういうことですね？	모로스에서 출발한 배가 두 개였고,{nl}이쪽 배에 탔어야 할 피난민들이 착오로 다른 배에 승선했다가 마족의 습격을 받았다는 말씀이시군요.				입항 수속 담당자
QUEST_LV_0500_20220614_001873	では、そのニヨーレという人物は一体何者だったのですか？	그럼 그, 니욜레라는 인물의 정체는 무엇이었나요?				입항 수속 담당자
QUEST_LV_0500_20220614_001874	えぇ…⁉{nl}薬草……ってことですか⁉	네?{nl}약초라는 말씀입니까?				입항 수속 담당자
QUEST_LV_0500_20220614_001875	なんといいますか……むなしいですね……	허무하네요..				입항 수속 담당자
QUEST_LV_0500_20220614_001876	では、行方不明者の救出は啓示者様へ依頼したと上層部に報告しておきます。	그럼 실종자들의 구출은 계시자님께 의뢰하였다고 상부에 보고하겠습니다.				입항 수속 담당자
QUEST_LV_0500_20220614_001877	上手くやってきましたか？{nl}	잘 처리하고 오셨나요?{nl}				니욜레
QUEST_LV_0500_20220614_001878	……薬草……ですか？{nl}それを信じたのですか……？{nl}	약초.. 말입니까?{nl}그걸 믿던가요?{nl}				니욜레
QUEST_LV_0500_20220614_001879	{nl}まあ、いいでしょう……{nl}大して重要な部分ではありませんし……{nl}{nl}────準備はよろしいですか？	{nl}상관은 없습니다.{nl}중요한 건 그 부분이 아니니.{nl}{nl}준비 되셨습니까?				니욜레
QUEST_LV_0500_20220614_001880	オルシャであなたにこの件を依頼した者に、魔神ニヨーレの存在を知られないように話をつけておいてください。{nl}その後で女神ユラテの領域へ向かうとしましょう。	오르샤에서 당신께 이 일을 의뢰한 자에게 마신 니욜레의 존재를 숨길 수 있도록 처리하고 오십시오.{nl}그 후에 유라테 여신의 영역으로 들어가도록 하죠.				니욜레
QUEST_LV_0500_20220614_001881	まだいらしてたのですか？{nl}もしや、まだ私を疑ってます……？言っておきますけど、誤解ですからね。本当に誤解です。	아직 이곳에 계셨군요.{nl}저를 계속 의심하고 계신다면 오해라는 점을 알아주시길 바랍니다.				니욜레
QUEST_LV_0500_20220614_001882	あなたの任務が重要だということは分かりますが、{nl}これ以上私の時間を奪わないでいただきたい。{nl}本当、時間が惜しいくらいには忙しいんです。	당신의 임무가 중요한 건 알겠지만,{nl}더는 저의 시간을 빼앗지 않으셨으면 좋겠네요.{nl}정말 정말 바쁘거든요.				니욜레
QUEST_LV_0500_20220614_001883	モロスの啓示者(15)	모로스의 계시자(15)				
QUEST_LV_0500_20220614_001884	何でもないないです	아무것도 아니라고 한다.				
QUEST_LV_0500_20220614_001885	行方不明者	실종된 인원				
QUEST_LV_0500_20220614_001886	捜索を手伝うよ	수색을 돕겠다고 한다				
QUEST_LV_0500_20220614_001887	気にしないことにする	신경끈다				
QUEST_LV_0500_20220614_001888	同名異人のニヨーレ (1)	동명이인의 니욜레 (1)				
QUEST_LV_0500_20220614_001889	同名異人のニヨーレ (2)	동명이인의 니욜레 (2)				
QUEST_LV_0500_20220614_001890	疑ってすみません……	의심해서 미안하다고 한다				
QUEST_LV_0500_20220614_001891	………(沈黙)	침묵한다				
QUEST_LV_0500_20220614_001892	同名異人のニヨーレ (3)	동명이인의 니욜레 (3)				
QUEST_LV_0500_20220614_001893	沈没の私掠船 (1)	가라앉는 나포선 (1)				
QUEST_LV_0500_20220614_001894	あの……？	침묵의 의미에 대해 묻는다				
QUEST_LV_0500_20220614_001895	沈没の私掠船 (2)	가라앉는 나포선 (2)				
QUEST_LV_0500_20220614_001896	いや、まだ	아직이라고 한다				
QUEST_LV_0500_20220614_001897	オルシャの手続き担当者と話す	오르샤 수속 담당자와 이야기하기				
QUEST_LV_0500_20220614_001898	モロス公邸からオルシャへ到着した。{nl} 少女の幻影は領主を助けろと言うが……{nl}入港手続きをしている人に話しかけて、イネッサがどこにいるか訊こう。	모로스 공관에서 오르샤로 도착했다. {nl} 소녀의 환영은 영주를 도우라고 했다. {nl} 입항 수속자에게 말을 걸어 이네사의 위치에 대해서 물어보자.				
QUEST_LV_0500_20220614_001899	啓示者であることを明かすと、手続き担当者は領主の場所について親切に教えてくれた。{nl}オルシャの領主イネッサ・へモンデールと話をしよう。	수속 담당자는 계시자인 것을 밝히자 친절하게 영주의 위치에 대해서 알려주었다.{nl}오르샤의 영주 이네사 헤먼데일과 이야기를 하자.				
QUEST_LV_0500_20220614_001900	イネッサ・へモンデールと話す	이네사 헤먼데일과 이야기하기				
QUEST_LV_0500_20220614_001901	啓示者だということを知ったイネッサは、自分に必要な支援を施してくれるらしい。{nl}イネッサと話そう。	우리가 계시자임을 안 이네사는 우리에게 필요한 지원을 해주기로 한다.{nl}이네사와 이야기하자.				
QUEST_LV_0500_20220614_001902	ゴッデスレイド	가디스 레이드 				
QUEST_LV_0500_20220614_001903	沈没の私掠船	 가라앉는 나포선				
QUEST_LV_0500_20220614_001904	オルシャの入港手続き担当者を捜す	오르샤의 입항 수속 담당자를 찾기				
QUEST_LV_0500_20220614_001905	オルシャへ着いた船舶の入港手続きを行う担当者が、失踪した避難民達を捜索しているそうです。{nl}何が起きたのか把握し、入港手続き担当者に力を貸しましょう。	오르샤로 들어오는 선박들의 입항 수속 담당자가 실종된 피난민들을 수색하고 있다고 합니다.{nl}무슨 일이 있는지 파악하고 입항 수속 담당자를 도우세요.				
QUEST_LV_0500_20220614_001906	パサカ峡谷でニヨーレを捜し出して調査	파사카 협곡에서 니욜레를 찾아 조사하기				
QUEST_LV_0500_20220614_001907	行方不明者が出た船に忍び込んでいた魔族がおり、その魔族の所持品の一部から	실종자가 발생한 배에 숨어든 마족이 있었고 해당 마족의 소지품 일부에서 				
QUEST_LV_0500_20220614_001908	という名前が記されていました。{nl}	라는 이름이 언급되었습니다.{nl}				
QUEST_LV_0500_20220614_001909	は、わりとどこにでもいそうな名前ですが、入港手続き担当者は魔族にも言及されているという点を見て疑っているようです。{nl}ニヨーレを正体を知るためには調べる必要があります。まずはパサカ峡谷にいるニヨーレを訪ねて調べてみましょう。	는 흔한 인간의 이름이지만, 입항 수속 담당자는 마족에게 언급되어 의심스러운 부분이 있다고합니다.{nl}니욜레의 정체를 알아내기 위해 조사가 필요합니다. 먼저 파사카 협곡에 있는 니욜레를 찾아가 조사하세요.				
QUEST_LV_0500_20220614_001910	パサカ峡谷のニヨーレと会話する	파사카 협곡의 니욜레와 대화하기				
QUEST_LV_0500_20220614_001911	パサカ峡谷でニヨーレを見つけました。{nl}パサカ峡谷のニヨーレと会話しましょう	파사카 협곡에서 니욜레를 찾았습니다.{nl}파사카 협곡의 니욜레와 대화하세요				
QUEST_LV_0500_20220614_001912	大王の関門でニヨーレを捜し出して調査	대왕의 관문에서 니욜레를 찾아 조사하기				
QUEST_LV_0500_20220614_001913	パサカ峡谷で見つけたニヨーレという人物は、少なくとも今回の事件とは関係ありませんでした。{nl}次は大王の関門でニヨーレを捜し出し、調べてみましょう。	파사카 협곡에서 찾은 니욜레라는 사람은 적어도 이번 사건과는 연관이 없었습니다.{nl}다음은 대왕의 관문에서 니욜레를 찾아 조사하세요				
QUEST_LV_0500_20220614_001914	大王の関門のニヨーレと会話する	대왕의 관문의 니욜레와 대화하기				
QUEST_LV_0500_20220614_001915	大王の関門でニヨーレを見つけました。{nl}大王の関門にいるニヨーレは、自身を研究員だと名乗りました。{nl}ニヨーレと会話しましょう。	대왕의 관문에서 니욜레를 찾았습니다.{nl}대왕의 관문에 있는 니욜레는 자신을 연구원이라고 소개했습니다.{nl}니욜레와 대화하세요				
QUEST_LV_0500_20220614_001916	イギティ沿岸でニヨーレを捜し出して調査	이기티 연안에서 니욜레를 찾아 조사하기				
QUEST_LV_0500_20220614_001917	大王の関門見つけたニヨーレも今回の事件との関連性は薄そうです。{nl}最後にイギティ沿岸にいるというニヨーレを訪ねましょう。	대왕의 관문에서 찾은 니욜레도 이번 사건과는 연관성이 없어보입니다.{nl}마지막으로 이기티 연안에 있다는 니욜레를 찾아가세요.				
QUEST_LV_0500_20220614_001918	イギティ沿岸の伝承者ニヨーレと会話する	이기티 연안의 전승자 니욜레와 대화하기				
QUEST_LV_0500_20220614_001919	イギティ沿岸で女神ユラテを祀る伝承者ニヨーレを見つけました{nl}伝承者ニヨーレと会話しましょう	이기티 연안에서 유라테 여신을 모시는 전승자 니욜레를 찾았습니다{nl}전승자 니욜레와 대화하세요				
QUEST_LV_0500_20220614_001920	オルシャの入港手続き担当者と会話する	오르샤의 입항 수속 담당자와 대화하기				
QUEST_LV_0500_20220614_001921	伝承者ニヨーレを通して女神ユラテから神託を受けました。{nl}女神ユラテは事件の真相については黙っているようにと言います。必要なところだけ入港手続き担当者に報告しましょう。	전승자 니욜레를 통해 유라테 여신으로부터 신탁을 받았습니다.{nl}유라테 여신은 사건의 진상에 대해 함구하라 하였으니, 필요한 부분만 입항 수속 담당자에게 보고하세요.				
QUEST_LV_0500_20220614_001922	イギティ沿岸のニヨーレの元へ戻る	이기티 연안의 니욜레에게 돌아가기				
QUEST_LV_0500_20220614_001923	オルシャ入港手続き担当者には適用に話を通しました{nl}入港手続き担当者は少しだけ不服そうにしていましたが、怪しんではいないようです。{nl}イギティ沿岸のニヨーレの所へ戻りましょう	오르샤 입항 수속 담당자에게는 적당히 이야기를 둘러댔습니다{nl}입항 수속 담당자는 다소 찜찜한 기분을 내비쳤지만, 다행히 의심은 없어보입니다{nl}이기티 연안의 니욜레에게 돌아가세요				
QUEST_LV_0500_20220614_001924	ゴッデスレイド：沈没の私掠船をクリアする	가디스 레이드 : 가라앉는 나포선 완료하기				
QUEST_LV_0500_20220614_001925	イギティ沿岸でニヨーレが開いた道を辿り、ジェリージェル討伐へ向かってください{nl}ゴッデスレイド：沈没の私掠船を難易度に関係なく1回クリアする必要があります。	이기티 연안에서 니욜레가 열어준 길을 따라 젤리젤을 처치하러 가십시오{nl}가디스 레이드 : 가라앉는 나포선을 난이도에 상관 없이 1회 완료하여야 합니다				
QUEST_LV_0500_20220830_001926	無事だな？……ならよかった。ひとまず安心した。	무사히 도착한 것을 보니 조금 안심이 되는군.				대장군 라민
QUEST_LV_0500_20220830_001927	注視者が消えて行った場所についての手がかりを通してさらに調べた結果、ここのどこかに奴が身を潜めていることが分かった。	주시자가 사라진 곳에 대한 단서를 얻고 추적한 결과, 이 곳 어딘가에 놈이 숨었다는 사실을 알았다.				대장군 라민
QUEST_LV_0500_20220830_001928	ここはデルムーア領主が作った秘密の場所のようなものだ。{nl}故に、大勢の兵士達を投入することは非常に危険であると判断した。	이 곳은 델무어 영주가 만든 비밀의 장소 같은 곳이라{nl}대규모로 병사들을 투입하는 것은 너무 위험하다고 판단했다.				대장군 라민
QUEST_LV_0500_20220830_001929	だからパヤウタと君、それから少数の兵士にだけ来るよう伝えた。	그래서 파야우타와 자네 그리고 소수의 병사들만 오라고 했다.				대장군 라민
QUEST_LV_0500_20220830_001930	ここに注視者がいるのは確かだ。{nl}……しかし、ここのどこに身を潜めているかは今から捜索しなければならないな。	이 곳에 주시자가 있는 것은 분명해.{nl}그러나 어디에 숨었는지는 지금부터 수색해야겠지.				대장군 라민
QUEST_LV_0500_20220830_001931	奴の野望を砕く……。準備ができたのなら、行動に移るぞ。	놈의 야욕을 부술 준비가 되었다면 움직여 보자.				대장군 라민
QUEST_LV_0500_20220830_001932	────尋常じゃない。	심상치 않아.				대장군 라민
QUEST_LV_0500_20220830_001933	注視者は、一体ここで何をするつもりだ……？	주시자는 도대체 이곳에서 무엇을 하려는 거지? 				대장군 라민
QUEST_LV_0500_20220830_001934	なんとも禍々しい。ここまできて結論がでなければ────	어쩐지 불길해. 여기서조차 결론이 나지 않는다면…				대장군 라민
QUEST_LV_0500_20220830_001935	……兵士達が動揺している。{nl}俺は兵士達を落ち着かせてから出発しよう。{nl}君はパヤウタと共に、先ほどの兆候について調べてきてくれないか？	병사들이 동요하고 있다.{nl}나는 병사들을 진정시킨 뒤에 출발할테니{nl}파야우타와 방금 전 징조에 대해 조사해 주겠나?				대장군 라민
QUEST_LV_0500_20220830_001936	兵士達の間で色々と不安な話が出回っているみたい。	병사들 사이에서 흉흉한 말들이 돌았나봐.				파야우타
QUEST_LV_0500_20220830_001937	不安がってる兵士達を落ち着かせる事も、大将軍の任務なんだろうね。	불안해 하는 병사들을 진정시키는 일도 대장군님의 임무겠지.				파야우타
QUEST_LV_0500_20220830_001938	だから、あたし達はあたし達の任務に専念しましょ。{nl}私は周辺を偵察してるから、きみは周辺のモンスターを片づけてほしい。そっちは頼んだよ、啓示者。	그러니 우리도 우리의 임무를 잘 해내자!{nl}나는 주변을 정찰할테니까 계시자 너는 그쪽 주변 몬스터들을 정리해줘.				파야우타
QUEST_LV_0500_20220830_001939	こうしてる場合じゃない。{nl}早く各自やるべきことをやろう。	이러고 있을 때가 아니야.{nl}빨리 각자 할 일을 하자.				파야우타
QUEST_LV_0500_20220830_001940	ラミン大将軍が、兵士達の準備を終えたみたい。{nl}行こう！	라민 대장군님이 병사들의 재정비를 마친 거 같아.{nl}이제 가 보자!				파야우타
QUEST_LV_0500_20220830_001941	ひとまず動揺していた兵士達に適切な処置を施した。	우선 동요하는 병사들에게는 적당한 조치를 취했다.				대장군 라민
QUEST_LV_0500_20220830_001942	調査を始めよう。{nl}用意はいいか？	이제 조사를 시작하도록 하지.{nl}준비는 되었나?				대장군 라민
QUEST_LV_0500_20220830_001943	……だがやはり動揺している兵士達を置いて移動するには情報が不足しすぎている。{nl}俺は一度オルシャへ戻って兵士達の準備を整え、{nl}イネッサ領主から情報を貰ってこよう。	그러나 동요하는 병사들을 두고 이동하기에는 정보가 너무 부족하다.{nl}난 우선 다시 오르샤로 돌아가 병사를 정돈하고,{nl} 이네사 영주로부터 정보를 구해서 돌아오지.				대장군 라민
QUEST_LV_0500_20220830_001944	それまでパヤウタと共に、できる限り情報を集めておいてくれ。	그때까지 파야우타와 함께 최대한 모을 수 있는 정보를 모아주게.				대장군 라민
QUEST_LV_0500_20220830_001945	ラミン大将軍がオルシャに行ってきている間、あたし達はあたし達にできることをした方が良さそうね。	라민 대장군님이 오르샤에 다녀오실 동안 우리는 우리가 할 수 있는 일을 하는 게 좋겠어.				파야우타
QUEST_LV_0500_20220830_001946	君がモンスターを相手にしている間に周辺を調べてみたけど、{nl}あちこちに赤い痕跡みたいなものがあったの。	네가 몬스터를 잡고 있는 동안 주변을 조사했는데,{nl}여기저기에서 붉은 흔적 같은 것이 있었어.				파야우타
QUEST_LV_0500_20220830_001947	これは……だいぶ昔のクルビナのような感じ……。あれらから、ついさっきの振動と似たような魔力の波長を感じたの。きみはリープスノス待機エリアにこんな感じの赤い跡を放つ水晶みたいな物がないか確かめてきてくれない？{nl}あたしはこの赤い痕跡をもう少し調べてみる。	이건 … 오래 전의 크루비나 같은 느낌이야. 그것들에서 방금 전 진동과 비슷한 마력 파장 같은 게 느껴졌거든. 너는 라이프스노스 대기실에 혹시 이런 붉은 흔적을 뿜는 수정 같은 게 있나 알아봐줄래?{nl}난 내가 조사한 붉은 흔적들을 좀 살펴봐야겠어.				파야우타
QUEST_LV_0500_20220830_001948	見たところ、これらの痕跡はクルビナのようだけど……	이 흔적들을 볼 때, 이건 크루비나 같아보이는데..				파야우타
QUEST_LV_0500_20220830_001949	そっちから戻って来ってことは、どうやら予想が当たってたみたいね……{nl}その赤い水晶、渡してもらえる？	그쪽에서 돌아오는 걸 보니 역시, 예상이 맞았네. {nl}그 붉은 수정들을 줘봐.				파야우타
QUEST_LV_0500_20220830_001950	間違いない。あたしが予想した通り、きみが持ってきた赤い水晶は{#003399}クルビナ{/}と何かしら繋がりがある。	네가 가져온 붉은 수정들은 내 예상대로, {#003399}크루비나{/}와 관련된 게 틀림없어.				파야우타
QUEST_LV_0500_20220830_001951	あたしの予想がまた当たっていればの話だけど……待合室中央の周辺のモンスター達には、きっとこの赤い水晶が埋め込まれている。{nl}その後を追えば、注視者の元に辿り着けるはずよ。	네 예상이 맞다면, 대합실 중앙 주변의 몬스터들에게도 이 붉은 수정들이 박혀있을거고,{nl}그 길을 따라 가면 주시자놈을 만날 수 있겠는걸?				파야우타
QUEST_LV_0500_20220830_001952	後を追って、モンスター達を倒して水晶を集めた後でまた合流しましょう。{nl}この赤い水晶がきっと役に立つわ。	길을 따라 몬스터들을 잡아서 수정들을 모은 뒤에 만나자.{nl}이 붉은 수정이 쓸모가 있을 거야.				파야우타
QUEST_LV_0500_20220830_001953	やっぱり。すぐ見つけられたね。{nl}この結界を破るのに、きみが持ってきた水晶が役に立つと思う。	역시 바로 찾아왔네.{nl}이제 네가 가져온 수정들이 이 결계를 여는 데 도움이 될 것 같아.				파야우타
QUEST_LV_0500_20220830_001954	一度結界に近づいてみる……？	한 번 결계에 다가가 볼까?				파야우타
QUEST_LV_0500_20220830_001955	この赤い水晶が本当に純粋なクルビナなら、{nl}そしてあの結界が注視者によるものなら、結界を破れるはずだよ。	붉은 수정이 정말 순수한 크루비나라면,{nl}그리고 저 결계가 주시자의 결계라면 결계를 부술 수 있을거야…!				파야우타
QUEST_LV_0500_20220830_001956	悪いけど、お願いね。	어서 한 번 가봐.				파야우타
QUEST_LV_0500_20220830_001957	ご苦労だった。{nl}何か収穫はあったか？	고생했다.{nl}무언가 수확이 있었나?				대장군 라민
QUEST_LV_0500_20220830_001958	それは……スクロールか。{nl}やはりというべきか……。答えは案外問題の近くに潜んでいるものだな。	그건 스크롤이군.{nl}역시. 언제나 해답은 문제의 근처에 있는 법.				대장군 라민
QUEST_LV_0500_20220830_001959	後はそのスクロールを使ってあの結界を解くだけだ。{nl}悪いが、結界の解除は君が行ってくれ。{nl}俺達は周辺を警戒していよう。	이제 그 스크롤을 이용해서 저 결계를 해제하는 것이다.{nl}그 역할은 자네가 해 주게.{nl}난 뒤에서 주변을 살피도록 하지.				대장군 라민
QUEST_LV_0500_20220830_001960	結界の解除を頼む。{nl}君の神聖力ならば、スクロールがきちんと反応するだろう。	결계를 해제해 주게.{nl}아마 자네의 신성력이라면 충분히 스크롤이 반응할거다.				대장군 라민
QUEST_LV_0500_20220830_001961	結界は解けた。{nl}これより隠し通路へ進軍する。	결계가 해제되었군.{nl}숨겨진 통로로 진군한다.				대장군 라민
QUEST_LV_0500_20220830_001962	注視者は待合室を通ってここにやってきた後、結界を作動したはずだ。{nl}奥の方へ向かってみよう。	주시자는 대합실을 통해서 이 곳으로 진입한 뒤 결계를 작동해 두었을 것이다.{nl}안쪽으로 들어가 보자.				대장군 라민
QUEST_LV_0500_20220830_001963	嫌な気配だ……{nl}ここで必ず注視者を見つけ出し、仕留めなければ……	기분나쁜 기운이군....{nl}이 곳에서 반드시 주시자를 찾아 없애야 한다....				대장군 라민
QUEST_LV_0500_20220830_001964	オルシャで得た情報によれば、{nl}ここにはおそらくデルムーア・ルバイムが自身がクルビナの力を制御できなかった時に備えて{nl}至る所に魔力制御装置を設置していたらしい。	오르샤에서 들은 정보에 의하면,{nl}이 곳에는 아마도 델무어 르바임이 자신이 크루비나의 힘을 제어할 수 없을 때를 대비해서{nl}곳곳에 마력 제어장치를 만들어 두었다는 것이다.				대장군 라민
QUEST_LV_0500_20220830_001965	注視者がその装置を使ったか否かはともかく、{nl}まずは後に備え、深部への道を確保するためにも{nl}その制御装置とやらを見つけ出して魔力を制御する方法も用意しておいた方がいいだろう。	주시자가 그 장치들을 이용했는지의 여부와는 관계없이,{nl}우선 나중을 대비하고 심부로의 길을 확보하기 위해{nl}그 제어장치들을 찾아 마력을 제어할 방도를 만들어 두면 좋을 것이다.				대장군 라민
QUEST_LV_0500_20220830_001966	制御装置の位置が記されている地図を手に入れてき────	제어 장치의 위치를 표시한 지도를 여기 받아왔는데…				대장군 라민
QUEST_LV_0500_20220830_001967	────たんだが……制御装置の在処が記された地図を開いた瞬間に、襲われるとは……{nl}…………偶然か？	제어 장치가 표시된 지도를 펼치는 순간에 몬스터의 습격이라니....{nl}우연인가?				대장군 라민
QUEST_LV_0500_20220830_001968	何はともあれ、落ち着いてきたところで魔力制御装置についての説明を続けるぞ。	어쨌든 습격을 막았으니 마력 제어 장치에 대한 설명을 하도록 하지.				대장군 라민
QUEST_LV_0500_20220830_001969	これより我々はこの4つの魔力制御装置を操作しなければならない。	우리는 이제 이 4개의 마력 제어 장치를 조작해야만 한다.				대장군 라민
QUEST_LV_0500_20220830_001970	一つ目の魔力制御装置はデルムーア連結路の方にある。ここの確認は君に任せる。	첫번째 마력 제어 장치는 델무어 연결로 쪽에 있으니 자네가 확인 해 보도록.				대장군 라민
QUEST_LV_0500_20220830_001971	他の方はパヤウタ、君が見て来るように。	다른 쪽은 파야우타 자네가 다녀오게.				대장군 라민
QUEST_LV_0500_20220830_001972	ここに記されている一つ目の装置の元へ行き、作動させてくるんだ。{nl}位置は地図に記してある。	이 쪽에 표시된 첫 번째 장치로 가서 작동을 시켜라.{nl}위치는 지도에 표시되어 있다.				대장군 라민
QUEST_LV_0500_20220830_001973	制御装置が作動しないというのか？{nl}……おそらくだが、長い間使用していなかったせいで魔力が落ちたのだろう。	제어 장치가 작동하지 않았다는 것인가?{nl}아마도 오랜 시간 사용하지 않아서 마력이 떨어진 모양이군. 				대장군 라민
QUEST_LV_0500_20220830_001974	このような状況に陥った時に備え、オルシャの領主が自身のペンダントを渡してくれた。{nl}小さなペンダントではあるが、大量の魔力を注入できるらしい。	이런 상황을 대비해서 오르샤의 영주가 자신의 펜던트를 내주었다.{nl}작은 펜던트지만 대량의 마력을 주입할 수 있다고 한다.				대장군 라민
QUEST_LV_0500_20220830_001975	周辺のモンスター達を倒し、ペンダントに魔力を注入すれば{nl}制御装置をもう一度稼働させることができるはずだ。	주변의 몬스터들을 처치해서 펜던트에 마력을 주입해 두면 제어 장치를 다시 가동할 수 있을 것이다.				대장군 라민
QUEST_LV_0500_20220830_001976	ここ一帯のモンスターを倒し、ペンダントに魔力を貯めてくればいい。	이 일대에 있는 몬스터를 잡아 펜던트에 마력을 채우면 된다.				대장군 라민
QUEST_LV_0500_20220830_001977	よくやったな。{nl}このくらいなら制御装置も作動するだろう。	훌륭하군.{nl}이 정도면 제어 장치가 작동할 것이다.				대장군 라민
QUEST_LV_0500_20220830_001978	ペンダントに魔力が充分集まったようだ。{nl}もう一度制御装置を作動させてきてくれ。頼んだぞ。	펜던트에 마력이 충분히 모인 듯 하다.{nl}이제 그걸 가지고 다시 제어 장치로 가서 작동시키도록.				대장군 라민
QUEST_LV_0500_20220830_001979	魔力制御装置は作動したか？	마력 제어 장치는 작동되었나?				대장군 라민
QUEST_LV_0500_20220830_001980	一つ目の魔力制御装置が作動したようだ。	첫 번째 마력 제어 장치가 작동되었군.				대장군 라민
QUEST_LV_0500_20220830_001981	やはりな。制御装置が作動したことで、あの薄気味悪い気配が少しは引いたようだ。{nl}ご苦労だった。	역시. 제어장치가 작동되니 기분 나쁜 위압감이 조금 사라진 것 같다.{nl}수고했다.				대장군 라민
QUEST_LV_0500_20220830_001982	さて、後は残りの魔力制御装置を作動させる番だな。{nl}どれ……中央広場を通り過ぎるとあるようだな。	그럼 이제 나머지 마력 제어 장치를 작동시킬 차례다.{nl}어디… 중앙 광장을 넘어가면 있는 모양이군.				대장군 라민
QUEST_LV_0500_20220830_001983	中央広場でパヤウタと落ち合うぞ。	중앙 광장에서 파야우타와 합류해서 간다.				대장군 라민
QUEST_LV_0500_20220830_001984	大丈夫か？	괜찮나?				대장군 라민
QUEST_LV_0500_20220830_001985	注視者の最後は必ず……	주시자의 마지막은 반드시…….				대장군 라민
QUEST_LV_0500_20220830_001986	あ……ごめん、ちょっとラミン大将軍に話があるの。{nl}悪いんだけど少し席を外してくれる？	아, 나는 잠시 라민 대장군님이랑 할 이야기가 있어.{nl}자리를 좀 비켜주지 않을래? 				파야우타
QUEST_LV_0500_20220830_001987	油断したか……っ隙をつかれて奇襲を受けるとは……{nl}大将軍とあろう者が情けない……！	잠시 방심한 사이에 기습을 당하다니...{nl}대장군으로서 부끄럽군.				대장군 라민
QUEST_LV_0500_20220830_001988	とにかく急いで制御装置を作動させ、注視者を追うぞ。	어쨌든 빨리 제어 장치를 작동하고 주시자를 추격하도록 하지.				대장군 라민
QUEST_LV_0500_20220830_001989	俺は暫しの間待合室にいる兵士達の状態を確かめてくる。{nl}何かあった際はパヤウタと話し合うように。	난 잠시 병사들의 상태를 확인하고 오겠다.{nl}무슨 일이 생기면 파야우타와 이야기를 하도록.				대장군 라민
QUEST_LV_0500_20220830_001990	二つ目の装置が作動したってすぐに気づいたよ。{nl}お疲れ様！	두 번째 마력 장치가 작동한게 바로 느껴질 정도였어!{nl}고생했어!				파야우타
QUEST_LV_0500_20220830_001991	ペンダントの魔力もまだ充分あるし、最後の魔力制御装置も問題ないはず。{nl}すぐに最後の装置を作動させよう。	펜던트의 마력도 아직 충분한 걸 보니 마지막 마력 제어 장치는 문제 없을거야.{nl}바로 마지막 마력 장치를 작동해보자.				파야우타
QUEST_LV_0500_20220830_001992	少しずつだけど、確実に進めてる。{nl}この調子で奴を────	일이 차근차근 진행되고 있어.{nl}이대로 놈을…				파야우타
QUEST_LV_0500_20220830_001993	……⁉今の揺れと音は一体……！{nl}将軍！ラミン大将軍も聞きましたか？	방금 진동이랑 굉음은 뭐지?{nl}라민 대장군님은 들으셨나요?				파야우타
QUEST_LV_0500_20220830_001994	ああ…！今の音はなんだ……⁉	방금 전 굉음은 뭐지?				대장군 라민
QUEST_LV_0500_20220830_001995	最後の魔力制御装置を作動させたら先ほどの轟音がした、と？{nl}……分かった。とりあえず音の出処である中央広場へ向かってみよう。	마지막 마력 제어 장치를 작동시켰더니 이런 굉음이 발생했다고?{nl}일단 소리의 근원인 중앙 광장 쪽으로 가보자.				대장군 라민
QUEST_LV_0500_20220830_001996	ついに注視者が身を潜めている議事堂に辿り着いた。{nl}注視者がいる場所も特定できる。{nl}奴はここで何かを企んでいるようだな。	드디어 주시자가 숨어있는 의사당에 도착했다.{nl}주시자가 있는 위치는 특정할 수 있다.{nl}녀석은 여기서 무언가를 꾸미고 있는 모양이야.				대장군 라민
QUEST_LV_0500_20220830_001997	とりあえず、注視者がいそうな場所に結界がある。{nl}……ここから先は俺も何があるか分からない。	일단 주시자가 있을 법한 곳에 결계가 있다.{nl}여기서부터는 나도 영주에게 들은 것이 없다.				대장군 라민
QUEST_LV_0500_20220830_001998	啓示者。君の力ならこの結界を破ることができるかもしれない。{nl}結界の破壊を試してみてくれないか？	계시자, 너의 힘이라면 결계를 파괴할 수도 있을지 모른다.{nl}결계를 파괴해봐라.				대장군 라민
QUEST_LV_0500_20220830_001999	時間は刻一刻と迫っている……{nl}急いでくれ。	시간은 일각을 다투고 있다.{nl}어서 결계를 파괴해라.				대장군 라민
QUEST_LV_0500_20220830_002000	かつて啓示を受けた者の神聖力でさえ、破壊することは難しいというのか……{nl}パヤウタ、何か手はないか？	한 때 계시를 받은 자의 신성력으로도 파괴는 힘들다는 건가…{nl}파야우타, 무언가 방법이 없나?				대장군 라민
QUEST_LV_0500_20220830_002001	あたしが待合室にいた時から感じていたことだけど……{nl}ここには、随分昔に消滅したと思っていたクルビナもあるし、そのうえクルビナが結界に大きく反応することもなかった。{nl}なにか……なにかもっと凄まじい力が……この魔法障壁を守っているみたいだった。	내가 대합실에서부터 느꼈지만…{nl}이 곳에 오래 전 모두 사라진 줄 알았던 크루비나도 있고, 그 크루비나가 결계에 큰 반응도 없었거든.{nl}뭔가 더 엄청난 힘이… 이 마법 장벽을 지키고 있는 것 같았어.				파야우타
QUEST_LV_0500_20220830_002002	予想が外れてほしいと思いながら調査を続けたけど……	내 예상이 틀리길 바라면서 조사를 해봤는데...				파야우타
QUEST_LV_0500_20220830_002003	これは……	이건…				파야우타
QUEST_LV_0500_20220830_002004	{#003399}マティネス{/}だわ。	{#003399}머티니스{/}야.				파야우타
QUEST_LV_0500_20220830_002005	全部壊されたって確かに聞いていたのに……	분명 모두 파괴되었다고 알고 있었는데....				파야우타
QUEST_LV_0500_20220830_002006	こういった{#003399}マティネス{/}がいくつかあるせいで、障壁が消えないんだ。	이런 {#003399}머티니스{/}가 몇 개 있고, 그 힘 때문에 장벽이 사라지지 않는거지. 				파야우타
QUEST_LV_0500_20220830_002007	その{#003399}マティネス{/}を見つけ出して破壊しなきゃいけない。	그 {#003399}머티니스{/}를 찾아서 파괴해야 해.				파야우타
QUEST_LV_0500_20220830_002008	{#003399}マティネス{/}を見つけ出したらすぐに壊そう。	{#003399}머티니스{/}를 찾으면 반드시 파괴하자.				파야우타
QUEST_LV_0500_20220830_002009	クッ……{nl}パヤウタ……	....{nl}파야우타...				대장군 라민
QUEST_LV_0500_20220830_002010	世界の破滅……{nl}注視者は、そのようなことを計画しているとは……{nl}────こうしている場合ではない。	세상의 파멸....{nl}주시자는 이런 끔찍한 것을 계획하고 있었다니....{nl}이러고 있을 때가 아니다.				대장군 라민
QUEST_LV_0500_20220830_002011	注視者の計略を止め、パヤウタを救う。	주시자의 계략을 막고, 파야우타를 구해낸다.				대장군 라민
QUEST_LV_0500_20220830_002012	俺は一刻も早く事態の深刻さを姫様に伝えなければならない。{nl}君はオルシャに戻って領主にこの事を知らせてくれ。	난 이 일을 공주님께 사태의 심각성을 알려야겠네.{nl}자네는 오르샤에 가서 영주에게 이 사실을 알려주길 바란다.				대장군 라민
QUEST_LV_0500_20220830_002013	戻られたのですね、啓示者様。{nl}パヤウタさんとラミン大将軍はどちらに……？	계시자님, 돌아오셨군요.{nl}파야우타 씨와 라민 대장군은 어디에 계신거죠?				이네사 헤먼데일
QUEST_LV_0500_20220830_002014	注視者がパヤウタさんを連れ去って姿を消し……注視者の真の目的は神樹を破壊すること……	주시자가 파야우타 씨를 데리고 사라졌고, 주시자의 진정한 목표는 신수를 파괴하는 것....				이네사 헤먼데일
QUEST_LV_0500_20220830_002015	まさかそんな……信じられません。{nl}……信じられない話ではあるのですが……あなたが嘘を仰っているわけではないことも分かります。	믿겨지지 않군요...{nl}믿겨지지 않지만... 거짓을 말씀하시는 거 같진 않습니다.				이네사 헤먼데일
QUEST_LV_0500_20220830_002016	念のため、ラミン大将軍と啓示者様が向かわれていた場所へ調査隊を派遣しました。{nl}注視者に関する痕跡を見つけましたら、すぐにお伝えします。	혹시 몰라 라민 대장군과 계시자님이 앞서 간 곳에 조사대를 파견했습니다.{nl}주시자에 관련된 흔적을 찾는다면 바로 말씀을 드리겠습니다.				이네사 헤먼데일
QUEST_LV_0500_20220830_002017	今しがた、魔法結社の議事堂にいた調査隊が何かを発見したと連絡を受けました。{nl}魔法結社の議事堂へ向かってください。	마침 마법 결사의 의사당에 있던 조사대가 뭔가 발견한 모양입니다.{nl}마법 결사의 의사당으로 향해 주십시오.				이네사 헤먼데일
QUEST_LV_0500_20220830_002018	イネッサ・へモンデール	이네사 헤먼데일 				
QUEST_LV_0500_20220830_002019	魔法結社の議事堂に何か痕跡があったようです。{nl}もしかしたら注視者に関する何かしら手がかりになるかもしれません。現場の確認をお願いします。	마법 결사의 의사당에 무언가 흔적이 있는 듯 합니다.{nl}혹시 주시자에 대한 정보일지도 모르니 한번 확인해보시죠.				이네사 헤먼데일 
QUEST_LV_0500_20220830_002020	オルシャ調査員	오르샤 조사원				
QUEST_LV_0500_20220830_002021	お疲れ様です、啓示者様。私は領主様より命を受け、ここを調査しているところです。	안녕하세요. 계시자님, 저는 영주님의 명을 받아서 이곳을 조사하는 중입니다.				오르샤 조사원
QUEST_LV_0500_20220830_002022	我々調査隊の内、一部の隊員が調査のためにあの水晶の中に入ってからまだ戻ってきていません。	저희 조사원 중 일부가 저 수정 안으로 들어가서 조사를 한 뒤에 돌아오지 못하고 있습니다.				오르샤 조사원
QUEST_LV_0500_20220830_002023	ある日あの水晶の中で一枚の紙きれが落ち着いているのを見つけました。{nl}その内容は「倒したとされていた変性のプロパゲーターが生きている」というものでした。	그러던 어느 날 수정 안에서 쪽지가 한 장 떨어졌습니다.{nl}내용은 쓰러뜨린 줄 알았던 변질의 전파자가 살아있다고 합니다.				오르샤 조사원
QUEST_LV_0500_20220830_002024	おそらく我々が倒したの分身体のようなものではないかという話出ています。{nl}紙切れには調査員達は現在プロパゲーターに追われていると残されていて……{nl}お願いします、仲間をどうか助けてください。	아마 저희가 쓰러뜨리는 것은 분신일 거라는 이야기가 있습니다.{nl}쪽지에 따르면 현재 조사원들은 전파자에게 쫓기고 있다고 합니다.{nl}제 동료들을 구해주십시오.				오르샤 조사원
QUEST_LV_0500_20220830_002025	啓示者様……助けてくださりありがとうございました……	계시자님.... 도와주셔서 감사합니다...				오르샤 조사원
QUEST_LV_0500_20220830_002026	私はもう一度「激動の核」の中へ入り、仲間達の亡骸や持ち物などを探してみます……	저는 다시 격동의 핵으로 들어가서 죽은 동료들의 시신이나 물건들을 찾아보겠습니다...				오르샤 조사원
QUEST_LV_0500_20220830_002027	さらに被害が広まらないようにしてくださり、ありがとうございます。	더 큰 피해가 발생하지 않게 해주셔서 감사합니다.				오르샤 조사원
QUEST_LV_0500_20220830_002028	パヤウタが稼働させた魔力制御装置だ。{nl}パヤウタは別の方法で魔力制御装置に魔力を制御させたようだ。	파야우타가 가동한 마력 제어 장치이다.{nl}파야우타는 다른 수단으로 마력 제어 장치에 마력을 제어한 모양이다.				마력 제어 장치
QUEST_LV_0500_20220830_002029	啓示者様、デルムーア激戦地から連絡が入りました。	계시자님, 델무어 격전지에서의 활약은 전해들었습니다.				이네사 헤먼데일
QUEST_LV_0500_20220830_002030	激戦地の内部調査の末、注視者の行方を突き止めましたそうです。{nl}既にラミン大将軍とパヤウタさんが注視者のいる場所へ向かっております。	격전지 내부를 조사해보니 주시자가 행방을 찾았습니다.{nl}이미 라민 대장군과 파야우타 씨가 먼저 주시자가 있는 곳으로 향했습니다.				이네사 헤먼데일
QUEST_LV_0500_20220830_002031	どうか啓示者様の力をお貸しいただけませんか？	계시자님도 힘을 빌려주시겠습니까?				이네사 헤먼데일
QUEST_LV_0500_20220830_002032	デルムーア庭園を通り抜け、デルムーア待合室へ向かってください。{nl}こちらも、お力になれることがありましたら誠心誠意尽くします。	델무어 정원을 통해서 델무어 대합실로 향해주십시오.{nl}도와드릴 일이 있다면 성심성의껏 도움을 드리겠습니다.				이네사 헤먼데일
QUEST_LV_0500_20220830_002033	今は忙しい	지금은 바쁘다고 한다.				
QUEST_LV_0500_20220830_002034	入口確保(1)	입구 확보(1)				
QUEST_LV_0500_20220830_002035	他の用事を済ませてくるよ	다른 일을 마치고 온다고 한다.				
QUEST_LV_0500_20220830_002036	入口確保(2)	입구 확보(2)				
QUEST_LV_0500_20220830_002037	今は別件があるから……	지금은 다른 것을 해야한다고 한다.				
QUEST_LV_0500_20220830_002038	調査指示	조사 지시				
QUEST_LV_0500_20220830_002039	今は他に用事があるので……	지금은 다른 일을 해야 한다고 한다.				
QUEST_LV_0500_20220830_002040	不吉な赤い水晶(1)	불길한 붉은 수정(1)				
QUEST_LV_0500_20220830_002041	準備できた	준비가 되었다고 한다.				
QUEST_LV_0500_20220830_002042	他の用事を先に終わらせてくる	다른 일은 먼저하고 오겠다고 한다.				
QUEST_LV_0500_20220830_002043	不吉な赤い水晶(2)	불길한 붉은 수정(2)				
QUEST_LV_0500_20220830_002044	1人で行くのは危ないよ	혼자 가는 것은 위험하다고 한다.				
QUEST_LV_0500_20220830_002045	不吉な赤い水晶(3)	불길한 붉은 수정(3)				
QUEST_LV_0500_20220830_002046	結界の調査	결계 조사				
QUEST_LV_0500_20220830_002047	他の用事を済ませてくる	다른 일을 처리하고 오겠다고 한다.				
QUEST_LV_0500_20220830_002048	不吉なオーラが漏れ出ている場所(1)	불길한 기운이 새어나오는 곳(1)				
QUEST_LV_0500_20220830_002049	不吉なオーラが漏れ出ている場所(2)	불길한 기운이 새어나오는 곳(2)				
QUEST_LV_0500_20220830_002050	むやみに手を出すのは危険だと思う	결계를 함부로 건드는 것은 위험하다고 한다.				
QUEST_LV_0500_20220830_002051	強まる不吉なオーラ(1)	강해지는 불길한 기운(1)				
QUEST_LV_0500_20220830_002052	他の仕事を片づけてくる	다른 일을 처리하고 온다고 한다.				
QUEST_LV_0500_20220830_002053	強まる不吉なオーラ(2)	강해지는 불길한 기운(2)				
QUEST_LV_0500_20220830_002054	何かあったの？	무슨 일이 있는 건가 물어본다.				
QUEST_LV_0500_20220830_002055	後で聞くよ	좀 있다가 이야기하라고 한다.				
QUEST_LV_0500_20220830_002056	魔力制御(1)	마력 제어(1)				
QUEST_LV_0500_20220830_002057	他の用を先に済ませてくる	다른 일을 먼저 해결하겠다고 한다.				
QUEST_LV_0500_20220830_002058	装置作動中……	장치를 작동하는 중...				
QUEST_LV_0500_20220830_002059	魔力制御装置の魔力が尽きているみたいだ！	마력 제어 장치의 마력이 텅 비어 있는 것 같다!				
QUEST_LV_0500_20220830_002060	魔力制御(2)	마력 제어(2)				
QUEST_LV_0500_20220830_002061	魔力制御(3)	마력 제어(3)				
QUEST_LV_0500_20220830_002062	魔力をもっと集めないと	마력을 더 모아야한다고 한다.				
QUEST_LV_0500_20220830_002063	立ち塞がる悪魔軍団	가로막는 악마군단				
QUEST_LV_0500_20220830_002064	まだ準備できてない	준비가 아직 안됐다고 한다.				
QUEST_LV_0500_20220830_002065	魔力制御(4)	마력 제어(4)				
QUEST_LV_0500_20220830_002066	負傷したところを先に治療しなきゃ	부상을 먼저 치료해야 한다고 한다.				
QUEST_LV_0500_20220830_002067	魔力制御(5)	마력 제어(5)				
QUEST_LV_0500_20220830_002068	少し整える必要がある	잠시 정비를 해야한다고 한다.				
QUEST_LV_0500_20220830_002069	陰惨な黒いオーラ	음산한 검은 기운				
QUEST_LV_0500_20220830_002070	すぐ向かおう	바로 가자고 한다.				
QUEST_LV_0500_20220830_002071	危険だからもう少し準備してから行こう	위험하니 조금 더 준비를 한다고 한다.				
QUEST_LV_0500_20220830_002072	議事堂の中へ	의사당 안으로				
QUEST_LV_0500_20220830_002073	立ち塞がる魔法障壁	가로막는 마법 장벽				
QUEST_LV_0500_20220830_002074	まだやることがある	아직 처리할 일이 있다고 한다.				
QUEST_LV_0500_20220830_002075	マティネス除去(1)	머티니스 제거(1)				
QUEST_LV_0500_20220830_002076	マティネスを取り除いてくる	머티니스를 제거하고 온다고 한다.				
QUEST_LV_0500_20220830_002077	準備にもう少し時間かかりそう	준비할 시간이 필요한다고 한다.				
QUEST_LV_0500_20220830_002078	マティネス除去(2)	머티니스 제거(2)				
QUEST_LV_0500_20220830_002079	マティネス除去(3)	머티니스 제거(3)				
QUEST_LV_0500_20220830_002080	注視者、阻止(1)	주시자 저지(1)				
QUEST_LV_0500_20220830_002081	注視者、阻止(2)	주시자 저지(2)				
QUEST_LV_0500_20220830_002082	激動の兆し	격동의 조짐				
QUEST_LV_0500_20220830_002083	これまでにあったことを話す	그 동안의 이야기를 전한다.				
QUEST_LV_0500_20220830_002084	心の準備がまだできてない	마음의 준비가 필요하다고 한다.				
QUEST_LV_0500_20220830_002085	激動の核へ：RAID_CASTLE_EP14_2_MQ_2	격동의 핵으로 : RAID_CASTLE_EP14_2_MQ_2				
QUEST_LV_0500_20220830_002086	激動の核へ	격동의 핵으로				
QUEST_LV_0500_20220830_002087	注視者を追跡	주시자 추적				
QUEST_LV_0500_20220830_002088	合流する	합류하겠다고 한다.				
QUEST_LV_0500_20220830_002089	大将軍ラミンとの会話	대장군 라민과 이야기하기				
QUEST_LV_0500_20220830_002090	ついに辿り着いたデルムーア待合室。{nl}大将軍ラミンとこれからの作戦について話し合おう。	마침내 델무어 대합실에 도착했다. {nl} 대장군 라민과 앞으로의 작전에 대해서 이야기를 해보자.				
QUEST_LV_0500_20220830_002091	大将軍ラミンは準備ができたら自分のところへ来るようにと言っていた。{nl}万全の準備を整えて、大将軍ラミンに声をかけよう。	대장군 라민은 준비가 되면 자신에게 오라고 한다. {nl} 만전의 준비를 하고 대장군 라민에게 이야기를 하자.				
QUEST_LV_0500_20220830_002092	今の振動で兵士達が混乱に陥っている。{nl}大将軍ラミンと話し合おう。	방금 전의 진동으로 병사들이 혼란에 빠져있다. {nl} 대장군 라민과 이야기를 하자.				
QUEST_LV_0500_20220830_002093	今の振動でオルシャの兵士達が混乱に陥っている。{nl}大将軍ラミンとどうするべきか話し合おう。	방금 전 진동으로 오르샤 병사들이 혼란에 빠졌다. {nl} 대장군 라민과 어떻게 해야할지 이야기를 하자.				
QUEST_LV_0500_20220830_002094	大将軍ラミンはオルシャ軍の体制を整えるのに忙しいようだ。{nl} パヤウタとこれからの計画について話し合おう。	대장군 라민은 오르샤 군을 재정비하느라 바쁘다. {nl} 파야우타와 앞으로의 계획에 대해 이야기를 하자.				
QUEST_LV_0500_20220830_002095	ブリークフェレットの処理	블릭페릿 처치				
QUEST_LV_0500_20220830_002096	先ほどの振動とモンスターの襲撃により不安な雰囲気がより一層強まってしまった。{nl} パヤウタと話し合って解決策を探そう。	한 차례 진동과 몬스터의 습격으로 불안감이 더욱 고조되었다. {nl} 파야우타와 이야기를 해서 해결책을 찾아보자.				
QUEST_LV_0500_20220830_002097	xxx 処理	xxx 처치				
QUEST_LV_0500_20220830_002098	周辺の xxxを処理しよう。	주변에 xxx를 처치하자.				
QUEST_LV_0500_20220830_002099	周辺にいたモンスター達を片づけた。{nl} パヤウタに伝えよう。	주변에 있던 몬스터들을 정리를 했다. {nl} 파야우타에게 이야기를 하자.				
QUEST_LV_0500_20220830_002100	周辺のモンスター達を片づけてる間にラミンがオルシャ軍の体制を整え終えたようだ。{nl}ラミンと話し合おう。	주변 몬스터들을 정리한 사이에 라민이 오르샤 군의 정비를 마친 모양이다. {nl} 라민과 대화하자.				
QUEST_LV_0500_20220830_002101	大将軍ラミンの説明を聞く	대장군 라민의 설명듣기				
QUEST_LV_0500_20220830_002102	ラミンは情報を得るためにオルシャへ向かった。	라민은 오르샤에서 정보를 얻기 위해서 떠났다.				
QUEST_LV_0500_20220830_002103	ラミンは情報を得るため、オルシャへ戻った。{nl} 彼が戻って来るまでの間、パヤウタとここを調査しなければならない。{nl} パヤウタと話し合おう。	라민은 정보를 찾기 위해 오르샤로 돌아갔다. {nl} 그가 돌아올 동안 파야우타와 이곳을 조사해야한다. {nl} 파야우타와 이야기하자.				
QUEST_LV_0500_20220830_002104	赤い水晶を採取	붉은 수정 채취하기				
QUEST_LV_0500_20220830_002105	パヤウタはリープスノス待機エリアの方の赤い水晶が今の振動の魔力と波長と似ていると言う。{nl}水晶を割ってパヤウタに持って行こう。	파야우타는 라이프스노스 대기실 쪽의 붉은 수정들이 방금 전 진동의 마력 파장과 비슷하다고 한다. {nl} 수정을 캐서 파야우타에게 가져가자.				
QUEST_LV_0500_20220830_002106	パヤウタに頼まれた通り赤い水晶を採取してきた。{nl} パヤウタの元へ戻ろう。	파야우타가 시킨대로 붉은 수정을 채취했다. {nl} 파야우타에게 돌아가자.				
QUEST_LV_0500_20220830_002107	パヤウタは持ってきた水晶を見て何かに気付いたようだ。{nl} パヤウタに話しかけよう。	파야우타는 가져온 수정을 보고 무언가 안 거 같다.{nl}파야우타에게 이야기를 걸어보자.				
QUEST_LV_0500_20220830_002108	待合室中央のモンスターを倒して水晶を獲得	대합실 중앙의 몬스터를 처치해 수정 획득				
QUEST_LV_0500_20220830_002109	パヤウタはのんびりしている暇はないと言い、他の場所も調査するという。{nl}リープスノス周辺のモンスターを倒して現れた水晶を集めよう。	파야우타는 지체할 시간이 없다며 다른 곳을 조사해보겠다고 한다.{nl}라이프스노스 주변의 몬스터를 처치해 나온 수정을 모아보자.				
QUEST_LV_0500_20220830_002110	%sを獲得	%s를 획득				
QUEST_LV_0500_20220830_002111	パヤウタに頼まれた水晶を集めた。{nl}地図に表示されている場所へ向かってパヤウタと合流しよう	파야우타가 부탁했던 수정을 모았다.{nl}지도에 표시된 위치로 가서 파야우타와 합류하자.				
QUEST_LV_0500_20220830_002112	周辺のモンスター達を片づけた。{nl}パヤウタの元へ向かおう。	주변 몬스터들을 정리했다.{nl}파야우타에게 가보자.				
QUEST_LV_0500_20220830_002113	パヤウタが何か手がかりを見つけたらしいが……{nl}彼女と話し合って手がかりか何か知ろう。	파야우타가 무언가 단서를 찾았다고 하는데....{nl}그녀와 이야기를 해 단서에 대해서 알아보자.				
QUEST_LV_0500_20220830_002114	パヤウタが言っていた結界を調査	파야우타가 알려준 결계 조사				
QUEST_LV_0500_20220830_002115	パヤウタは結界を破りさえすれば、注視者が入っていった通路を使えるという。{nl}結界を調べてみよう。	파야우타는 결계를 뚫고 나가면 주시자가 들어간 통로를 사용할 수 있다고 말한다.{nl}결계를 조사해보자.				
QUEST_LV_0500_20220830_002116	普通の方法では結界を取り除くことはできなさそうだ。{nl}パヤウタと話し合おう。	일반적인 방법으론 결계를 제거할 수 없는 것 같다.{nl}파야우타와 이야기를 하자.				
QUEST_LV_0500_20220830_002117	結界を解除できないという難問に直面した。{nl}何か方法はないだろうか？{nl}パヤウタと話し合おう。	결계를 해제할 수 없어서 난관에 봉착했다.{nl}어떻게 해야할까?{nl}파야우타와 이야기를 해보자.				
QUEST_LV_0500_20220830_002118	結界解除スクロール探し	결계 해제 스크롤 찾기				
QUEST_LV_0500_20220830_002119	ラミン曰く、デルムーア・ルバイムが残した結界を解除できるスクロールが待合室のどこかにあるとのこと。{nl}実験室の方のモンスター達を倒し、結界解除スクロールを探そう。	라민은 대합실 어딘가에 델무어 르하임이 결계를 해제할 스크롤을 남겨놨다고 한다.{nl}실험실 쪽의 몬스터들을 처치해 결계 해제 스크롤을 찾자.				
QUEST_LV_0500_20220830_002120	ラミンが言っていた手がかりが見つかった気がする。{nl}ラミンと話し合おう。	라민이 말했던 단서를 찾은 거 같다.{nl}라민과 이야기를 해보자.				
QUEST_LV_0500_20220830_002121	ブリークフェレットを倒して%sを獲得	블릭페릿을 처치해 %s 획득				
QUEST_LV_0500_20220830_002122	ラミンと話し合う。	라민과 이야기하기				
QUEST_LV_0500_20220830_002123	結界解除スクロールを手に入れた。{nl}ラミンにスクロールの真偽について訊こう。	결계 해제 스크롤을 획득했다.{nl}라민에게 스크롤의 진위여부를 파악하자.				
QUEST_LV_0500_20220830_002124	結界の解除	결계를 해제하기				
QUEST_LV_0500_20220830_002125	手に入れたスクロールは、結界を解除できるスクロールで合っていたようだ。{nl}スクロールを使って結界を解こう。	가져온 스크롤은 결계를 해제할 수 있는 스크롤이었다.{nl}스크롤을 사용해서 결계를 해제하자.				
QUEST_LV_0500_20220830_002126	結界を解除した。{nl}ラミンに報告しよう	결계를 해제했다.{nl}라민에게 보고하자.				
QUEST_LV_0500_20220830_002127	結界を解除したことで辿り着いた隠し通路では、尋常ではないオーラが漂っている。{nl}ラミンと話し合い、対策をたてよう。	결계를 해제해서 도착한 숨겨진 통로에서 심상치 않은 기운이 느껴진다.{nl}라민과 이야기를 해서 대책을 생각해보자.				
QUEST_LV_0500_20220830_002128	ラミンと話している途中、闇のオーラと共に強い振動を感じた。{nl}ラミンと話し合い、対策をたてよう。	라민과 이야기를 하던 도중, 어둠의 기운과 함께 강한 진동이 느껴졌다.{nl}라민과 이야기를 해 대책을 세우자.				
QUEST_LV_0500_20220830_002129	今しがた起きた振動は、待合室で感じた振動よりも強く危険なものだと感じた。{nl}ラミンと話し合おう。	방금 전 진동은 대합실에서 느꼈던 진동보다 강하고, 위험해보인다.{nl}라민과 이야기를 해보자.				
QUEST_LV_0500_20220830_002130	襲ってきたモンスターを倒す	습격한 몬스터를 처치하기				
QUEST_LV_0500_20220830_002131	ラミンと隠し通路に話し合っていた途中、モンスターが襲ってきた！{nl}モンスターを倒そう。	라민과 숨겨진 통로에 대해서 이야기를 하던 도중 몬스터가 습격했다.{nl}몬스터들을 처치하자.				
QUEST_LV_0500_20220830_002132	モンスターの襲撃を片づけた	몬스터의 습격을 물리쳤다.				
QUEST_LV_0500_20220830_002133	モンスター達の襲撃を上手く乗り切った。{nl}ラミンと何をするべきか話し合おう。	몬스터들의 습격을 정리했다.{nl}라민과 이야기를 해 무엇을 해야할 지 알아보자.				
QUEST_LV_0500_20220830_002134	魔力制御装置を探す	마력 제어 장치 찾기				
QUEST_LV_0500_20220830_002135	ラミンはデルムーア・ルバイムが残した3つの魔力制御装置を掌握すれば、注視者が隠れている魔法結社の議事堂へ向かえると言う。{nl}魔力制御装置を見つけ出し操作してみよう。	라민은 델무어 르바임이 남긴 마력 제어 장치 3개를 장악하면 주시자가 숨어있는 마법 결사의 의사당으로 갈 수 있다고 말한다.{nl}마력 제어 장치를 찾은 뒤에 조작해보자.				
QUEST_LV_0500_20220830_002136	魔力制御装置を見つけたが、魔力が空になっているせいで制御できないようだ。{nl}ラミンに報告しよう。	마력 제어 장치를 찾았지만, 마력이 텅 비어서 제어할 수 없다고 한다.{nl}라민에게 보고하자.				
QUEST_LV_0500_20220830_002137	魔力制御装置に魔力がない事実を報告した。{nl}ラミンには何か対策があるのだろうか？{nl}ラミンに話を聞いてみよう。	마력 제어 장치에 마력이 없다는 사실을 라민에 보고했다.{nl}라민은 대책이 있는 걸까?{nl}라민과 이야기를 해보자.				
QUEST_LV_0500_20220830_002138	周辺のモンスターを倒す	주변 몬스터를 처치하기				
QUEST_LV_0500_20220830_002139	ラミンから受け取ったペンダントは魔力を集めることができるが、十分な量の魔力がまだ集まっていない。{nl}周辺のモンスターを倒して魔力を吸収しよう。	라민에게 받은 펜던트는 마력을 모을 수 있지만, 충분한 양의 마력이 모이지 않았다.{nl}주변 몬스터를 처치해 마력을 흡수하자.				
QUEST_LV_0500_20220830_002140	魔力を十分に集められたようだ。{nl}ラミンの元へ戻ろう。	이 정도면 마력이 충분히 모인 듯하다. {nl}라민에게 돌아가자.				
QUEST_LV_0500_20220830_002141	デルムーア連結路のモンスターを倒す	델무어 연결로의 몬스터 처치				
QUEST_LV_0500_20220830_002142	魔力制御装置の操作	마력 제어 장치 조작하기				
QUEST_LV_0500_20220830_002143	一つ目の魔力制御装置が稼働した。{nl}次は二つ目の魔力制御装置の場所を探さなければ。{nl}ラミンと話し合おう。	첫번째 마력 제어 장치를 가동했다.{nl}이제 두번째 마력 제어 장치의 위치를 찾아야한다.{nl}라민과 이야기를 해보자.				
QUEST_LV_0500_20220830_002144	二つ目の魔力制御装置へ向かう	두번째 마력 제어 장치로 가기				
QUEST_LV_0500_20220830_002145	二つ目の魔力制御装置に向かい、装置の状態を確認しよう。	두번째 마력 제어 장치로 가서 마력 제어 장치의 상태를 확인해보자.				
QUEST_LV_0500_20220830_002146	モンスター達の襲撃を避け、周辺が安全な場所へ移動した。{nl}ラミンと話し合おう。	몬스터들의 습격을 피해 주변의 안전한 장소로 이동했다.{nl}라민과 이야기를 하자.				
QUEST_LV_0500_20220830_002147	ラミンの兵士達が奇襲によって負傷してしまったようだ。{nl}ラミンと話し合おう。	라민의 병사들이 기습으로 인해서 부상을 당한 모양이다.{nl}라민와 이야기를 하자.				
QUEST_LV_0500_20220830_002148	二つ目の魔力制御装置を稼働させる	두 번째 마력 제어 장치 가동하기				
QUEST_LV_0500_20220830_002149	ラミンに教えてもらった二つ目の魔力制御装置の装置へ向かい、装置を稼働させよう。	라민이 알려준 두번째 마력 제어 장치의 위치로 가 장치를 가동하자.				
QUEST_LV_0500_20220830_002150	待ち伏せていたモンスターを倒す	매복해있던 몬스터 처치				
QUEST_LV_0500_20220830_002151	二つ目の魔力制御装置を作動させる	두번째 마력 제어 장치 작동시키기				
QUEST_LV_0500_20220830_002152	奇襲してきたモンスター達を倒したことでイネッサのペンダントに魔力が充分な量まで集まったようだ。{nl}二つ目の魔力制御装置を作動させてみよう。	기습한 몬스터들을 처치해 이네사의 펜던트에 충분한 마력이 모인 것 같다.{nl}두번째 마력 제어 장치를 작동시켜보자.				
QUEST_LV_0500_20220830_002153	二つ目の魔力制御装置を作動させた。{nl}ラミンは負傷したところの治療に専念しているため、パヤウタに話そう。	두번째 마력 제어 장치를 작동시켰다.{nl}라민은 부상을 치료 중이니 파야우타에게 가서 이야기를 하자.				
QUEST_LV_0500_20220830_002154	二つ目の魔力制御装置を稼働させた。{nl}ラミンが兵士達を見ている間にパヤウタと話し合おう。	두번째 마력 제어 장치를 가동시켰다.{nl}라민이 병사들을 돌보는 동안 파야우타와 이야기를 나눠보자.				
QUEST_LV_0500_20220830_002155	最後の魔力制御装置を稼働させる	마지막 마력 제어 장치 가동하기				
QUEST_LV_0500_20220830_002156	最後の魔力制御装置を稼働させよう。	마지막 마력 제어 장치를 가동하자.				
QUEST_LV_0500_20220830_002157	最後の魔力制御装置まで稼働させることができた。{nl}稼働させたことで物凄い轟音が聞こえたみたいだが……{nl}パヤウタと話し合おう。	마지막 마력 제어 장치까지 가동을 했다.{nl}마지막 마력 장치를 가동하니 뭔가 엄청난 굉음이 들렸는데...{nl}파야우타와 이야기를 해보자.				
QUEST_LV_0500_20220830_002158	今の轟音について、ラミンがあなたに話があるようだ。{nl}ラミンと会話をしよう。	방금 전 굉음으로 라민이 당신에게 용건이 있는 모양이다.{nl}라민과 이야기를 해보자.				
QUEST_LV_0500_20220830_002159	中央広場へ移動する	중앙 광장으로 이동하기				
QUEST_LV_0500_20220830_002160	ラミンは原因を調査するため、中央広場へ向かおうと言う。{nl}中央広場に移動して原因を調べてみよう。	라민은 원인을 조사하기 위해서 중앙 광장으로 가보자고 한다.{nl}중앙 광장으로 이동해 원인을 조사하자.				
QUEST_LV_0500_20220830_002161	ブリークフェレットフレイを倒す	블릭페릿 프레이 처치				
QUEST_LV_0500_20220830_002162	議事堂への進入	의사당으로 진입하기				
QUEST_LV_0500_20220830_002163	ブラックフェレットフレイを倒すとポータルが現れた。{nl}このポータルにのって魔法結社の議事堂へ向かおう。	블랙페릿 프레이를 처리하자, 포탈이 생겼다.{nl}이것을 타고, 마볍 결사의 의사당으로 가자.				
QUEST_LV_0500_20220830_002164	議事堂へ突入した。{nl}ラミンと話し合おう。	의사당에 진입했다.{nl}라민과 이야기를 해보자.				
QUEST_LV_0500_20220830_002165	注視者を追い、ついに魔法結社の議事堂へ辿り着いた。{nl}ラミンと話し合おう。	주시자를 쫓아 드디어 마법 결사의 의사당에 도착했다.{nl}라민과 이야기를 하자.				
QUEST_LV_0500_20220830_002166	魔法障壁の調査	마법 장벽 조사				
QUEST_LV_0500_20220830_002167	注視者がいそうな場所に魔力障壁が張ってあるらしい。{nl}まずはそれについて調べてみよう。	주시자가 있을 법한 장소에 마력 장벽이 쳐져 있다고 한다.{nl}그것에 대해 조사해보자.				
QUEST_LV_0500_20220830_002168	魔力障壁は何かの力によって塞がれているみたいだ。{nl}調査した結果をラミンに報告しよう。	마력 장벽은 무언가의 힘에 의해 막혀있는 거 같다.{nl}조사 결과를 라민에게 보고하자.				
QUEST_LV_0500_20220830_002169	パヤウタが魔法障壁の突破口に気付いたみたいだ。{nl}パヤウタと話し合おう。	마법 장벽의 돌파구를 파야우타가 알고 있는 모양이다.{nl}파야우타와 이야기를 해보자.				
QUEST_LV_0500_20220830_002170	マティネスを除去する	머티니스 제거하기				
QUEST_LV_0500_20220830_002171	パヤウタの話によると、魔法障壁と注視者に魔力を供給している3つのマティネスがあるらしい。{nl}順を追って1つずつ取り除いていこう。	파야우타의 말에 의하면 마법 장벽과 주시자에게 마력을 공급하는 3개의 머티니스가 있다고 한다.{nl}순서대로 하나씩 제거해보자.				
QUEST_LV_0500_20220830_002172	マティネスがあるらしい。{nl}順を追って1つずつ取り除いていこう。	머티니스가 있다고 한다.{nl}순서대로 하나씩 제거해보자.				
QUEST_LV_0500_20220830_002173	待ち伏せていたモンスターの処理	매복하고 있던 몬스터 처치				
QUEST_LV_0500_20220830_002174	変性のプロパゲーターを倒す	변질의 전파자 처치				
QUEST_LV_0500_20220830_002175	3つのマティネスを取り除いたことで魔法障壁が消滅した。{nl}注視者の所へ向かおう。	세 개의 머티니스를 제거하니 마법 장벽이 사라졌다.{nl}주시자가 있는 곳으로 향하자.				
QUEST_LV_0500_20220830_002176	目の前に立ち塞がる変性のプロパゲーターを倒そう。	앞을 가로막는 변질의 전파자를 처리하자.				
QUEST_LV_0500_20220830_002177	注視者を阻止せよ	주시자 저지하기				
QUEST_LV_0500_20220830_002178	戦いの末に変性のプロパゲーターを倒した。{nl}次は注視者を止めなければならない。	변질의 전파자를 처리했다.{nl}이제 주시자를 막아야 한다.				
QUEST_LV_0500_20220830_002179	注視者がパヤウタを連れ去ってしまった。{nl}これから一体どうすれば……？{nl}ラミンと話し合おう。	주시자가 파야우타를 데리고 갔다.{nl}이제 어떻게 해야할까?{nl}라민과 이야기를 해보자.				
QUEST_LV_0500_20220830_002180	注視者がパヤウタを連れ去ってしまった。{nl}これから一体どうすれば……？{nl}ラミンと話し合おう	주시자가 파야우타를 데리고 갔다.{nl}이제 어떻게 해야할까?{nl}라민과 이야기를 해보자				
QUEST_LV_0500_20220830_002181	ラミン大将軍は注視者の跡を探すため、カオニーラ姫の元へ向かった。{nl}その間に、この件についてオルシャの領主と話し合おう。	라민 대장군은 주시자의 흔적을 찾기 위해서 카오닐라 공주에게 향했다.{nl}그 동안의 일을 오르샤의 영주와 이야기를 하자.				
QUEST_LV_0500_20220830_002182	オルシャの調査員と話す	오르샤 조사원과 이야기하기				
QUEST_LV_0500_20220830_002183	イネッサ・へモンデール曰く、魔法結社の議事堂を中心に調査を進めているらしい。{nl}魔法結社の議事堂へ向かい、調査員と会おう。	이네사 헤먼데일이 마법 결사의 의사당을 중심으로 조사를 진행하고 있다고 한다.{nl}마법 결사 의사당으로 가서 조사원을 만나자.				
QUEST_LV_0500_20220830_002184	オルシャ調査員と会話する	오르샤 조사원에게 이야기하기				
QUEST_LV_0500_20220830_002185	オルシャ調査員の話を聞き、根っこの水晶内部へ入ることにした。	오르샤 조사원의 이야기를 듣고, 뿌리 수정의 내부로 들어가기로 했다.				
QUEST_LV_0500_20220830_002186	[ゴッデスレイド：激動の核]をクリアする	[가디스 레이드 : 격동의 핵] 클리어하기				
QUEST_LV_0500_20220830_002187	[ゴッデスレイド：激動の核]を完遂してください	[가디스 레이드 : 격동의 핵]을 완수하세요				
QUEST_LV_0500_20220830_002188	オルシャ調査員と話し合いましょう	오르샤 조사원과 이야기하세요				
QUEST_LV_0500_20220830_002189	デルムーア激戦地で調査をしていたオルシャ軍から情報が入ったようだ。{nl}オルシャの領主イネッサ・ヘモンデールと話し合おう。	델무어 격전지에서 조사를 하던 오르샤 군에게서 정보가 들어온 모양이다.{nl}오르샤의 영주 이네사 헤먼데일과 이야기를 하자.				
QUEST_LV_0500_20220830_002190	デルムーア待合室へ向かい、ラミン大将軍と合流する	델무어 대합실로 가 라민 대장군과 합류하기				
QUEST_LV_0500_20220830_002191	イネッサの話によると、ラミン大将軍とパヤウタは既にデルムーア待合室へ向かったらしい。{nl}デルムーア庭園を越えて、デルムーア待合室へ向かおう。	이네사에 말에 따르면 라민 대장군과 파야우타는 이미 델무어 대합실로 향한거 같다.{nl}델무어 정원을 넘어 델무어 대합실로 가자.				
QUEST_LV_0500_20221117_002192	啓示者様、先日は激動の核調査中に「変性のプロパゲーター」を倒していただきありがとうございました。	계시자님, 지난번 격동의 핵 조사 중에 변질의 전파자를 처리해주셔서 감사합니다.				오르샤 조사원
QUEST_LV_0500_20221117_002193	変性のプロパゲーターが倒れ、{nl}調査を進めていた途中で、今まで見たことがない新たな類のモンスターが見つかりました。	변질의 전파자를 처리하고,{nl}조사를 진행하던 와중에 이때까지 본 적 없던 새로운 종류의 몬스터가 발견되었습니다.				오르샤 조사원
QUEST_LV_0500_20221117_002194	上半身は魔族の姿……そして下半身は馬のようなモンスターでした。	상체는 마족의 모습을 그리고 하체는 말과 같은 몬스터였습니다.				오르샤 조사원
QUEST_LV_0500_20221117_002195	その怪物に見つかる前に、何とか逃げ出すことはできました。しかし……調査をするにあたって、アレを避けては通れないでしょう……	그 괴물에 발각되기 전에 도망은 쳤지만, 그것을 피해서 조사하는 것은 어려울 거 같습니다.				오르샤 조사원
QUEST_LV_0500_20221117_002196	啓示者様のお力が必要です。	계시자님의 도움이 필요합니다.				영주 호위병
QUEST_LV_0500_20221117_002197	調査を進めるためにも、激動の核の中にいるあの怪物を一刻も早く倒さなければなりません。	조사 진행을 위해 격동의 핵 안의 괴물을 빨리 처리해야 합니다.				오르샤 조사원
QUEST_LV_0500_20221117_002198	オルシャ調査	오르샤 조사				
QUEST_LV_0500_20221117_002199	モンスターを倒してくださったのですね。	몬스터를 처치해주셨군요.				오르샤 조사
QUEST_LV_0500_20221117_002200	この事は、私の方から領主様へ報告いたします。{nl}今回もご協力いただきありがとうございました。	저는 이 사실을 영주님께 보고를 드리겠습니다.{nl}협력해주셔서 감사합니다.				오르샤 조사
QUEST_LV_0500_20221117_002201	ジャガーになったからといって油断すれば、敵にとって都合のいい的になる。	재규어가 되었다고 방심하면 적들의 표적이 된다.				[재규어 마스터] 엘 이트샤
QUEST_LV_0500_20221117_002202	これからは、ジャガーとして己を鍛えるように。	이제 재규어로서 자신을 단련하도록.				[재규어 마스터] 엘 이트샤
QUEST_LV_0500_20221117_002203	怠けてないで、さっさと鍛錬に行ってこい。	게으름 피우지 말고, 어서 가서 자신을 단련해라.				[재규어 마스터] 엘 이트샤
QUEST_LV_0500_20221117_002204	ご苦労だった。{nl}ジャガーとして常日頃からの鍛錬を忘れるな。	고생했다.{nl}항상 재규어로서 단련을 잊지 말도록.				[재규어 마스터] 엘 이트샤
QUEST_LV_0500_20221117_002205	そして、敵を苦しませてから女神の元へ送れ。	그리고 적들을 고통스럽게 여신의 곁으로 보내라.				[재규어 마스터] 엘 이트샤
QUEST_LV_0500_20221117_002206	謎のモンスター：ファロウロス	의문의 몬스터 : 팔로우로스				
QUEST_LV_0500_20221117_002207	[ジャガー]狩人の証	[재규어] 사냥꾼의 증표				
QUEST_LV_0500_20221117_002208	他の用件を先に済ませてきます	다른 일이 먼저라고 한다.				
QUEST_LV_0500_20221117_002209	オルシャ調査員が激動の核で何かを発見したようだ。{nl}何が起きたのか確かめてみよう。	오르샤 조사원이 격동의 핵에서 무언가 발견한 모양이다.{nl}무슨 일인지 알아보자.				
QUEST_LV_0500_20221117_002210	激動の核：ファロウロスをクリアする	격동의 핵 : 팔로우로스 클리어하기				
QUEST_LV_0500_20221117_002211	激動の核に現れた謎のモンスターファロウロスを倒そう。	격동의 핵에 나타난 의문의 몬스터 팔로우로스를 처치하자.				
QUEST_LV_0500_20221117_002212	ファロウロスを倒した。{nl}オルシャ調査員にこの事を伝えよう。	팔로우로스를 쓰러뜨렸다.{nl}오르샤 조사원에게 이 사실을 전하자.				
QUEST_LV_0500_20221117_002213	ジャガーマスターはあなたがジャガーへとなるにあたって、ジャガーとしてやるべきことを教えてくれようとしているみたいだ。{nl}ジャガーマスターと話をしよう	재규어 마스터는 당신이 재규어가 됨으로써 재규어로써 해야할 일을 알려주려고 한다.{nl}재규어 마스터와 이야기하자				
QUEST_LV_0500_20221117_002214	ジャガーマスターから受けた依頼を片づける	재규어 마스터가 준 의뢰 처리하기				
QUEST_LV_0500_20221117_002215	ジャガーマスター曰く「ジャガーになったからといって鍛錬を怠るな」とのこと。{nl}ジャガーマスターから受けた依頼を遂行しに行こう。	재규어 마스터는 재규어가 되었다고 단련을 게을리하지 말라고 한다.{nl}재규어 마스터가 준 의뢰를 처리하자.				
QUEST_LV_0500_20230130_002216	啓示者様。パヤウタさんが連れ去られた件についてですが……あれから捜索を続けてはいるものの、手がかりとなりそうなものは未だ掴めていません……	계시자님, 파야우타 씨가 사라진 이후로 계속해서 수색을 진행하고 있지만, 단서가 될만한 것이 보이지 않고 있습니다.				이네사 헤먼데일
QUEST_LV_0500_20230130_002217	捜索をしつつ女神への祈祷も行いましたが、答えは得られず……	수색과 함께 여신께 기도를 올려도 아무런 답이 없으십니다.				이네사 헤먼데일
QUEST_LV_0500_20230130_002218	啓示者様に対してなら、何かしら答えを授けてくださるのではないでしょうか？	계시자님이라면 어떠한 답변을 들으실 수 있지 않을까요?				이네사 헤먼데일
QUEST_LV_0500_20230130_002219	どうか、女神の加護が啓示者様と共にあらんことを。	부디 여신의 가호가 계시자님과 함께 하길 바랍니다.				이네사 헤먼데일
QUEST_LV_0500_20230130_002220	お待ちしておりました、啓示者様。	기다리고 있었습니다. 계시자님.				라이마
QUEST_LV_0500_20230130_002221	ネリンガを啓示者様の元へ送り、貴方にわざわざここまで足を運んでもらった理由は、目の前に立ち塞がった2つの謎に対する答えとして……貴方に行く道を示すためです。	네링가를 통해서 계시자님을 이 곳으로 오도록 한 이유는, 눈 앞에 놓은 두 가지 의문에 대한 답으로 가는 길을 알려 드리기 위해서입니다. 				라이마
QUEST_LV_0500_20230130_002222	既にお気づきかもしれませんが……ええ、2つの謎とはまさしく、{#003399}パヤウタ{/}と注視者の行方についてです。	두 가지 의문이란, 바로 {#003399}파야우타{/}와 주시자의 행방일 것입니다.				라이마
QUEST_LV_0500_20230130_002223	2人のうち、世界を新たな危機に陥れる可能性を持つ注視者。まずは、その者の行方からお伝えしましょう。	그 중 세상을 또 다른 위기에 빠뜨릴 수 있는 주시자. 우선 그 자의 행방부터 알려드리도록 하지요.				라이마
QUEST_LV_0500_20230130_002224	注視者の本来の姿は魔神……その魔神としての姿を取り戻すため、ノヴァハへ向かっていきました。	주시자의 원래 모습은 마신... 그 마신의 모습을 되찾기 위해 노바하로 향했습니다.				라이마
QUEST_LV_0500_20230130_002225	あの者が非常に長い年月の中行った悪行の源は、封印されていた魔神の手袋をクルビナと混沌の力を利用して目覚めさせるため……	그 자의 그토록 오랜 세월간 악행의 원인은, 봉인해 둔 마신의 장갑을 크루비나와 혼돈의 힘으로 일깨우기 위함...				라이마
QUEST_LV_0500_20230130_002226	ここの女神像から、ノヴァハへ導きましょう。	이 곳의 여신상으로부터 노바하로 인도해 드리겠습니다.				라이마
QUEST_LV_0500_20230130_002227	あなたは……啓示者様ではありませんか……？{nl}どうしてここに……	계시자님, 아니십니까?{nl}여긴 어쩐 일로...				에드문다스
QUEST_LV_0500_20230130_002228	あ、私と妹はあの一件以来、村の人達とは暮らしていけないと思いまして……こうして、 ワラビの森で身を隠していたんです。	아, 저와 제 동생은 그 일 이후로, 마을 사람들과 살 수 없다고 생각해서, 이렇게 고사리 숲에서 은둔 중입니다.				에드문다스
QUEST_LV_0500_20230130_002229	随分とご無沙汰しておりましたし、私達のことお忘れなのかと思ってました。{nl}ここへは、どのようなご用件で……？	너무 오랜만이라 저희를 잊으신 줄 알았습니다.{nl}어쩐 일이십니까?				에드문다스
QUEST_LV_0500_20230130_002230	あの時……	그때...				에드문다스
QUEST_LV_0500_20230130_002231	ワラビの森で、魔術師の生贄になりそうだったところを、啓示者様が助けてくださいました。	고사리 숲에서 마법사의 희생양이 될 뻔했던 위기를 계시자님께서 구해주셨지요.				에드문다스
QUEST_LV_0500_20230130_002232	ですが、私達は実験体だった……。私達に沁みついているワラビの胞子が村の人達に伝染るかもしれないと思って、村へ戻れずにいたのです……	하지만 저희는 실험의 대상이었고, 저희가 지닌 고사리 포자가 마을 사람들에게 감염될 수도 있다고 생각해서 마을로 돌아가지 못하고 있습니다...				에드문다스
QUEST_LV_0500_20230130_002233	あれから私も徐々に回復していきましたが……	그 이후 저는 그럭저럭 회복이 되었지만....				에드문다스
QUEST_LV_0500_20230130_002234	妹のロゼは回復の兆しが到底見えません……{nl}どうすればいいのか、完全に手詰まりです。	제 동생 로제는 도저히 회복의 기미가 보이질 않습니다.{nl}어쩌면 좋을지 모르겠습니다.				에드문다스
QUEST_LV_0500_20230130_002235	引き続き周辺で採れそうな薬の材料とかを集めて、せめてロゼが倒れないようにすることだけでも精一杯なんです。	계속해서 주변에서 구할 수 있는 약재로 겨우 로제를 쓰러지지 않게 해줄 수 밖에 없습니다.				에드문다스
QUEST_LV_0500_20230130_002236	注視者……？	주시자요?				에드문다스
QUEST_LV_0500_20230130_002237	あの謎の魔術師……私達を実験体にしてた、あの魔術師の本来の名前なのですか？	그, 의문의 마법사, 저희를 실험 대상으로 썼던 그 마법사의 원래 이름인가요?{nl}저는 그를 본 적이 없습니다.				에드문다스
QUEST_LV_0500_20230130_002238	もしかしたら、あるいはロゼなら何か知っているかもしれないのですが……今の状態で話をするのは難しいと思います。	하지만 로제라면 무언가 알고 있을텐데 지금 상태로는 말하기 힘들 것 같습니다.				에드문다스
QUEST_LV_0500_20230130_002239	何としてでも、せめてこれ以上気力が落ちないようにしてあげないといけないのに……最近ゴブリン達の動きが酷くなってて、1人で出歩くこともできないんです。	어떻게든 기력이 더 떨어지지 않게 해줘야 하는데, 최근 부베들의 위협이 부쩍 심해져 혼자 움직일 수가 없습니다.				에드문다스
QUEST_LV_0500_20230130_002240	その……啓示者様。私はここでロゼを守ってあげないといけなくて……申し訳ないのですが、ロゼの薬として使っている赤ワラビを採取してきてはいただけませんか……？	그, 계시자님 제가 로제를 지켜야 하니, 로제의 약으로 쓸 붉은 고사리를 좀 구해주실 수 있을까요?				에드문다스
QUEST_LV_0500_20230130_002241	周辺で採れる赤い色をしたワラビです。{nl}ゴブリン達さえいなければ、私も行けたのですが……	주변에서 구할 수 있는 붉은 고사리입니다.{nl}부베놈들만 아니면… 제가 가도 되는데…				에드문다스
QUEST_LV_0500_20230130_002242	ありがとうございます……！{nl}よかった、これで薬を作れそうだ……	감사합니다.{nl}이걸로 약을 만들 수 있겠는데…				에드문다스
QUEST_LV_0500_20230130_002243	次は安全な場所へ向かいましょう。{nl}ここで薬を作るのは難しそうですし。	이제 안전한 곳으로 가야합니다.{nl}이곳에서 약을 만들기는 힘들 거 같거든요.				에드문다스
QUEST_LV_0500_20230130_002244	ゴブリン達がここ最近になって急に増えたのは、もしかして先ほど仰った注視者という人のせいなのですか？	부베들이 요즘 부쩍 많아진 것이 혹시 그 주시자 때문일까요?				에드문다스
QUEST_LV_0500_20230130_002245	ゴブリン達が多すぎて……ロゼにこれ以上怪我をしてほしくないのに……	부베들이… 너무 많아서… 로제가 다치면 안되는데…				에드문다스
QUEST_LV_0500_20230130_002246	啓示者様、私はロゼを連れて避難しておきます！	계시자님, 저는 로제를 데리고 피난처로 가겠습니다.				에드문다스
QUEST_LV_0500_20230130_002247	地図に場所を記しておきましたので、そこへ来てくださいね……！	장소를 지도에 표시해드렸으니 이곳으로 오시면 됩니다.				에드문다스
QUEST_LV_0500_20230130_002248	その……啓示者様……	저... 계시자님...				에드문다스
QUEST_LV_0500_20230130_002249	ゴブリン達から隠れて生活していたせいで、まともなものを口にしてなくて……	부베들을 피해다니면서 생활하던 터라 제대로 된 것을 먹지 못했습니다.				에드문다스
QUEST_LV_0500_20230130_002250	ロゼに何も食べさせないで薬を飲ますわけにもいきませんから……なにか……食べられそうなものを調達していただけますか？	로제가 약을 먹으려면 무언가 먹어야 하기도 해서... 어떻게 좀... 식량이 될 만한 걸 구해주실 수 있을까요?				에드문다스
QUEST_LV_0500_20230130_002251	ロゼの体調が本当によくなくて……{nl}どうかお願いします……！	로제가 너무 기력이 없어서... {nl}꼭 부탁드립니다.				에드문다스
QUEST_LV_0500_20230130_002252	本当に……本当にありがとうございます、啓示者様……	정말 감사합니다, 계시자님...				에드문다스
QUEST_LV_0500_20230130_002253	ロゼ、ロゼ。気がついたか？起きられそうか？	로제, 로제! 정신이 좀 드니? 				에드문다스
QUEST_LV_0500_20230130_002254	あ……え？ああ、うん。やっと、なにか……ちゃんと前が見えます。	아...아? 이제 좀 제대로 뭔가가 보여요.				로제
QUEST_LV_0500_20230130_002255	さっきまで目の前が真っ暗で……それに、足も地についてない感じだったんです……{nl}息も、うまく吸えなくて……	조금 전까지는 눈 앞이 깜깜한 채 발이 둥둥 떠 있는 것 같았거든요... {nl}숨도 잘 안쉬어지고…				로제
QUEST_LV_0500_20230130_002256	でも今は、やっと少しマシに────って、待って！	그런데 이제 좀 ...그런데!				로제
QUEST_LV_0500_20230130_002257	け、啓示者様だったのですか？ああ……！お久しぶりです……	계시자님이셨어요? 아아... 너무 반가워요...				로제
QUEST_LV_0500_20230130_002258	私、あの時啓示者様をああやって見送ってから……{nl}身体の調子が良くなったら村へ戻ってもう一度アンネにも顔を見せたり、行商人のみんなと会ったりしようしたんです……	저는... 그때 그렇게 계시자님을 보내고 나서...{nl}다시 건강해지면 마을로 돌아가서 안네도 만나고 행상인 친구들도 만나고 그러려고 했는데...				로제
QUEST_LV_0500_20230130_002259	でも、思ったようにうまくいきませんね……体力は徐々に衰えるし……しょっちゅう倒れるし……兄さんには苦労ばかりかけるし……	마음대로 안되었어요... 체력은 점점 약해지고... 자꾸만 쓰러지고... 오빠만 힘들게 하고...				로제
QUEST_LV_0500_20230130_002260	あ、そうだ注視者……その注視者！私達と私達の村をめちゃくちゃにしたあの魔術師……！私みました！	아! 네. 주시자! 그 주시자! 저희와 저희 마을을 만신창이로 만든 그 ... 마법사! 제가 봤어요!				로제
QUEST_LV_0500_20230130_002261	それでそれの魔術師……{nl}あ、えーっと、注視者ですっけ……？	그렇게 그 마법사...{nl}아, 주시자라고 하셨나요?				로제
QUEST_LV_0500_20230130_002262	その人はノヴァハ書庫へ向かいました。	녀석은 노바하 서고로 갔습니다.				로제
QUEST_LV_0500_20230130_002263	ノヴァハ書庫へ行けば、注視者って人の手がかりがあるはずです。	노바하 서고로 가면 주시자에 대한 단서가 있을 겁니다.				로제
QUEST_LV_0500_20230130_002264	私が案内します。	제가 안내해드릴게요. 				로제
QUEST_LV_0500_20230130_002265	書庫は本院の礼拝堂を通らなければなりません。{nl}早速向かいましょう啓示者様！	서고는 본원 예배당을 통해서 가야 해요.{nl}어서 가요, 계시자님!				로제
QUEST_LV_0500_20230130_002266	なに言ってるんだお前……！{nl}そんな状態で行くなんて無茶にもほどがある！お前今酷い状態なんだぞ……！	무슨 소리 하는거야.{nl}너 지금 많이 아픈 상태야.				에드문다스
QUEST_LV_0500_20230130_002267	今起きているのもやっとのくせに、その礼拝堂……しかも書庫まで行くっていうのか？	겨우 정신 차렸다고 해서 그 예배당에 서고까지 가겠다는 거야?				에드문다스
QUEST_LV_0500_20230130_002268	ダメだ。1人で行くのはぜーーったいダメだ。{nl}どうしても行くんだったら、僕も一緒に行くからな！	안돼, 혼자서는 안돼.{nl}꼭 가야한다면 나도 같이 가!				에드문다스
QUEST_LV_0500_20230130_002269	啓示者様……先ほどのモンスター達を見たでしょう？{nl}ロゼを案内役にするのは危険だとしか思えません……	계시자님... 방금 그런 몬스터들을 보니{nl}로제를 안내역으로 맡기기에는 위험하다는 생각밖에 들지 않습니다.				에드문다스
QUEST_LV_0500_20230130_002270	ロゼ、本当に大丈夫なのか……？	로제 정말 괜찮은거니....?				에드문다스
QUEST_LV_0500_20230130_002271	はあ……すみません啓示者様。妹をお願いします……{nl}ここまでくると、止めても聞きませんからね……	하아, 부탁드려요.{nl}이제는 제가 말려도 소용 없을 것 같아요...				에드문다스
QUEST_LV_0500_20230130_002272	兄さんが心配してくれてるのは分かるわ。	오빠가 걱정하는 거 알아.				로제
QUEST_LV_0500_20230130_002273	でも、これは私にしかできないことだと思うの。	하지만 이 일은 나밖에 할 수 없다고 생각해.				로제
QUEST_LV_0500_20230130_002274	啓示者様は今も世界を救おうと全力で頑張ってくださってる……{nl}それを手伝えるという、せっかくの機会が回ってきたというのに……{nl}痛いとか怖いってだけで逃げるなんてできないわよ。	계시자님도 지금 세상을 구하는 것에 전력을 다하시는데 그런 멋진 일을 돕는데{nl}아프고, 무섭다고 도망치면 안된다고 생각해.				로제
QUEST_LV_0500_20230130_002275	そこまで言われちゃあ……行くな、とはもう言えないな。{nl}でも、僕も最後までついていくからな。……気をつけさえすれば、何とかなるだろう、うん。	네가 그렇게 말하면 더 말리지는 못하겠다.{nl}하지만 나도 끝까지 따라갈거야. 조심하면 어떻게든 되겠지.				에드문다스
QUEST_LV_0500_20230130_002276	では啓示者様、書庫へ参りましょう。	계시자님, 서고로 가시죠.				에드문다스
QUEST_LV_0500_20230130_002277	……？なに……？{nl}ここに来たら、急に吐き気が……くらくらする……	어... 왜 이러지...{nl}여기 오니까 갑자기 소, 속이 울렁거리고 아찔하네요...				로제
QUEST_LV_0500_20230130_002278	すみません、ちょっと……ちょっとだけ待ってください……すぐ大丈夫になると思うので……	잠시, 조금만 쉬면, 조금만 기다리면 괜찮아질 거예요...				로제
QUEST_LV_0500_20230130_002279	目が痛くなってきました……	눈이 아파와요...				로제
QUEST_LV_0500_20230130_002280	おかしいなんで目が……目がどうして痛いの……目の前がぐちゃぐちゃあってなって……なんなの……？	이상하다... 눈이, 눈이 왜 아프지... 앞이 아찔... 아득해...				로제
QUEST_LV_0500_20230130_002281	いくらなんでも、あそこまで弱ってはいませんでした……{nl}行商人たるもの、ある程度の体力作りは基本でしたので……	저렇게까지 약하지는 않았어요.{nl}행상일을 하려면 체력이 기본이었으니...				에드문다스
QUEST_LV_0500_20230130_002282	でも……今のあの子はあまりにも、ひどく弱ってて……	그런데 너무 쇠약해져서...				에드문다스
QUEST_LV_0500_20230130_002283	まさかそんな……ゴブリンがこういった物を村の人達から奪っていたんですね……	네? 부베가 이런 것들을 마을사람들로부터 약탈한 거군요...				로제
QUEST_LV_0500_20230130_002284	あまり気分の良い話ではありませんが……気をとりなおして、もう一度しっかりしないと……！そうじゃなきゃ啓示者様をご案内することができませんからね。ありがたく受け取らせていただきます。	속상하지만... 기운을 차려야 또 계시자님을 안내할 수 있을 테니, 감사히 받을게요.				로제
QUEST_LV_0500_20230130_002285	おかげさまで少しだけ力が湧いてきました。{nl}目は……まだ痛いですけど……	이제 조금 기운이 나네요.{nl}눈은 여전히 아프지만...				로제
QUEST_LV_0500_20230130_002286	でもよく考えてみたら、私がここへ来てから容体が悪くなった理由って、この近く……ここの書庫から感じるなにか、良くない気配のせいだと思います。	그런데 가만 생각해보니, 제가 여기 도착해서 더 상태가 안 좋아진 건, 이 근처... 여기 서고에서 느껴지는 어떤... 꺼림칙하고 나쁜 기운 때문인 것 같아요.				로제
QUEST_LV_0500_20230130_002287	あの悪い気配のせいで……{nl}ゴブリン達がもっと凶暴になったに違いありません。	그... 사악한 기운 때문에...{nl}부베들도 더 포악해지고 사나워진 게 틀림없어요.				로제
QUEST_LV_0500_20230130_002288	どこからか少しずつ……段々とあの嫌な気配が濃くなっていってる気がします……{nl}	어떤 방향으로 점점....그 사악한 기운이 짙어지는 것이 느껴져요.{nl}여기, 무언가 있는 게 확실해요.				로제
QUEST_LV_0500_20230130_002289	私が……気配が濃くなってきている方へ案内します。{nl}目の痛みや眩暈が酷くなる方向へ……進めば……	제가... 기운이 짙어지는 쪽으로 안내할게요.{nl}눈이 더 아프고 아찔해지는 방향으로... 가면...				로제
QUEST_LV_0500_20230130_002290	もう十分だから、ロゼ……あまり無理しないでくれ、本当に頼むから……	다 좋은데 로제, 너무 무리하지 말자, 제발...				에드문다스
QUEST_LV_0500_20230130_002291	これは……なんだか……管楽器のリード……？みたいな部分に似てますね。{nl}いや……笛なのかな……？	이건... 무슨... 관악기의 리드 부분 같이 생겼어요.{nl}피리인가?				로제
QUEST_LV_0500_20230130_002292	ともかく、あの嫌な気配が辺りに満ちてます……	어쨌든 그 사악한 기운이 가득 서려 있어요.				로제
QUEST_LV_0500_20230130_002293	凄く邪悪で、不吉な感じ……それから……あの奥にあるのはなんでしょうか？	사악하고 불길함이... 그리고 저 안에 있는 것은 뭘까요?				로제
QUEST_LV_0500_20230130_002294	間違いありません……きっと例の注視者って人に関係していものかも……！	틀림없이 그 주시자와 관련이 있어요! 				로제
QUEST_LV_0500_20230130_002295	これが何なのか、まずは確かめないといけないのに……	이걸 알아봐야 할 텐데...				로제
QUEST_LV_0500_20230130_002296	あのカプセルを持っていくわけにもいきませんし……この管楽器のリードみたいな物が何なのか、それを先に確かめた方が……	저 캡슐을 들고 갈 수는 없으니 이 관악기 리드 같은 게 뭔지부터 알아보면...				로제
QUEST_LV_0500_20230130_002297	そ、そうすれば、私の頭痛や目の痛みも、少しはマシになりそうです。	그, 그래야 제 머리랑 눈이 좀 덜 아플 것 같아요.				로제
QUEST_LV_0500_20230130_002298	……ロゼ、すごく辛そうです……どうしよう……どうしましょう……	아... 로제가 많이 아픈가 봐요... 어쩌지, 어쩌죠...				에드문다스
QUEST_LV_0500_20230130_002299	ぼ──私は近くに鎮痛効果を持つ薬草がないか探してみますので、啓示者様はその管楽器のリードみたいな物を持って行って、ソレが何なのか調べてみてはどうでしょうか……？	제가 주변에서 진통제로 쓸만한 약초를 구해 볼테니, 계시자님은 그 악기 리드 부분을 가지고 가셔서 그게 뭔지 알아보시면 어떨까요?				에드문다스
QUEST_LV_0500_20230130_002300	それが何かわかれば……ロゼの痛みも、きっと少しはマシになるかもしれませんから……	그게 뭔지 알아야 로제의 통증이 나아질테니까요...				에드문다스
QUEST_LV_0500_20230130_002301	えっと────そうだ。オルシャの魔法協会とか、そこの関係者の方とかに聞けば、教えていただけるのではないでしょうか！	그... 오르샤의 마법협회 같은 곳에 가서 물어보면 알려줄 거예요.				에드문다스
QUEST_LV_0500_20230130_002302	頭が凄く痛くて……目も……うぅ……	머리가... 눈이... 너무 아파요.				로제
QUEST_LV_0500_20230130_002303	その、笛の、リードみたいな部分が何なのか、早く確かめないと……	그 피리의 리드 부분이 뭔지 빨리 알아야 해요...				로제
QUEST_LV_0500_20230130_002304	ようこそ。魔法協会オルシャ支部です。	어서오세요. 마법협회 오르샤 지부입니다.				플로아나
QUEST_LV_0500_20230130_002305	何かお探しですか？	무엇을 찾으시나요?				플로아나
QUEST_LV_0500_20230130_002306	はい、何かご入用ですか？	도와드릴 게 있나요?				플로아나
QUEST_LV_0500_20230130_002307	失礼、拝見いたします。……そうですね。お手元にあるそちらの物は、確かに管楽器のリードに該当する物かと思われます。	흠. 들고 계신 그 물건은, 확실히 관악기의 리드 부분이군요.				플로아나
QUEST_LV_0500_20230130_002308	それから……微かではありますが、パイドパイパーマスターであるヨガイーラ様の刻印が残っているようです。	그리고... 희미하지만, 파이드 파이퍼 마스터이신 요가일라 님의 각인이 남아 있는 것으로 보입니다.				플로아나
QUEST_LV_0500_20230130_002309	パイドパイパーマスターのヨガイーラ様の元を訪ねてみてはどうでしょう？きっと啓示者様が知りたいと思う疑問について、確かな答えをくださると思います。	아마, 파이드 파이퍼 마스터 요가일라 님을 찾아가시면 확실한 답을 들으실 수 있을 것입니다.				플로아나
QUEST_LV_0500_20230130_002310	ちょうど、ヨガイーラ様は暫くの間イサウゴティ森へ立ち寄る予定だったと伺っております。オルシャからもそう遠く離れていない場所ですし、啓示者様が直接向かわれた方が早いかもしれません。	마침 파이드 파이터 마스터님은 오르샤에서 멀지 않은 이사우고티 숲에 잠시 와 계시니, 가서 만나보시기 바랍니다.				플로아나
QUEST_LV_0500_20230130_002311	おやおや、啓示者様ではありませんか。お久しぶりです。	아, 계시자님 오랜만에 뵙습니다.				파이드 파이퍼 마스터
QUEST_LV_0500_20230130_002312	最近はどのように過ごされていたのですか？思ってたよりも息災なようで何よりです。	잘 지내셨나요?				파이드 파이퍼 마스터
QUEST_LV_0500_20230130_002313	……分かっていますよ。あなたが何のためにここへいらしたのか。	무슨 일로 오셨는지는 알고 있습니다.				파이드 파이퍼 마스터
QUEST_LV_0500_20230130_002314	……そうですね。もう話しても良い頃合いでしょう。	이제는 이야기할 때가 됐군요.				파이드 파이퍼 마스터
QUEST_LV_0500_20230130_002315	ええ。これぞまさしく、私が作った	이건 바로 제 				파이드 파이퍼 마스터
QUEST_LV_0500_20230130_002316	秘密の調べ	비밀의 곡조				파이드 파이퍼 마스터
QUEST_LV_0500_20230130_002317	────だったモノの一部です。{nl}こうして寿命を終えてリードだけが残っているということは…………どうやら、あの『手袋』が、目を覚ましたようですね。	라는 것의 일부입니다.{nl}이렇게 수명을 다하고 리드만 남은 것을 보니 아마 그 장갑이 깨어난 모양이군요.				파이드 파이퍼 마스터
QUEST_LV_0500_20230130_002318	いや、正確には────	아니 정확하게 말하면 				파이드 파이퍼 마스터
QUEST_LV_0500_20230130_002319	戻ってきた	돌아왔다				파이드 파이퍼 마스터
QUEST_LV_0500_20230130_002320	と、言うべきでしょうか。	라고 해야되려나요.				파이드 파이퍼 마스터
QUEST_LV_0500_20230130_002321	説明すると長くなってしまいますので単刀直入に、且つ正直に話しましょう。	긴 설명을 드릴 수는 없을테고, 계시자님이시니 솔직하게 고백하겠습니다.				파이드 파이퍼 마스터
QUEST_LV_0500_20230130_002322	私は注視者────魔族である魔神{#003399}スローガティス{/}とある取引をしました。私がアムジナスになる────即ち永遠の命を持つことと、注視者が再び{#003399}スローガティス{/}になるための『手袋』を取り戻せるよう手を貸す……この2つを交換したのです。	저는 주시자, 마족이자 마신인 {#003399}슬로거티스{/}와 거래를 했습니다. 제가 암지나스가 되는 것과, 주시자가 다시 {#003399}슬로거티스{/}가 될 수 있도록 장갑을 돌아오게 도와주는 것을 교환하였죠.				파이드 파이퍼 마스터
QUEST_LV_0500_20230130_002323	しかし『手袋』が戻った今、{#003399}スローガティス{/}との取引は既に完了したと言えましょう。私は1人の『人間』のマスターとして、この件を収拾しなければなりませんね。	하지만 이제 장갑은 돌아왔으니, {#003399}슬로거티스{/}와의 거래는 완료된 셈이고 저는 한 사람의 인간 마스터로서 이 일을 수습해야겠네요.				파이드 파이퍼 마스터
QUEST_LV_0500_20230130_002324	ひとまず、私がこのリードでもう一度何かしら『調べ』を作りましょう。	일단 제가 이 리드로 다시 어떤 곡조를 만들어드리죠.				파이드 파이퍼 마스터
QUEST_LV_0500_20230130_002325	それで────ああ、そういえば。カプセルに入っていると仰ってましたよね。	그걸로 ... 아, 캡슐에 들어있다고 하셨죠.				파이드 파이퍼 마스터
QUEST_LV_0500_20230130_002326	ええ。そのカプセルを壊せる『調べ』をお渡しします。	네. 그 캡슐을 깰 수 있는 곡조를 드리겠습니다.				파이드 파이퍼 마스터
QUEST_LV_0500_20230130_002327	私はマスターとして王国に縛られている身ですので……。いずれにせよ、秘密の調べを作り出した者として直接足を運ぶことができない点については、どうかご容赦を。	마스터로 왕국에 매인 몸이기도 하고, 어쨌든 비밀의 곡조를 내줬던 사람으로서 직접 나서지 못함을 용서하십시오.				파이드 파이퍼 마스터
QUEST_LV_0500_20230130_002328	啓示者様なら、この『調べ』でカプセルを容易く壊せるでしょう。	계시자님이라면 이 곡조로 캡슐을 쉽게 깰 수 있을 겁니다.				파이드 파이퍼 마스터
QUEST_LV_0500_20230130_002329	その後は……ええ、お察しの通り。……健闘を祈っておきますね。	그 다음은... 잘 아시는 바 대로.				파이드 파이퍼 마스터
QUEST_LV_0500_20230130_002330	そのリードみたいな物がどんな物か、分かったのですか？	그게 뭔지 알아보셨나요?				로제
QUEST_LV_0500_20230130_002331	私は……はい、兄が採ってきてくれた薬草のおかげで、もう少し頑張れそうです。	저는 오빠가 구해 준 약초 덕분에 조금 견딜 만해졌어요.				로제
QUEST_LV_0500_20230130_002332	もしかして、そのリードみたいな物を啓示者様が持って行ってくれたからなのかな……	어쩌면 그 리드 같은 걸 계시자님이 가지고 가 주셔서 그랬나...				로제
QUEST_LV_0500_20230130_002333	あ……やっぱり、それって笛のリードの部分だったんですね？	아... 역시, 그건 피리의 리드 부분이었군요?				로제
QUEST_LV_0500_20230130_002334	パイドパイパーマスター様のところまで訪ねてくださったんです。これでやっと、ここの悪い気配を止めることができますよね？	파이드 파이퍼 마스터님까지 만나보고 오셨으니 이제 이 사악한 기운을 멈출 수 있겠죠?				로제
QUEST_LV_0500_20230130_002335	パイドパイパーマスター様は、この大きなカプセルの存在も知っていたんですね……	파이드 파이퍼 마스터님은 이 커다란 캡슐의 존재까지 알고 계셨군요...				로제
QUEST_LV_0500_20230130_002336	悪い気配が漂っていたリードのような物で、このカプセルを壊せる楽器を作ってくださるなんて……{nl}不思議なお方ですね……	사악한 기운이 서려 있던 리드 같은 걸로 이 큰 캡슐을 파괴할 악기를 만들어 주시다니... {nl}신비한 분이시군요....				로제
QUEST_LV_0500_20230130_002337	アムジナス？	암지나스요?				로제
QUEST_LV_0500_20230130_002338	えっと、難しいことはよく分かりませんが……	그런 어려운 건 잘 몰라도...				로제
QUEST_LV_0500_20230130_002339	っああ……！頭が……また……！	아악, 다시 머리가!				로제
QUEST_LV_0500_20230130_002340	啓示者様、ためらわずに、その楽器でこのカプセルを壊してください……！	계시자님, 지체하지 말고 그 악기로 이 캡슐을 파괴해주세요!				로제
QUEST_LV_0500_20230130_002341	ここの悪い気配が、もっと広まったら……その、注視者って人が……世界を……	이 사악한 기운이 더 퍼져나가면... 그 주시자가... 세상을... 				로제
QUEST_LV_0500_20230130_002342	啓示者様……！ロゼが……！た、たた助けに行かないと……！！	계시자님, 로제를 구해야 해요!!				에드문다스
QUEST_LV_0500_20230130_002343	私は先に懺悔の祈祷室へ向かいます！	저 먼저 참회의 기도실로 가겠습니다!				에드문다스
QUEST_LV_0500_20230130_002344	なんとか……なんとかしてロゼを守らないといけないのに……{nl}私は……自分がこんな兄で……本当に……本当に恥ずかしいです……	어떻게든... 어떻게든 로제를 지켜야 하는데...{nl}이런 정도의 오빠라니 너무 부끄럽습니다...				에드문다스
QUEST_LV_0500_20230130_002345	いざモンスター達が迫ってくるのを見ると……怖気づいて……そのまま……	막상 몬스터들이 몰려오니 겁이 나서 그만...				에드문다스
QUEST_LV_0500_20230130_002346	こんなんで妹を守れるのでしょうか……	이대로 동생을 지킬 수 있을까요...				에드문다스
QUEST_LV_0500_20230130_002347	今も、啓示者様がいらっしゃらなければ私は死んでいたでしょう……{nl}はは……震えがまだ止まりません……	지금도 계시자님이 안계셨으면 전 죽었을 겁니다...{nl}지금도 덜덜 떨려요... 				에드문다스
QUEST_LV_0500_20230130_002348	今までも助けていただいて……迷惑をおかけしたのに、また力を貸してくださるなんて……本当に……本当にありがとうございます……	지금까지도 도와주셨는데, 다시 나서주시다니 정말 감사합니다...				에드문다스
QUEST_LV_0500_20230130_002349	絶対……絶対ですよ……！妹を助けてください……お願いします……	꼭, 꼭 동생을 구해주셔야 합니다...				에드문다스
QUEST_LV_0500_20230130_002350	それが亡くなった父と母との約束でもあるんです……	그게 돌아가신 부모님과의 약속을 지키는 길이에요...				에드문다스
QUEST_LV_0500_20230130_002351	み、見ましたか、啓示者様？	보셨습니까, 계시자님?				에드문다스
QUEST_LV_0500_20230130_002352	直接役に立つことはできませんでしたが、見たものを伝えることだけでもできてよかったです！	제가 직접 도움은 안되었지만, 본 것은 말씀드릴 수 있어서 다행이에요!				에드문다스
QUEST_LV_0500_20230130_002353	ゴブリン達が倒れながらスクロールを落としていきました！	부베들이 쓰러지면서 스크롤을 떨어뜨렸습니다!				에드문다스
QUEST_LV_0500_20230130_002354	間違いなく、このスクロールに何か手がかりがあるはずです！	틀림없이, 이 스크롤에 단서가 있을 겁니다!				에드문다스
QUEST_LV_0500_20230130_002355	これは……どれどれ……	이건... 어디보자...				에드문다스
QUEST_LV_0500_20230130_002356	{@st66d_y}{s25}魔族指令書{/}{/}{nl}注視者様から儀式が執り行われている間、封印石を守れとの命が下された。{nl}第一祈祷室と第二祈祷室にある封印石の警護を徹底して行うように。	{@st66d_y}{s25}마족지령서{/}{/}{nl}주시자님께서 의식이 진행될 동안 봉인석을 지키라고 명하셨다.{nl}제 1 기도실과 제 2 기도실에 있는 봉인석을 철저히 방어해라.				PC
QUEST_LV_0500_20230130_002357	注視者が封印石を利用して作り上げた結界だ	주시자가 봉인석을 이용해 만든 결계다.				
QUEST_LV_0500_20230130_002358	うぅ……私は、まだ戦えるほどの力を持っていなくて……{nl}せめて啓示者様の邪魔にならないようにと……{nl}身を隠そうとしたのですが……情けないことに、このザマです……ですが大した傷ではありません……	으윽... 저는 아직은 전투 능력이 없어서....{nl}최소한 계시자님께 방해는 되지 말아야겠어서...{nl}숨다가 그만.. 좀, 다친 것 같습니다....				에드문다스
QUEST_LV_0500_20230130_002359	私のことは……どうか……構わ……ず……	신경쓰지 마시...고...				에드문다스
QUEST_LV_0500_20230130_002360	第二祈祷室にある封印石を壊しにいきましょう……	이제 제 2 기도실에 있는 봉인석을 파괴하러 가시죠...				에드문다스
QUEST_LV_0500_20230130_002361	第二……祈祷室は……ど、こだったかな……	제 2 기도실은 어디...지....				에드문다스
QUEST_LV_0500_20230130_002362	うっ………	윽...				에드문다스
QUEST_LV_0500_20230130_002363	純粋な人間ほど忠実な部下にするのは難しいものだな。	순수한 인간으로는 충실한 부하를 만들기 어렵군.				주시자
QUEST_LV_0500_20230130_002364	純粋さという愚かどころか、呪いと大して変わらないものなど……	순수함 따윈 볼품없고, 저주와 마찬가지인 것을....				주시자
QUEST_LV_0500_20230130_002365	ロゼ……まだ……まだ、ロゼにしてやりたいことが沢山あったのに……	로제... 아직 못해준 게 너무 많은데...				에드문다스
QUEST_LV_0500_20230130_002366	ごめ……ごめんなぁ……本当にごめんなぁ……ろぜぇ……	미안해... 오빠가  미안하구나...				에드문다스
QUEST_LV_0500_20230130_002367	啓示者様。もしお時間があるようでしたら、一つだけ問題を解決していただけませんか？領主様へはどうかご内密にお願いします。	계시자님, 혹시 바쁘시지 않다면 영주님 몰래 한가지 일을 해결해주실 수 있으십니까?				영주 호위병
QUEST_LV_0500_20230130_002368	現在ノヴァハと重ね橋の森で夜な夜な少女の悲鳴が聞こえるという話を聞いて、調査を行っているんです。	현재 노바하와 덧댄다리 숲에서 밤마다 소녀의 비명소리가 들린다는 소리를 듣고 조사를 하고 있습니다.				영주 호위병
QUEST_LV_0500_20230130_002369	その声はノヴァハの方へ近づけば近づくほど大きくなるそうなのですが……	이 소리는 노바하 쪽에 가까워지면 가까워질 수록 커진다고 하는데...				영주 호위병
QUEST_LV_0500_20230130_002370	領主様は現在パヤウタ様と注視者の捜索や苦情の処理に手を尽くしている故、動くことができません。	현재 파야우타님과 주시자를 찾고, 민원을 처리하는데 영주님이 전력을 쏟고 계셔서 움직일 수가 없으십니다.				영주 호위병
QUEST_LV_0500_20230130_002371	ですので、この件について調査をお願いしたいのです。	이 일에 대해서 조사를 해주십시오.				영주 호위병
QUEST_LV_0500_20230130_002372	あれ？啓示者様？{nl}どうしてここに……？	어, 계시자님?{nl}여긴 어쩐 일로?				큐폴 루타
QUEST_LV_0500_20230130_002373	私は香炉の中にあるロゼという少女の魂を定期的に浄化するために来たんです。	저는 향로 안에 있는 로제의 영혼을 정기적으로 정화하기 위해서 왔습니다.				큐폴 루타
QUEST_LV_0500_20230130_002374	えっ……？彼女の悲鳴で、オルシャでは騒ぎが…？	네? 로제의 비명소리로 오르샤에서 난리라고요?				큐폴 루타
QUEST_LV_0500_20230130_002375	ただ浄化するだけでは解決できるものではなさそうですね……	단순 정화로는 해결이 안되는 거 같군요.				큐폴 루타
QUEST_LV_0500_20230130_002376	……啓示者様。ロゼを止めに行きましょう。	계시자님. 로제를 제압하러 가시죠.				큐폴 루타
QUEST_LV_0500_20230130_002377	僭越ながらこの私、ルタが啓示者様をお助けします……！	저 루타가 계시자님을 돕겠습니다.				큐폴 루타
QUEST_LV_0500_20230130_002378	注視者の力が魂をおびき寄せているせいで、周期的にこのような現象が起きているようです。	주시자의 힘이 영혼을 더럽혀서 주기적으로 이런 현상이 발생할 거 같네요.				큐폴 루타
QUEST_LV_0500_20230130_002379	啓示者様の助けが必要です……！	계시자님의 힘이 절실할 거 같습니다.				큐폴 루타
QUEST_LV_0500_20230130_002380	────啓示者様の旅路に、平穏があらんことを……	계시자님의 모험에 평안이 있기를... 				파이드 파이퍼 마스터
QUEST_LV_0500_20230130_002381	エドムンダスは魂が抜けたような顔で、静かにその場から立ち去った	에드문다스는 넋이 나간 듯, 조용히 자리를 떠났다.				PC
QUEST_LV_0500_20230130_002382	オルシャの広告板	오르샤 공고판				
QUEST_LV_0500_20230130_002383	ノヴァハ地域のゴブリンの掃討を引き受けてくださる冒険家を募集しています	노바하 지역의 부베를 잡아주실 모험가를 모집하고 있습니다.				오르샤 공고판
QUEST_LV_0500_20230130_002384	ゴブリンを討伐した方はオルシャへ立ち寄って報酬を受け取って行ってください	부베를 잡으시고, 오르샤로 오셔서 보상을 받아기십시오.				오르샤 공고판
QUEST_LV_0500_20230130_002385	依頼に関するチラシが貼られている掲示板だ	의뢰에 관련 공고들이 모여있는 게시판이다.				오르샤 공고판
QUEST_LV_0500_20230130_002386	オルシャ領主の警備兵	오르샤 영주 경비병				
QUEST_LV_0500_20230130_002387	これはこれは啓示者様。本日はどのようなご用件で？	계시자님, 무슨 일로 오셨습니까?				오르샤 영주 경비병
QUEST_LV_0500_20230130_002388	え？あの依頼をご覧になったのですか？	네? 이 의뢰를 보고 오셨다고요?				오르샤 영주 경비병
QUEST_LV_0500_20230130_002389	ノヴァハの方は、人員少ないうえに志願してくれる冒険家さんの方もいらっしゃらないので苦労が絶えないのですが……	노바하 쪽은 지금 인력이 없고, 자원하시는 모험가분도 없으셔서 고생이 많았는데....				오르샤 영주 경비병
QUEST_LV_0500_20230130_002390	魔法協会オルシャ支部では、ポクブーの牙を提供してくださる方をお待ちしております	오르샤 마법협회에서 포쿠부 송곳니를 구하고 있습니다.				오르샤 공고판
QUEST_LV_0500_20230130_002391	ポクブーの牙を集めてくださった啓示者様は、魔法協会オルシャ支部へいらしてください！	관심이 있는 분들을 포쿠부 송곳니를 모아서 오르샤 마법협회를 찾아와주세요!				오르샤 공고판
QUEST_LV_0500_20230130_002392	こんにちは。{nl}何かご入用ですか？	안녕하세요{nl}무슨 일로 오셨나요?				플로아나
QUEST_LV_0500_20230130_002393	まぁ、あの広告を見てポクブーの牙を集めてきてくださったのですね？	공고문을 보고 포쿠부 송곳니를 구해오셨다고요?				플로아나
QUEST_LV_0500_20230130_002394	貪欲な女商人	탐욕스러운 여상인				
QUEST_LV_0500_20230130_002395	ああもうイライラする！	아오, 짜증나!				탐욕스러운 여상인
QUEST_LV_0500_20230130_002396	あのゴブリンどもぉ……！アタイの持ち物を全部持って行きやがった！	망할 부베놈들... 내 물건들을 모두 가져갔어!				탐욕스러운 여상인
QUEST_LV_0500_20230130_002397	ねぇそこのアンタ！今忙しくないんだったら、ゴブリンどもが持って行ったアタイの持ち物を取り返してきてくれないかい？	어, 당신 지금 바쁘지 않다면 부베 놈들이 가져간 내 물건 좀 가져와 줄 수 있어?				탐욕스러운 여상인
QUEST_LV_0500_20230130_002398	もちろん報酬は弾むよ！	내가 충분한 보상을 해줄게.				탐욕스러운 여상인
QUEST_LV_0500_20230130_002399	よしきた。{nl}馬車を持ってくるのは大変だ。中にある他の持ち物だけでも取り返してきておくれ。	좋아.{nl}마차를 가져오는 건 힘드니까. 안에 있는 물건들이라도 좀 가져와줘.				탐욕스러운 여상인
QUEST_LV_0500_20230130_002400	ありがとう～恩に着るよ！{nl}でも、このまま終わらせるわけにはいかないね……	고마워.{nl}하지만 이대로 끝낼 순 없지....				탐욕스러운 여상인
QUEST_LV_0500_20230130_002401	あのゴブリンどもには、きっちりやり返してやらないと気が済まない！	부베 놈들한테 받은 것을 되갚아야 해!				탐욕스러운 여상인
QUEST_LV_0500_20230130_002402	ゴブリンを観察してみると、体に宝石を埋め込んでるようだったけど……	부베를 보니까 몸에 보석을 박고 있던데....				탐욕스러운 여상인
QUEST_LV_0500_20230130_002403	アレらを売れば、アタイが損した分を十分に埋め合わせできると思うんだよねぇ。	저것들을 팔면 내가 본 손해를 메꿀 수 있을 거 같거든?				탐욕스러운 여상인
QUEST_LV_0500_20230130_002404	ゴブリンどもやっつけて、宝石を集めてきておくれ！	부베를 잡아 죽이고 보석 좀 가져와줘. 				탐욕스러운 여상인
QUEST_LV_0500_20230130_002405	そう、あのキラキラした宝石だよ。早く持ってきておくれよ？	저 반짝이는 보석을 빨리 가져와줘.				탐욕스러운 여상인
QUEST_LV_0500_20230130_002406	うんうん、いいね！{nl}これなら、すっごく高く売れそうだ！	좋아.{nl}이거라면 아주 비싸게 팔릴 거야.				탐욕스러운 여상인
QUEST_LV_0500_20230130_002407	女商人は宝石を持ってそのまま立ち去った	여상인은 보석을 들고 자리를 떠났다.				탐욕스러운 여상인
QUEST_LV_0500_20230130_002408	孤立した学者	고립된 학자				
QUEST_LV_0500_20230130_002409	うぅ……どうしたものか……	으, 이걸 어떻게 해야하지...				고립된 학자
QUEST_LV_0500_20230130_002410	あ、そ、そこのキミ！もしよかったらなんだが……私を助けてくれたり……し、しないか？	어? 혹시 나 좀 도와주실 수 있겠나....?				고립된 학자
QUEST_LV_0500_20230130_002411	ゴブリン達のせいで、ここから動けなくなってしまってね……	부베들 때문에 여기서 움직일 수가 없다네...				고립된 학자
QUEST_LV_0500_20230130_002412	オルシャへ向かわねばならないのだが……	오르샤로 가야 하는데....				고립된 학자
QUEST_LV_0500_20230130_002413	本当か……！	정말인가...!				고립된 학자
QUEST_LV_0500_20230130_002414	助かったよ、ありがとう！	고맙네!				고립된 학자
QUEST_LV_0500_20230130_002415	ここを通った時には見かけなかった本だ。{nl}読んでみようかな？	이곳을 지나갔을 때는 못 봤던 책이다.{nl}읽어볼까?				
QUEST_LV_0500_20230130_002416	オルシャ領主の警護兵	오르샤 영주 호위병				
QUEST_LV_0500_20230130_002417	啓示者様、ようこそお越しくださいました。{nl}して、本日はどのようなご用件でいらしたのでしょう？	아, 계시자님. 어서 오십시오.{nl}무슨 일로 찾아오셨나요?				오르샤 영주 호위병
QUEST_LV_0500_20230130_002418	実験日誌、でありますか？	실험 일지요?				오르샤 영주 호위병
QUEST_LV_0500_20230130_002419	話を聞いた限りですと、そのまま安易に素通りできる内容ではございませんね。	내용을 들어보니 간단히 넘어가야 할 사항은 아닌 거 같군요.				오르샤 영주 호위병
QUEST_LV_0500_20230130_002420	啓示者様がお話してくださった内容は、私の方から領主様へ報告させていただきます。	계시자님께서 말씀해주신 것들은 제가 영주님께 보고드리겠습니다.				오르샤 영주 호위병
QUEST_LV_0500_20230130_002421	今回も啓示者様のご協力に感謝いたします。	계시자님께는 또 도움을 받는군요.				오르샤 영주 호위병
QUEST_LV_0500_20230130_002422	領主様に知られるよりも先に処理してほしいのです。{nl}これ以上問題が増やされては流石に困りますので……	영주님이 아시기 전에 처리해주셔야 합니다.{nl}더 이상 일이 늘어나면 곤란합니다.				영주 호위병
QUEST_LV_0500_20230130_002423	ヨガイーラ様は暫くの間イサウゴティ森へ立ち寄る予定だったと伺っております。オルシャからもそう遠く離れていない場所ですし、啓示者様が直接向かわれた方が早いかもしれませんね。	파이드 파이터 마스터님은 오르샤에서 멀지 않은 이사우고티 숲에 잠시 와 계시니, 가서 만나보시기 바랍니다.				플로아나
QUEST_LV_0500_20230130_002424	オルシャへ戻らないといけないのに……{nl}一体どうすれば……	오르샤로 돌아가야하는데...{nl}어떻게 해야지?				고립된 학자
QUEST_LV_0500_20230130_002425	領主の助言	영주의 조언				
QUEST_LV_0500_20230130_002426	祈りを捧げてみる	기도를 드려보겠다고 한다.				
QUEST_LV_0500_20230130_002427	ちょっと考えておきます	잠시 생각을 해보겠다고 한다.				
QUEST_LV_0500_20230130_002428	手がかりはノヴァハに	단서는 노바하에				
QUEST_LV_0500_20230130_002429	答えを教えてほしい	답을 알려달라고 한다.				
QUEST_LV_0500_20230130_002430	少し心の準備をしてくる	들을 준비를 하고 온다고 한다.				
QUEST_LV_0500_20230130_002431	衰弱した少女、ロゼ	쇠약한 소녀, 로제				
QUEST_LV_0500_20230130_002432	久しぶり	오랜만이라고 한다.				
QUEST_LV_0500_20230130_002433	誰だっけ？	누군지 기억이 안난다고 한다.				
QUEST_LV_0500_20230130_002434	赤ワラビ	붉은 고사리				
QUEST_LV_0500_20230130_002435	注視者について何か知ってる？	주시자에 대해서 아는 것이 있냐고 묻는다.				
QUEST_LV_0500_20230130_002436	注視者に関すること以外は興味ない	주시자에 대한 것 말고는 관심이 없다고 한다.				
QUEST_LV_0500_20230130_002437	どうしてここに？	왜 이 곳에 있는지 물어본다.				
QUEST_LV_0500_20230130_002438	安全なところへ	안전한 곳으로				
QUEST_LV_0500_20230130_002439	苦労した彼らのために	고생한 그들을 위해				
QUEST_LV_0500_20230130_002440	助けてくる	구해오겠다고 말한다.				
QUEST_LV_0500_20230130_002441	ロゼの記憶	로제의 기억				
QUEST_LV_0500_20230130_002442	注視者について教えて	주시자에 대해서 묻는다.				
QUEST_LV_0500_20230130_002443	心の準備をしてくる……	마음의 준비를 하고 온다고 한다.				
QUEST_LV_0500_20230130_002444	記憶をたどって	기억을 따라서				
QUEST_LV_0500_20230130_002445	万全の準備をしてくる	단단히 준비하고 온다고 한다.				
QUEST_LV_0500_20230130_002446	手がかりは書庫の中に	단서는 서고 안에				
QUEST_LV_0500_20230130_002447	ロゼの話を聞いてみたら？	로제의 의견을 들어보라고 한다.				
QUEST_LV_0500_20230130_002448	少しおせっかいが過ぎるんじゃない？	너무 오지랖이 넓다고 꾸짖는다.				
QUEST_LV_0500_20230130_002449	苦しむロゼ	고통받는 로제				
QUEST_LV_0500_20230130_002450	略奪には略奪で	약탈은 약탈로				
QUEST_LV_0500_20230130_002451	ぼやけた痕跡(1)	흐린 흔적(1)				
QUEST_LV_0500_20230130_002452	自分も同じ気配を感じてる	나도 느끼고 있다고 말한다.				
QUEST_LV_0500_20230130_002453	安静にしていなきゃ	안정을 취해야한다고 말한다.				
QUEST_LV_0500_20230130_002454	ぼやけた痕跡(2)	흐린 흔적(2)				
QUEST_LV_0500_20230130_002455	まだ休んだ方がいい	아직은 좀 더 쉬어야 한다고 한다.				
QUEST_LV_0500_20230130_002456	調べの主をさがして	곡조의 주인을 찾아서				
QUEST_LV_0500_20230130_002457	笛について調べてくるよ	피리에 대한 정보를 찾아보겠다고 한다.				
QUEST_LV_0500_20230130_002458	破壊の調べ	파괴의 곡조				
QUEST_LV_0500_20230130_002459	(ロゼから受け取った物を取り出す)	로제에게 받은 물품을 건넨다.				
QUEST_LV_0500_20230130_002460	後でもう一度来ます	좀 있다가 다시 온다고 한다.				
QUEST_LV_0500_20230130_002461	目覚めたデビルグローブ	깨어난 데블글로브				
QUEST_LV_0500_20230130_002462	破壊する	파괴하겠다고 한다.				
QUEST_LV_0500_20230130_002463	嫌な予感がする……	불길한 느낌이 든다고 한다.				
QUEST_LV_0500_20230130_002464	祈祷室の中へ	기도실 안으로				
QUEST_LV_0500_20230130_002465	祈祷室の捜索(1)	기도실 수색(1)				
QUEST_LV_0500_20230130_002466	祈祷室の捜索(2)	기도실 수색(2)				
QUEST_LV_0500_20230130_002467	……その様子を見て助ける気が失せたよ	한심한 모습에 도와줄 마음이 사라졌다고 한다.				
QUEST_LV_0500_20230130_002468	二つの封印石(1)	두 개의 봉인석(1)				
QUEST_LV_0500_20230130_002469	危ないから触れちゃだめだ！	위험하니 만지지 말라고 한다.				
QUEST_LV_0500_20230130_002470	二つの封印石(2)	두 개의 봉인석(2)				
QUEST_LV_0500_20230130_002471	先に傷の手当をしないと	상처를 먼저 치료해야한다고 한다.				
QUEST_LV_0500_20230130_002472	救われなかった者	구원받지 못한 자				
QUEST_LV_0500_20230130_002473	魂の絶叫	영혼의 절규				
QUEST_LV_0500_20230130_002474	忙しいから話なら後で聞くよ	바쁘니 나중에 이야기하자고 한다.				
QUEST_LV_0500_20230130_002475	救済の香炉	구원의 향로				
QUEST_LV_0500_20230130_002476	解決してくるよ	해결하겠다고 한다.				
QUEST_LV_0500_20230130_002477	ちょっと他の用事を済ませてくるよ	다른 일을 하고 오겠다고 한다.				
QUEST_LV_0500_20230130_002478	ゴブリン討伐の広告	부베 처치 공고				
QUEST_LV_0500_20230130_002479	ゴブリンの討伐へ向かう	부베를 처리하러 간다.				
QUEST_LV_0500_20230130_002480	他の用事を済ませてくる	다른 일을 처리하러 간다.				
QUEST_LV_0500_20230130_002481	求む！ポクブーの牙	포쿠부 송곳니 구합니다!				
QUEST_LV_0500_20230130_002482	集めてきました	구해서 전해주도록 한다.				
QUEST_LV_0500_20230130_002483	今は他にやることがある	다른 일이 우선이라고 한다.				
QUEST_LV_0500_20230130_002484	商人は利益を逃さない(1)	상인은 이익을 놓치지 않는다(1)				
QUEST_LV_0500_20230130_002485	手伝うよ	돕는다고 한다.				
QUEST_LV_0500_20230130_002486	忙しいから他の人に頼んで	바빠서 다른 사람에게 부탁하라고 한다.				
QUEST_LV_0500_20230130_002487	商人は利益を逃さない(2)	상인은 이익을 놓치지 않는다(2)				
QUEST_LV_0500_20230130_002488	他にやることがあるから……	다른 일을 해야한다고 한다.				
QUEST_LV_0500_20230130_002489	孤立無援	고립무원				
QUEST_LV_0500_20230130_002490	自分で何とかして	알아서 하라고 한다.				
QUEST_LV_0500_20230130_002491	祈祷室の秘密(1)	기도실의 비밀(1)				
QUEST_LV_0500_20230130_002492	確かめる	확인해본다.				
QUEST_LV_0500_20230130_002493	気にしないで戻る	신경쓰지 않고 돌아간다.				
QUEST_LV_0500_20230130_002494	祈祷室の秘密(2)	기도실의 비밀(2)				
QUEST_LV_0500_20230130_002495	オルシャの領主と話す	오르샤의 영주 이네사 헤먼데일과 이야기하기				
QUEST_LV_0500_20230130_002496	注視者の痕跡を見つける方法はないのだろうか？{nl}オルシャの領主であるイネッサ・へモンデールと話をしてみよう	주시자의 흔적을 찾을 수 있는 방법이 없을까?{nl}오르샤의 영주 이네사 헤먼데일과 이야기를 해보자.				
QUEST_LV_0500_20230130_002497	女神アウシュリネの像に祈りを捧げる	여신 아우슈리네의 상으로 가서 기도하기				
QUEST_LV_0500_20230130_002498	オルシャの領主であるイネッサ・へモンデールは、啓示者であるあなたが祈りを捧げれば、何か答えを貰えるかもしれないとのこと{nl}女神アウシュリネの像へ向かって、祈りを捧げてこよう	오르샤의 영주 이네사 헤먼데일은 계시자인 당신에게 기도를 드리면 무언가 답을 해줄지도 모른다고 한다.{nl}여신 아우슈리네의 상으로 가서 기도를 드려보자.				
QUEST_LV_0500_20230130_002499	女神ライマと話す	여신 라이마와 이야기하기				
QUEST_LV_0500_20230130_002500	オルシャの女神像に祈りを捧げると、ネリンガが訪ねてきて女神ライマが自分を捜してるという{nl}何があったのか女神ライマと話をしよう	오르샤의 여신상에서 기도를 드리니, 네링가가 찾아와 라이마 여신이 찾는다고 한다.{nl}무슨 일인지 여신 라이마와 이야기를 하자.				
QUEST_LV_0500_20230130_002501	女神像からノヴァハへ	여신상으로 가서 노바하로 가기				
QUEST_LV_0500_20230130_002502	女神ライマは、準備が整ったら女神像からノヴァハへ向かってほしいと言う{nl}準備を終わらせて、ライマの聖域にある女神像へ向かおう	여신 라이마는 준비가 되면 여신상으로 가서 노바하로 떠나라고 한다.{nl} 준비를 마치고 라이마의 성소에 있는 여신상으로 가자				
QUEST_LV_0500_20230130_002503	エドムンダスと話そう	에드문다스와 대화하기				
QUEST_LV_0500_20230130_002504	女神ライマが言うには、ノヴァハに注視者を見つけられる手がかりがあるらしい{nl}だけど着いた矢先に見知った顔が見えるような……？	라이마 여신은 노바하에 주시자를 찾을 수 있는 단서가 있다고 한다.{nl}그런데 익숙한 얼굴이 보이는 거 같은데...?				
QUEST_LV_0500_20230130_002505	現れたゴブリンの退治	나타난 부베 처치				
QUEST_LV_0500_20230130_002506	襲ってきたゴブリンは全員倒した{nl}エドムンダスと話をしよう	습격해온 부베를 모두 처리했다.{nl}에드문다스와 이야기해보자.				
QUEST_LV_0500_20230130_002507	赤ワラビの採取	붉은 고사리 채집하기				
QUEST_LV_0500_20230130_002508	エドムンダスにこれまでの経緯を聞いた{nl}ロゼの治療薬を作るためには赤い色のワラビが必要だという{nl}赤ワラビを採ってこよう	에드문다스에게 그 동안의 이야기를 들었다.{nl}로제를 위한 치료제를 만들기 위해서 붉은 고사리가 필요하다고 한다.{nl}붉은 고사리를 캐자.				
QUEST_LV_0500_20230130_002509	必要な分の量は採れたと思う{nl}エドムンダスに話しかけてみよう	필요한 만큼 고사리를 캔 거 같다.{nl}에드문다스에게 말을 걸어보자.				
QUEST_LV_0500_20230130_002510	赤ワラビ採集	붉은 고사리 채집				
QUEST_LV_0500_20230130_002511	エドムンダスと話す	에드문다스와 이야기하기				
QUEST_LV_0500_20230130_002512	薬の材料である赤ワラビをすべて手に入れた{nl}エドムンダスと話をしよう	약의 재료인 붉은 고사리를 모두 구했다.{nl}에드문다스와 이야기를 하자.				
QUEST_LV_0500_20230130_002513	安全な場所へ移動	안전한 곳으로 이동하기				
QUEST_LV_0500_20230130_002514	赤ワラビで薬を作れる安全な場所向かわないといけないらしい{nl}安全な場所へ移動しよう	붉은 고사리로 약을 지을 안전한 곳을 가야한다고 한다.{nl}안전한 곳으로 이동하자.				
QUEST_LV_0500_20230130_002515	エドムンダスとロゼが無事に辿り着いたみたいだ{nl}エドムンダスに声をかけてみよう	에드문다스와 로제가 무사히 도착한 거 같다.{nl}에드문다스에게 말을 걸자.				
QUEST_LV_0500_20230130_002516	薬を作ったエドムンダスに話しかけてみよう	약을 제조한 에드문다스에게 말을 걸어보자.				
QUEST_LV_0500_20230130_002517	凶暴なポクブーを捕らえて肉を手に入れる	포악한 포쿠부를 잡아 고기를 얻기				
QUEST_LV_0500_20230130_002518	ロゼを看てる間、エドムンダスはまともなものを口にしていないようだ{nl}本院の休憩所にいる凶暴なポクブーを捕らえてエドムンダスとロゼに食べさせる肉を手に入れよう	에드문다스는 로제를 챙기는 동안 정작 자신은 아무것도 못 먹은 모양이다.{nl}본원 휴게소의 포악한 포쿠부를 잡아 에드문다스와 로제에게 먹일 고기를 얻어오자.				
QUEST_LV_0500_20230130_002519	エドムンダスとロゼに食べさせる肉を手に入れた{nl}エドムンダスと話そう	에드문다스와 로제를 먹일 고기를 가져왔다.{nl} 에드문다스와 이야기를 하자.				
QUEST_LV_0500_20230130_002520	ロゼと話す	로제와 이야기하기				
QUEST_LV_0500_20230130_002521	ロゼは食事と薬を飲んだおかげで、そこそこ気を持ち直したようだ{nl}ロゼと話そう	로제가 음식과 약을 먹고 어느 정도 기운을 차린 거 같다.{nl}로제와 이야기를 해보자.				
QUEST_LV_0500_20230130_002522	ロゼは過去ノヴァハにあった出来事について話してくれた{nl}自身が注視者のいたところに案内してくれるという	로제는 과거에 노바하에 있었던 일을 이야기해주었다.{nl}자신이 주시자가 있는 곳으로 안내해준다고 한다.				
QUEST_LV_0500_20230130_002523	ロゼは注視者の位置について知っているようだ{nl}もう少し話を聞こう	로제는 주시자의 위치에 대해서 아는 듯한 모양이다.{nl}좀 더 이야기를 해보자.				
QUEST_LV_0500_20230130_002524	本院の礼拝堂へ移動	본원 예배당으로 이동하기				
QUEST_LV_0500_20230130_002525	エドムンダスは、ロゼが行くというのなら自分もついて行くと言い、同行することになった{nl}本院の礼拝堂へ移動しよう	에드문다스는 로제가 가겠다면 자신도 가겠다면서, 따라오기로 했다.{nl}본원 예배당으로 이동하자.				
QUEST_LV_0500_20230130_002526	エドムンダスは、行くというのなら自分もついて行くと言い、兄妹一緒に行くことになった{nl}本院の礼拝堂へ移動しよう	에드문다스는 가겠다면 자신도 가겠다면서, 따라가기로 했다.{nl}본원 예배당으로 이동하자.				
QUEST_LV_0500_20230130_002527	ブバスの阻止	부바스 처치				
QUEST_LV_0500_20230130_002528	本院の礼拝堂に現れたブバスを倒した{nl}エドムンダスは、ただならぬ何かを感じたのか何か言いたいことがあるようだ{nl}エドムンダスと話をしよう	본원 예배당에서 나타난 부바스를 처치했다.{nl}에드문다스는 심상치 않은 것을 느꼈는지 할 말이 있는 거 같다.{nl}에드문다스와 이야기하자.				
QUEST_LV_0500_20230130_002529	ロゼと話す	로제와 대화하기				
QUEST_LV_0500_20230130_002530	エドムンダスは妹が書庫へ向かうことに不安があるようだ{nl}ロゼにこの事を伝えてみよう	에드문다스는 여동생이 서고로 가는 것에 불안함을 느끼고 있다.{nl}로제에게 이것에 대해서 이야기하자.				
QUEST_LV_0500_20230130_002531	ロゼは自分だけができることだと言い、断固として譲る気はないようだ{nl}エドムンダスにこの事を話してみよう	로제는 자신만이 할 수 있는 일이라며 단호하게 이야기하고 있다.{nl}에드문다스에게 이것에 대해서 말을 해주자.				
QUEST_LV_0500_20230130_002532	ノヴァハ書庫へ向かう	노바하 서고로 가기				
QUEST_LV_0500_20230130_002533	ブバスを倒して、エドムンダスとロゼを連れてノヴァハ書庫へ向かおう	부바스를 쓰러뜨리고, 에드문다스와 로제를 데리고, 노바하 서고로 간다.				
QUEST_LV_0500_20230130_002534	ノヴァハ書庫に到着したものの、ロゼはすごく辛そうだ{nl}大丈夫だろうか？{nl}ロゼに話しかけてみよう	노바하 서고에 도착하자마자 로제는 많이 힘들어하는 거 같다.{nl}괜찮은 걸까?{nl}로제와 이야기를 해보자.				
QUEST_LV_0500_20230130_002535	ロゼの状態が芳しくない{nl}何かできることはないだろうか？	로제의 상태가 좋지 않아보인다.{nl}할 수 있는 일이 없을까?				
QUEST_LV_0500_20230130_002536	ゴブリンを倒して、略奪品を持って行く	부베를 처치하고, 약탈한 물건들 가져오기				
QUEST_LV_0500_20230130_002537	ロゼの状態が良くない。周りを見たらゴブリン達が略奪した物品などが積まれてあるのが見える{nl}物品などを確認してロゼの助けになれそうな物がないか探してみよう	로제의 상태가 좋지 않아, 주변을 보니 부베들이 약탈한 물건들이 쌓여있는 것을 보았다.{nl}물건들을 확인해서 로제에게 도움이 될만한 것이 있는지 찾아보자.				
QUEST_LV_0500_20230130_002538	ゴブリンの略奪品の中に、ロゼに食べさせてあげられそうなものを見つけた{nl}ロゼのところに戻ろう	부베가 약탈한 물건에서 로제에게 먹일 만한 것들이 발견되었다.{nl}로제에게 돌아가자.				
QUEST_LV_0500_20230130_002539	馬車の中でロゼが食べられそうなものを入手	마차 안에서 로제가 먹을 만한 것을 가져오기				
QUEST_LV_0500_20230130_002540	持ってきたものを口にしたおかげで、ロゼは少しだけ気を持ち直したようだ{nl}ロゼと話をしよう	로제가 가져온 것을 먹고 힘이 난 모양이다.{nl}로제와 이야기를 해보자.				
QUEST_LV_0500_20230130_002541	襲ってきたゴブリンを倒す	습격한 부베 처치하기				
QUEST_LV_0500_20230130_002542	ロゼが案内をしている途中でゴブリンがいきなり襲ってきた！{nl}ゴブリン達を倒そう	로제가 안내하려고 하던 중에 갑자기 부베들이 습격했다.{nl}부베들을 모두 처치하자.				
QUEST_LV_0500_20230130_002543	ゴブリン達をすべて片づけた{nl}ロゼと話をしよう	부베들을 모두 처치했다.{nl}로제와 이야기를 하자.				
QUEST_LV_0500_20230130_002544	襲ってきたゴブリンの掃討	습격해온 부베 처치				
QUEST_LV_0500_20230130_002545	ロゼとエドムンダスを襲うゴブリンの群れを片づけた{nl}ロゼに話しかけてみよう	로제와 에드문다스를 습격한 부베 무리를 처치했다.{nl}로제에게 말을 걸어보자.				
QUEST_LV_0500_20230130_002546	痕跡を調べる	흔적 조사하기				
QUEST_LV_0500_20230130_002547	休んでいるロゼは書庫にある痕跡を辿っていけば何か分かるのではないかと言う{nl}ロゼを追って調査をしてみよう	쉬던 로제는 서고에 있는 흔적들을 따라가면 무언가 알 수 있다고 한다.{nl}로제를 따라서 조사를 해보자.				
QUEST_LV_0500_20230130_002548	ロゼの状態を確認する	로제의 상태를 확인하기				
QUEST_LV_0500_20230130_002549	痕跡を辿っていくと、その先には巨大なカプセルとその中に浮かんでいる手袋があった{nl}これは一体なんなのだろうか？{nl}まずはロゼと話し合おう	흔적을 따라간 곳에는 거대한 캡슐 안에 있는 장갑이 있었다.{nl}이건 뭘까?{nl}우선 로제와 이야기를 해보자.				
QUEST_LV_0500_20230130_002550	ゴブリン達と戦っている間、ロゼが何かを発見したようだ{nl}ロゼと話をしてみよう	로제가 부베들과 싸우는 동안 무언가 발견한 모양이다.{nl}로제와 이야기를 해보자.				
QUEST_LV_0500_20230130_002551	兄であるエドムンダスは、ロゼが心配で仕方がないようだ{nl}エドムンダスと話をしよう	로제에 대해서 오빠인 에드문다스는 걱정이 이만저만이 아닌 모양이다.{nl}에드문다스와 이야기하자.				
QUEST_LV_0500_20230130_002552	魔法協会オルシャ支部のフロアナと会話	오르샤의 마법협회 플로아나와 이야기하기				
QUEST_LV_0500_20230130_002553	笛についてよく知っていそうな人といえば……魔法協会側にいそうなイメージがある{nl}魔法協会のフロアナと話をしてみよう	피리에 대해서 잘 알 법한 사람은 보통 마법협회 쪽의 사람일 것이다.{nl}마법협회의 플로아나와 이야기를 해보자.				
QUEST_LV_0500_20230130_002554	魔法協会オルシャ支部のフロアナと話す	오르샤 마법협회의 플로아나와 대화하기				
QUEST_LV_0500_20230130_002555	オルシャの魔法協会の人に訊けば、笛について何か情報を得られるかもしれない{nl}フロアナと会話をしよう	오르샤의 마법협회라면 피리에 대한 정보를 알 수 있을 지도 모른다.{nl}플로아나와 대화를 해보자.				
QUEST_LV_0500_20230130_002556	イサウゴティ森にいるパイドパイパーマスターのヨガイーラを訪ねる	이사우고티 숲에 있는 파이드파이퍼 마스터 요가일라 찾아가기				
QUEST_LV_0500_20230130_002557	フロアナはパイドパイパーマスターなら笛について詳しい話を聞けるのではないかと言う{nl}イサウゴティ森にいるパイドパイパーマスターへ会いに行こう	플로아나는 파이드파이퍼 마스터라면 피리에 대해서 자세히 알 수 있다고 말한다.{nl}이사우고티 숲에 있는 파이드파이퍼 마스터를 만나자.				
QUEST_LV_0500_20230130_002558	パイドパイパーマスターは笛について話してくれたのち、新しい笛を渡してくれた{nl}ノヴァハ書庫へ戻ろう	파이드 파이퍼 마스터가 피리에 대한 이야기를 해주고, 새로운 피리를 건네주었다.{nl}노바하 서고로 돌아가자.				
QUEST_LV_0500_20230130_002559	ロゼが苦しんでいる{nl}話しかけよう	로제는 고통에 힘들어하고 있다.{nl}로제와 이야기하자.				
QUEST_LV_0500_20230130_002560	デビルグローブが入っているカプセルを破壊	데블 글로브가 들어있는 캡슐 파괴하기				
QUEST_LV_0500_20230130_002561	ロゼ曰く、カプセルを壊せば意識がするはずとのこと{nl}ヨガイーラから受け取った破壊の調べを使ってみよう	로제는 캡슐을 파괴하면 정신이 맑아질 거라고 한다.{nl}요가일라가 준 파괴의 곡조를 사용해보자.				
QUEST_LV_0500_20230130_002562	注視者とブラックデビルグローブがロゼを連れ去ってしまった{nl}追いかけよう！	로제를 주시자와 블랙 데블글로브가 잡아갔다.{nl}그들을 쫓아가자.				
QUEST_LV_0500_20230130_002563	エドムンダスを追う	에드문다스 쫓아가기				
QUEST_LV_0500_20230130_002564	妹のロゼが連れ去られるのを見たエドムンダスは理性を失い、そのまま懺悔の祈祷室へ走って行ってしまった{nl}彼の後を追おう！	동생인 로제가 잡혀가는 모습을 본 에드문다스는 이성을 잃고, 참회의 기도실로 달려갔다.{nl}그를 뒤쫓아 가자.				
QUEST_LV_0500_20230130_002565	エドムンダスを襲うゴブリンの掃討	에드문다스를 습격한 부베 처치하기				
QUEST_LV_0500_20230130_002566	エドムンダスの後を追うと、彼はゴブリンに襲われていた{nl}彼を助けるためにもゴブリンを片づけよう	에드문다스를 뒤쫓으니 부베에게 공격당하고 있었다.{nl}부베를 처치하고 그를 구하자.				
QUEST_LV_0500_20230130_002567	襲ってくるゴブリンの掃討	습격한 부베 처치				
QUEST_LV_0500_20230130_002568	エドムンダスはだいぶ気落ちしているようだ{nl}彼に声をかけてみよう	에드문다스는 낙심한 듯하다.{nl}그에게 말을 걸어보자.				
QUEST_LV_0500_20230130_002569	ロゼを捜す	로제를 찾기				
QUEST_LV_0500_20230130_002570	エドムンダスに力を貸すことを伝えると、彼はもう一度気を持ち直したようだ{nl}この調子でロゼを捜しに行こう	에드문다스에게 힘을 빌려준다고 하니, 에드문다스가 다시 힘을 낸 모양이다.{nl}이 기세로 로제를 찾아보자.				
QUEST_LV_0500_20230130_002571	立ち塞がる障壁への解決策を見つけなければならない{nl}エドムンダスと話をしよう	가로막힌 장벽을 해결할 방법을 찾아야 한다.{nl}에드문다스와 이야기를 해보자.				
QUEST_LV_0500_20230130_002572	エドムンダスが何かを見つけたようだ{nl}彼と話し合おう	에드문다스가 무언가를 발견한 모양이다.{nl}그와 이야기를 나눠보자.				
QUEST_LV_0500_20230130_002573	第一祈祷室の封印石の破壊	제 1 기도실의 봉인석 파괴하기				
QUEST_LV_0500_20230130_002574	エドムンダスとが読んだスクロールによって、二つの封印石を破壊すればいいことが分かった{nl}先に左側の封印石から破壊しよう	에드문다스가 읽은 스크롤에는 두 개의 봉인석을 파괴하라고 한다.{nl}먼저 왼쪽에 있는 봉인석부터 파괴를 하자.				
QUEST_LV_0500_20230130_002575	第一祈祷室の封印石の破壊	제1기도실의 봉인석 파괴하기				
QUEST_LV_0500_20230130_002576	左側の結界石を破壊するのに成功した{nl}エドムンダスは大丈夫だろうか？{nl}彼と話をしよう	왼쪽의 결계석을 파괴하는데 성공했다.{nl}에드문다스는 괜찮은 걸까?{nl}그와 대화를 해보자.				
QUEST_LV_0500_20230130_002577	第二祈祷室の封印石の破壊	제 2 기도실의 봉인석 파괴하기				
QUEST_LV_0500_20230130_002578	エドムンダスは自身の体の辛さよりも、封印石の破壊を優先にしようと言っている{nl}右側の封印石も破壊しよう	에드문다스는 힘들지만 어서 가서 봉인석을 파괴하자고 말한다.{nl}오른쪽의 봉인석을 파괴하자.				
QUEST_LV_0500_20230130_002579	第二祈祷室の封印石の破壊	제2기도실의 봉인석 파괴하기				
QUEST_LV_0500_20230130_002580	結界が壊れたようだ{nl}結界の向こうにロゼがいるはずだ。早く助けに行こう	결계가 파괴되었다.{nl}결계 너머에 로제가 있을 테니 이제 로제를 구하러 가보자.				
QUEST_LV_0500_20230130_002581	失意に陥ったエドムンダスと話す	실의에 빠진 에드문다스와 이야기하기				
QUEST_LV_0500_20230130_002582	ロゼの死を悼むエドムンダス……{nl}彼と話をしよう	로제의 죽음에 애통해하는 에드문다스...{nl}그와 이야기를 하자.				
QUEST_LV_0500_20230130_002583	オルシャ領主の警護兵と話す	오르샤의 영주 호위병과 이야기하기				
QUEST_LV_0500_20230130_002584	領主警護兵が自分を捜しているようだ{nl}何があったのか話を訊きに行こう	영주 호위병이 나를 급하게 찾는 모양이다.{nl}무슨 일인지 알아보자.				
QUEST_LV_0500_20230130_002585	クポルのルタと話す	큐폴 루타와 이야기하기				
QUEST_LV_0500_20230130_002586	オルシャの警備兵が言うには、ノヴァハ一帯に夜な夜な少女の悲鳴が響き渡っているそうだ{nl}女神アウシュリネに渡されたヒョウタンに何か問題が起きたのかもしれない{nl}懺悔の祈祷室へ向かおう	오르샤 경비병의 말로는 노바하 일대에 소녀의 비명 소리가 밤마다 울린다고 한다.{nl}아우슈리네 여신이 준 호리병에서 무언가 문제가 생긴 모양이다.{nl}참회의 기도실로 가자.				
QUEST_LV_0500_20230130_002587	クポル ルタも、この場所に用がある様だ{nl}彼女に声をかけてみよう	큐폴 루타도 이곳에 용무가 있는지 온 모양이다.{nl}그녀와 이야기하자.				
QUEST_LV_0500_20230130_002588	ロゼ・ザ・ミゼラブルを倒す	로제 더 미저러블 처치				
QUEST_LV_0500_20230130_002589	クポル ルタが言うには、ヒョウタンの中で何かが起きたらしい{nl}	큐폴 루타는 호리병 안에서 무슨 일이 있는 거 같다고 말한다.{nl}				
QUEST_LV_0500_20230130_002590	ロゼの魂を成仏させた{nl}クポル ルタのところへ戻ろう	로제의 영혼을 성불시켰다.{nl}큐폴 루타에게 돌아가자.				
QUEST_LV_0500_20230130_002591	募集板の広告の確認	모집판의 공고 확인하기				
QUEST_LV_0500_20230130_002592	募集板に何か書かれているようだ{nl}内容を確認してみよう	모집판에 무언가 적혀 있는 거 같다.{nl}내용을 확인해보자.				
QUEST_LV_0500_20230130_002593	ノヴァハ本院のゴブリンを倒す	노바하 본원의 부베 처치하기				
QUEST_LV_0500_20230130_002594	広告板にはゴブリンを倒してほしいとあった{nl}ゴブリンを倒しに向かおう	공고판에서 부베를 처치하라고 한다.{nl}부베를 처리하도록 하자.				
QUEST_LV_0500_20230130_002595	オルシャ領主の警備兵に報告する	오르샤의 영주 경비병에게 보고하기				
QUEST_LV_0500_20230130_002596	ノヴァハ本院のゴブリン達を粗方片づけられたようだ{nl}オルシャ領主の警備兵に報告して報酬を受け取ろう	노바하 본원의 부베들을 정리한 거 같다.{nl}오르샤의 영주 경비병에게 가서 보고하고 보상을 받자.				
QUEST_LV_0500_20230130_002597	ノヴァハ本院のゴブリンを倒す	노바하 본원의 부베 처치				
QUEST_LV_0500_20230130_002598	オルシャ広告板の内容を読む	오르샤 공고판에서 내용 읽기				
QUEST_LV_0500_20230130_002599	オルシャ広告板に何か記載されているようだ{nl}内容を読んでみよう	오르샤 공고판에 무언가 적혀 있는 듯하다.{nl}내용을 읽어보자				
QUEST_LV_0500_20230130_002600	ポクブーの牙を集める	포쿠부 송곳니 구하기				
QUEST_LV_0500_20230130_002601	魔法協会オルシャ支部がポクブーの牙を必要としているらしい{nl}20個くらい集めて持っていってみるとしよう	오르샤 마법 협회에서 포쿠부 송곳니를 구하고 있다고 한다.{nl}20개 정도만 모아서 가져가보도록 하자.				
QUEST_LV_0500_20230130_002602	魔法協会オルシャ支部を訪ねる	오르샤 마법협회 찾아가기				
QUEST_LV_0500_20230130_002603	ポクブーの牙は充分に集まったと思う{nl}オルシャにある魔法協会を訪ねてみよう	포쿠부의 송곳니를 적당히 모은 것 같다.{nl}오르샤 마법협회를 찾아가보자.				
QUEST_LV_0500_20230130_002604	貪欲な女商人と話す	탐욕스러운 여상인과 이야기하기				
QUEST_LV_0500_20230130_002605	ゴブリンが蔓延るこの場所で女商人が堂々とした様子で立っている{nl}女商人はなんだか凄く怒っているようだ……{nl}何があったのか訊いてみよう	부베가 깔린 이곳에 당당하게 서있는 여상인이 있다.{nl}여상인은 화가 잔뜩 나있는 듯하다.{nl}무슨 일인지 물어보자.				
QUEST_LV_0500_20230130_002606	馬車の物品を取り戻してくる	마차 물품을 되찾아오기				
QUEST_LV_0500_20230130_002607	女商人は馬車を盗まれたことに腹を立てているようだ{nl}物を取り返して報酬を貰おう	여상인은 마차를 도둑맞은 것에 화가 나있다.{nl}물건을 되찾고 보수를 받자.				
QUEST_LV_0500_20230130_002608	物はあらかた取り戻せたみたいだ{nl}女商人が満足するかどうかは分からないが……とりあえず持っていってあげよう	물건을 어느정도 되찾은 거 같다.{nl}여상인이 만족할지는 모르겠지만, 일단 가져다 주자.				
QUEST_LV_0500_20230130_002609	ゴブリンが奪った物を取り戻す	부베가 약탈한 물품 되찾아오기				
QUEST_LV_0500_20230130_002610	貪欲な女商人と話す	탐욕스러운 여상인과 대화하기				
QUEST_LV_0500_20230130_002611	物は取り返してきたが、女商人はまだ何か不満があるようだ{nl}女商人と話をしてみよう	물건을 되찾아왔지만, 여상인은 탐탁치 않은 모양이다.{nl}여상인과 대화를 해보자.				
QUEST_LV_0500_20230130_002612	ゴブリンを倒して宝石を入手	부베를 처치해서 보석을 가져오기				
QUEST_LV_0500_20230130_002613	女商人はゴブリンへの復讐として、体に埋め込まれている宝石を手に入れて売るつもりのようだ{nl}ゴブリンを倒して宝石を持ってこよう	여상인은 부베에게 복수할겸, 부베의 몸 안에 있는 보석을 가져와 팔 생각을 하고 있다.{nl}부베를 첯해서 보석을 가져오자				
QUEST_LV_0500_20230130_002614	ゴブリンの宝石を集め終わった{nl}女商人に持って行ってあげよう	부베의 보석을 모았다.{nl}여상인에게 가져다 주자.				
QUEST_LV_0500_20230130_002615	ゴブリンが持っている宝石の破片を獲得	부베가 지니고 있는 보석 파편 획득				
QUEST_LV_0500_20230130_002616	孤立した学者と話す	고립된 학자와 이야기하기				
QUEST_LV_0500_20230130_002617	ノヴァハ書庫で怯えている人物がいるみたいだ{nl}何事か話を聞いてみよう	노바하 서고에서 두려움에 떨고 있는 사람이 있다.{nl}무슨 일인지 대화를 해보자.				
QUEST_LV_0500_20230130_002618	ゴブリンを片づける	부베 처리하기				
QUEST_LV_0500_20230130_002619	学者はゴブリン達のせいでオルシャへ帰れないでいるらしい{nl}ゴブリンを片づけてノヴァハ本院へ向かえる場所へ案内しよう	학자는 부베들 때문에 오르샤로 돌아가지 못하고 있다고 한다.{nl}부베를 처치하고, 노바하 본원으로 가는 곳으로 안내하자.				
QUEST_LV_0500_20230130_002620	ノヴァハ本院の入り口へ案内	노바하 본원 입구로 안내하기				
QUEST_LV_0500_20230130_002621	ゴブリン達をある程度片づけた。次は安全なところへ送ってあげよう	부베들을 처리했다. 이제 안전하게 데려다 주자.				
QUEST_LV_0500_20230130_002622	落ちている本を読む	떨어진 책 읽기				
QUEST_LV_0500_20230130_002623	エドムンダスと通った時は見かけなかった本が置かれている	에드문다스와 지나갔을 떄는 보이지 않던 책이 놓여져 있다.				
QUEST_LV_0500_20230130_002624	本を読んでみよう	책을 읽어보도록 하자.				
QUEST_LV_0500_20230130_002625	他の本を読んでみる	다른 책을 읽어보기				
QUEST_LV_0500_20230130_002626	本の内容は只事で済むような内容ではないようだ{nl}周辺に落ちている他の本も読んでみよう	책의 내용이 심상치 않다.{nl}주변에 떨어져 있는 다른 책을 읽어보자.				
QUEST_LV_0500_20230130_002627	他の本探し	또 다른 책 찾기				
QUEST_LV_0500_20230130_002628	本の中身は、ノヴァハの住民達を利用しての実験について記された実験日誌だった{nl}他の手がかりを探してみよう	책의 내용은 노바하 주민들을 실험하는 내용이 담긴 실험 일지였다.{nl}또 다른 단서를 찾아보자.				
QUEST_LV_0500_20230130_002629	オルシャ領主の警護兵に知らせる	오르샤의 영주 호위병에게 알리기				
QUEST_LV_0500_20230130_002630	実験日誌の内容をすべて読み終えた{nl}オルシャ領主の警護兵にこの事実を知らせよう	실험일지의 내용을 모두 보았다.{nl}오르샤의 영주 호위병에게 이 사실을 알리자				
QUEST_LV_0500_20230309_002631	啓示者様の名声は、辺境の地にも届くほど有名です。	계시자님의 명성은 변방에도 들릴 정도로 유명해요.				[신극 마스터] 단 아
QUEST_LV_0500_20230309_002632	……啓示者様は、槍にご興味はおありですか？{nl}ご興味がおありでしたら、我が神戟の技を修めていかれますか？	계시자님은 창에 대해서 관심이 있으신가요?{nl}관심이 있으시면 저의 기술을 배워보시겠나요?				[신극 마스터] 단 아
QUEST_LV_0500_20230309_002633	啓示者様の名声は、ただの空言ではなかったのですね……	계시자님의 명성은 거짓이 아니군요...				[신극 마스터] 단 아
QUEST_LV_0500_20230309_002634	実力はまだ未熟であると言えますが……我が神戟の技、伝授いたしましょう。	미흡한 실력이지만 제 기술을 알려드리겠습니다.				[신극 마스터] 단 아
QUEST_LV_0500_20230309_002635	神戟の技を習得されたとなれば、神戟の資格を証明する装いも必要ではないでしょうか？	신극의 기술을 익히셨으니, 신극의 자격을 증명하는 옷도 필요하시지 않은가요?				[신극 마스터] 단 아
QUEST_LV_0500_20230309_002636	お疲れ様でした。	고생하셨습니다.				[신극 마스터] 단 아
QUEST_LV_0500_20230309_002637	……いっときでも啓示者様の実力を疑い、課題をお渡しした非礼をお詫びします。	잠시나마 계시자님의 실력을 의심해 과제를 드린 것을 사죄드립니다,				[신극 마스터] 단 아
QUEST_LV_0500_20230309_002638	神戟となられた啓示者様の武運を祈りましょう。	신극되신 계시자님의 무운을 빌게요.				[신극 마스터] 단 아
QUEST_LV_0500_20230309_002639	パイドパイパーマスター様は今イサウゴティ森へいらっしゃってるようです。オルシャからもそう遠く離れていない場所ですので、啓示者様もそちらへ向かってみてください。	파이드 파이터 마스터님은 오르샤에서 머지 않은 이사우고티 숲에 잠시 와 계시니, 가서 만나보시기 바랍니다.	QUEST_LV_0500_20230130_002423	ヨガイーラ様は暫くの間イサウゴティ森へ立ち寄る予定だったと伺っております。オルシャからもそう遠く離れていない場所ですし、啓示者様が直接向かわれた方が早いかもしれませんね。	파이드 파이터 마스터님은 오르샤에서 멀지 않은 이사우고티 숲에 잠시 와 계시니, 가서 만나보시기 바랍니다.	플로아나
QUEST_LV_0500_20230309_002640	[神戟]槍の名手	[신극] 창의 달인				
QUEST_LV_0500_20230309_002641	他の用事で忙しいので……	다른 일이 더 급하다고 한다.				
QUEST_LV_0500_20230309_002642	[神戟]折れぬ槍	[신극] 부러지지 않는 창				
QUEST_LV_0500_20230309_002643	必要ありません	필요가 없다고 한다.				
QUEST_LV_0500_20230309_002644	神戟マスターの段雅と会話する	신극 마스터 단 아와 대화하기				
QUEST_LV_0500_20230309_002645	段雅はあなたの名声を聞いて興味を示したようです。{nl}神戟について知りたいのであれば、段雅と話をしましょう。	단아는 당신의 명성을 듣고 흥미를 보이고 있습니다.{nl}신극에 대해서 알고 싶다면 단아와 이야기를 하세요.				
QUEST_LV_0500_20230309_002646	神戟マスター段雅から与えられた内容をこなす	신극 마스터 단 아가 준 일을 해결하기				
QUEST_LV_0500_20230309_002647	神戟マスター段雅は、あなたに課題を与えました。{nl}課題をこなして自身の能力を証明してください。	신극 마스터 단 아는 당신에게 과제를 주었습니다.{nl}과제를 해결해서 자신의 능력을 증명하셍.				
QUEST_LV_0500_20230309_002648	段雅から渡された任を終えた。{nl}段雅の元へ向かい、神戟の資格があると認めてもらいましょう。	단 아가 준 일을 해결했다.{nl}단 아에게 가서 신극의 자격을 인정받으세요.				
QUEST_LV_0500_20230309_002649	神戟マスター段雅と話す	신극 마스터 단 아와 이야기하기				
QUEST_LV_0500_20230309_002650	段雅は神戟となったあなたに、何か伝えたいことがあるそうです。{nl}段雅と話をしてみましょう。	단 아는 신극이 된 당신에게 무언가 전해줄 게 있다고 한다.{nl}단 아와 이야기를 하자.				
QUEST_LV_0500_20230309_002651	神戟マスター段雅からの課題をこなす	신극 마스터 단 아 준 과제를 해결하기				
QUEST_LV_0500_20230309_002652	段雅は神戟としての鍛錬課題を渡してきた。{nl}資格を証明して、神戟の資格を示すという衣装を受け取ろう。	단 아는 신극으로서 단련할 과제를 주었다.{nl}자격을 증명받고, 신극의 자격을 보여주는 옷을 받자.				
QUEST_LV_0500_20230309_002653	段雅からの課題は完了した。{nl}段雅の元へ戻って報告しに行こう。	단 아가 준 과제를 완료했다.{nl}단 아에게 돌아가 이야기하자.				
QUEST_LV_0500_20230703_002654	[エンジニアマスター]マーガレット・イネイザ	[엔지니어 마스터]마가렛 이네자				
QUEST_LV_0500_20230703_002655	啓示者！こっちだよこっち！	계시자! 여기야. 여기!				[엔지니어 마스터]마가렛 이네자
QUEST_LV_0500_20230703_002656	君があの有名な啓示者だって聞いたよ。	네가 그 유명한 계시자라고 들었어.				[엔지니어 마스터]마가렛 이네자
QUEST_LV_0500_20230703_002657	早速本題に入らせてもらうんだけど……{nl}君、工学に興味ない？{nl}興味があるなら、是非私から工学技術を学んでほしいんだけど……	바로 본론부터 이야기하자면...{nl}너 공학에 관심없어?{nl}관심이 있다면 내가 공학기술을 가르쳐줄 수 있는데...				[엔지니어 마스터]마가렛 이네자
QUEST_LV_0500_20230703_002658	────って、私から言っておいてなんだけどタダで教えることはできなくてね……！？{nl}その……あたしが出した課題を処理しないといけないの！	그냥은 안돼!{nl}내가 낸 과제를 처리해야해!				[엔지니어 마스터]마가렛 이네자
QUEST_LV_0500_20230703_002659	ひぇー……あたしが出した課題を全部終わらせるなんて……	내가 내준 과제를 전부 해결하다니...				[엔지니어 마스터]마가렛 이네자
QUEST_LV_0500_20230703_002660	やっぱり凄いんだね君は！{nl}これなら、今すぐにでもエンジニアの技術を覚えてもいいのでは！？	역시 대단해!{nl}엔지니어의 기술을 당장 배워도 되겠는데?				[엔지니어 마스터]마가렛 이네자
QUEST_LV_0500_20230703_002661	[エンジニア]創作は己の手で	[엔지니어]창작은 자기 손으로				
QUEST_LV_0500_20230703_002662	悪いけど別に興味ありません	그런 취미가 없다고 한다.				
QUEST_LV_0500_20230703_002663	オルシャにいるエンジニアマスターと会話する	오르샤의 엔지니어 마스터와 이야기하기				
QUEST_LV_0500_20230703_002664	エンジニアマスターがあなたに工学の道を歩むかどうかを訊いています。{nl}興味があるならエンジニアマスターのマーガレット・イネイザに会ってみましょう。	엔지니어 마스터가 당신에게 공학의 길을 걸어보겠냐고 물어봅니다.{nl}관심이 있다면 엔지니어 마스터 마가렛 이네자를 만나보세요.				
QUEST_LV_0500_20230703_002665	マーガレット・イネイザは、あなたがエンジニアとなるための課題を渡します。	마가렛 이네자는 당신이 엔지니어가 되기 위한 과제를 내줍니다.				
QUEST_LV_0500_20230703_002666	マーガレット・イネイザが出した課題をすべて終わらせました。{nl}エンジニアマスターの元へ戻り、資格を受け取りましょう。	마가렛 이네자가 내준 과제를 모두 해결했습니다.{nl}엔지니어 마스터에게 돌아가 자격을 획득하세요.				
QUEST_LV_0500_20230828_002667	来られましたか……	오셨군요...				라이마
QUEST_LV_0500_20230828_002668	事の経緯については、既に把握しています。	무슨 일이 있었는지는 잘 알고 있습니다.				네링가
QUEST_LV_0500_20230828_002669	我が主であるライマ様が、啓示者様をお待ちしております。	저의 주인이신 라이마님께서 계시자님을 찾고 계십니다.				네링가
QUEST_LV_0500_20230828_002670	注視者が己の半身を解放し、魔神として返り咲くための準備を進めています。	주시자는 결국 자신의 반신을 해방시키고, 마신으로서 돌아갈 준비를 하고 있습니다.				라이마
QUEST_LV_0500_20230828_002671	私の姉妹の1人が、あなたに力を貸してくれるでしょう。{nl}共に力を合わせ、注視者を阻止しなければなりません……	저의 자매 중 한명이 당신을 도와드릴 겁니다.{nl}함께 힘을 합쳐서 주시자를 막으셔야 합니다....				라이마
QUEST_LV_0500_20230828_002672	ここから先は立ち入り禁止です。	이 앞으로는 출입 금지입니다.				니코폴리스 경비병
QUEST_LV_0500_20230828_002673	えっ啓示者様ですか……？	계시자님이시라고요?				니코폴리스 경비병
QUEST_LV_0500_20230828_002674	なんてことだ……現在ここから先は魔族の領域となっております。	맙소사... 지금 이 앞은 마족의 영역이 되었습니다.				니코폴리스 경비병
QUEST_LV_0500_20230828_002675	オーウィニア様と共に結界を張り、魔族達がこれ以上出てこられないようにしましたが……	오위니아님과 함께 결계를 쳐서 마족들이 더 이상 이곳으로 못 나오게 했습니다만....				니코폴리스 경비병
QUEST_LV_0500_20230828_002676	我々だけでは、解決する術もなく……オルシャに支援要請をしたのですが、結界が今にも壊れそうなのです。	저희만으로는 어떻게 해결할 수 없어서 오르샤에 지원 요청을 했지만, 결계가 금방이라도 무너질 거 같습니다.				니코폴리스 경비병
QUEST_LV_0500_20230828_002677	啓示者様……どうかお助けください……	계시자님 도와주십시오....				니코폴리스 경비병
QUEST_LV_0500_20230828_002678	ここは既に注視者……いえ、スローガティスの魔力によって彼の領域となりました。{nl}まるでヴァカリネの魔族収監所のように……	이 곳은 이미 주시자, 아니 슬로거티스의 마력으로 그의 영역이 되었지.{nl}마치 바카리네의 마족수감소처럼 말이지...				여신 아우슈리네
QUEST_LV_0500_20230828_002679	人間であるあなたが、このような場所で迂闊に動くのは危険です。	인간인 네가 이러한 곳을 함부로 움직이는 것은 위험하다.				여신 아우슈리네
QUEST_LV_0500_20230828_002680	私が前を行き、あなたの力では解決できないようなモノを取り除きましょう。	내가 먼저 앞장서서 그대의 힘으로는 해결할 수 없는 것을 없애주도록 하겠다.				여신 아우슈리네
QUEST_LV_0500_20230828_002681	先ほどの魔物程度ならば、あなたでも対処できますね？	아까 나온 마족들 정도는 해치울 수 있겠지?				여신 아우슈리네
QUEST_LV_0500_20230828_002682	来ましたか。	왔구나.				여신 아우슈리네
QUEST_LV_0500_20230828_002683	スローガティスの魔力が宿った水晶ですが……あなたが来るまで、大半は取り除くことができました。	네가 오는 동안 슬로거티스의 마력이 담긴 수정을 대부분 제거했다.				여신 아우슈리네
QUEST_LV_0500_20230828_002684	しかし、私1人だけでは時間がかかりそうです。	하지만 나 혼자만으로는 시간이 걸릴 거 같구나.				여신 아우슈리네
QUEST_LV_0500_20230828_002685	人間の力を借りるのは、私の本意ではありませんが……	인간의 힘을 빌리고 싶지는 않지만...				여신 아우슈리네
QUEST_LV_0500_20230828_002686	啓示者、あなたに私の力を貸しましょう。その代わり、あなたも私に力を貸していただけますか？	계시자, 내가 힘을 빌려줄 테니 나를 도울 수 있겠느냐?				여신 아우슈리네
QUEST_LV_0500_20230828_002687	いいでしょう。{nl}……コレを。コレには、私の力が宿っています。	좋아.{nl}이것은 나의 힘이 담긴 것이다.				여신 아우슈리네
QUEST_LV_0500_20230828_002688	コレを使って付近に存在するスローガティスの水晶を取り除いてください。	이것을 사용해서 근처에 있는 슬로거티스의 수정을 제거해라.				여신 아우슈리네
QUEST_LV_0500_20230828_002689	他にスローガティスの黒い水晶がないか探してみよう	또 다른 슬로거티스의 검은 수정이 있는지 찾아보자.				None
QUEST_LV_0500_20230828_002690	パピヨン達の襲撃もなんとか退けた。黒い水晶探しを再開しよう	빠삐용들의 습격을 처리했으니, 다시 검은 수정을 찾아보자.				None
QUEST_LV_0500_20230828_002691	啓示者。スローガティスを討ちに行く前に……気にならないのですか？なぜ魔神達が登場したのか、そしてなぜ私が人間を信じられなくなったのか……	계시자, 슬로거티스를 치러 가기 전에 왜 마신들이 등장했는지, 그리고 내가 왜 인간을 못 믿는지 궁금하지 않느냐?				여신 아우슈리네
QUEST_LV_0500_20230828_002692	……一息つくついでに、話を聞いていきませんか？	잠시 숨을 돌릴 겸 이야기를 들어보지 않겠느냐?				여신 아우슈리네
QUEST_LV_0500_20230828_002693	これより、スローガティスの本拠地へと向かいます。	이제 슬로거티스의 본거지로 갈 것이다.				여신 아우슈리네
QUEST_LV_0500_20230828_002694	準備はよろしいですか？	준비는 되었느냐?				여신 아우슈리네
QUEST_LV_0500_20230828_002695	スローガティスの力が私の予想よりもはやく大きくなっていっています。	내 예상보다 빠르게 슬로거티스의 힘이 커지고 있어.				여신 아우슈리네
QUEST_LV_0500_20230828_002696	以前あなたが持って行った「破壊の調べ」を使わなければならないようです……	예전에 내가 가져갔던 파괴의 곡조를 써야할 거 같군...				여신 아우슈리네
QUEST_LV_0500_20230828_002697	これを作った張本人であるパイドパイパーマスターの元へ行き、この調べの修理と今よりもさらなる力の強化をお願いします。	이것을 만든 장본인인 파이드 파이퍼 마스터에게 가서 이 곡조의 힘을 수리하고 더욱 강화하도록 해라.				여신 아우슈리네
QUEST_LV_0500_20230828_002698	彼は今ノヴァハ書庫へいるようです。{nl}あなたがパイドパイパーマスターの元を訪ねている間に、あの魔力の根源を探してみましょう。	그는 지금 노바하 서고에 있다고 하니{nl}네가 파이드 파이퍼 마스터에게 가는 동안 저 마력의 근원지를 찾아보겠다.				여신 아우슈리네
QUEST_LV_0500_20230828_002699	……なるほど。	그렇게 되었습니까?				파이드 파이퍼 마스터
QUEST_LV_0500_20230828_002700	魔神は再び目覚め、完全な復活まで残すはあと一歩────いや半歩という状態となった。そういうことですね？	마신은 다시 깨어났고, 이제 완전한 부활까지는 한 걸음, 아니 반 걸음 정도 남은 상태라는 말씀이지요?				파이드 파이퍼 마스터
QUEST_LV_0500_20230828_002701	そしてその「破壊の調べ」……本来であれば一度使ってしまうと力尽きて消滅するようにしておいたのですが……	그리고 그 파괴의 곡조는 원래 한 번 쓰면 기운이 다 하여 없어지도록 해두었는데...				파이드 파이퍼 마스터
QUEST_LV_0500_20230828_002702	やはり女神アウシュリネ様の権能は全く衰えることなく、そのままだったのですね。	역시 여신 아우슈리네 님의 권능은 전혀 사라짐이 없이 그대로이셨군요.				파이드 파이퍼 마스터
QUEST_LV_0500_20230828_002703	……なら人間の世界を少しでも楽にしてくださればよかったものを……	그렇다면 인간 세상을 좀 더 편하게 해주셨으면 좋았을 것을...				파이드 파이퍼 마스터
QUEST_LV_0500_20230828_002704	……ああ、いいえ。ともかく、この「破壊の調べ」を……ただ修理するだけというのでしたら、そう難しくありません。	아, 아닙니다. 어쨌든, 이 파괴의 곡조를 ... 그냥, 수리만 하면 되는 거라면 간단합니다.				파이드 파이퍼 마스터
QUEST_LV_0500_20230828_002705	はい、ここです。どうぞお持ちください。	여기 있습니다. 가져 가시죠.				파이드 파이퍼 마스터
QUEST_LV_0500_20230828_002706	そして私は放浪の身ですので、ここに長居したくありません。	그리고 저는 방랑자임으로 이곳에 오래 있는 것은 좋지 않습니다.				파이드 파이퍼 마스터
QUEST_LV_0500_20230828_002707	では啓示者様。……縁があれば、またお会いできましょう。	계시자님 인연이 있다면 또 만나겠지요...				파이드 파이퍼 마스터
QUEST_LV_0500_20230828_002708	戻りましたか。	돌아왔구나.				여신 아우슈리네
QUEST_LV_0500_20230828_002709	後は二ヵ所にあるスローガティスの石像を壊せば、スローガティスの結界は破れるでしょう。	이제 두 곳에 있는 슬로거티스의 석상을 제거하면 슬로거티스의 결계를 파괴할 수 있다.				여신 아우슈리네
QUEST_LV_0500_20230828_002710	石像を壊すこと自体は容易なことですが……このような事すら解決できないのであれば、スローガティスを倒すことなどできましょうか？	석상을 제거하는 일은 간단한 일이지만, 이런 일조차 해결하지 못한다면  과연 슬로거티스를 쓰러뜨릴 수 있을까?				여신 아우슈리네
QUEST_LV_0500_20230828_002711	ライマの呼び声	라이마의 부름				
QUEST_LV_0500_20230828_002712	向かいます	가겠다고 한다.				
QUEST_LV_0500_20230828_002713	まだ準備が必要です	아직 준비가 필요하다고 한다.				
QUEST_LV_0500_20230828_002714	濃い闇の気配	짙은 어둠의 기운				
QUEST_LV_0500_20230828_002715	もっと準備してからにしよう	준비를 더하고 오자.				
QUEST_LV_0500_20230828_002716	魔神の水晶破壊（1）	마신의 수정 파괴(1)				
QUEST_LV_0500_20230828_002717	少し準備したいものがあります	잠깐 준비할 게 있다고 한다.				
QUEST_LV_0500_20230828_002718	他の水晶をさがして	또 다른 수정을 찾아서				
QUEST_LV_0500_20230828_002719	魔神の水晶破壊（2）：EP15_2_D_NICOPOLIS_1_MQ_6	마신의 수정 파괴(2) : EP15_2_D_NICOPOLIS_1_MQ_6				
QUEST_LV_0500_20230828_002720	魔神の水晶破壊（2）	마신의 수정 파괴(2)				
QUEST_LV_0500_20230828_002721	アウシュリネの語り	아우슈리네의 이야기				
QUEST_LV_0500_20230828_002722	話を聞かせてください	잠시 쉬며 이야기를 듣는다고 한다.				
QUEST_LV_0500_20230828_002723	黒い結界	검은 결계				
QUEST_LV_0500_20230828_002724	パイドパイパーマスターの元へ	파이드 파이퍼 마스터에게로				
QUEST_LV_0500_20230828_002725	少し別件を済ませます	잠시 다른 일을 한다고 한다.				
QUEST_LV_0500_20230828_002726	結界解除（1）	결계 제거(1)				
QUEST_LV_0500_20230828_002727	石像を壊してきます	석상을 파괴하고 오겠다고 한다.				
QUEST_LV_0500_20230828_002728	力を貸してください	도와달라고 요청한다.				
QUEST_LV_0500_20230828_002729	結界解除（2）	결계 제거(2)				
QUEST_LV_0500_20230828_002730	長き戦いの終わり	긴 싸움의 끝				
QUEST_LV_0500_20230828_002731	オルシャのネリンガと話す	오르샤에서 네링가와 이야기하기				
QUEST_LV_0500_20230828_002732	ロゼの死以降、注視者はどこへ向かったのだろう？{nl}オルシャでネリンガと会って話をしよう。	로제의 죽음 이후, 주시자는 어디로 간 것일까?{nl}오르샤에서 네링가와 만나서 이야기를 해보자.				
QUEST_LV_0500_20230828_002733	ライマの聖域で女神ライマと話す	라이마의 성소에서 라이마 여신과 이야기하기				
QUEST_LV_0500_20230828_002734	ネリンガは女神ライマの元へ向かうよう言ってからライマの聖域へ送ってくれた。{nl}女神ライマの元へ向かおう。	네링가는 라이마 여신에게 가보라고 하며 라이마의 성소로 보내주었다.{nl}라이마 여신에게 가보도록 하자.				
QUEST_LV_0500_20230828_002735	ライマの言う姉妹の女神をさがす	라이마의 자매 여신을 찾기				
QUEST_LV_0500_20230828_002736	女神ライマは注視者の覚醒が目前であると言い、注視者のいるところに自身の姉妹である女神が力を貸してくれると教えてくれた。{nl}ライマのいう姉妹女神をさがしてみよう。	라이마 여신은 주시자의 각성이 머지 않았다고 하며, 주시자가 있는 곳에 자신의 자매 여신이 도와줄 것이라고 이야기했다.{nl}라이마의 자매 여신을 찾아보자.				
QUEST_LV_0500_20230828_002737	ニコポリス警備兵と話す。	니코폴리스 경비병과 이야기하기				
QUEST_LV_0500_20230828_002738	女神ライマは、自身の姉妹が力を貸してくれると言ったのち、スタリータウンへとワープさせてくれた。{nl}スタリータウンがなんだか雑然としている気がする……何かあったのだろうか？	라이마 여신은 자신의 자매가 도와준다고 말을 하며, 스타리 타운으로 워프시켜줬다.{nl}스타리 타운이 어수선한데... 무슨 일이 있는걸까?				
QUEST_LV_0500_20230828_002739	秘密の実験室へ移動	비밀실험실로 이동하기				
QUEST_LV_0500_20230828_002740	ニコポリス一帯が注視者に掌握され、周囲に混乱が起きている状態だ。{nl}注視者が隠れている秘密の実験室へ移動しよう。	니코폴리스 일대가 주시자의 손아귀에 넘어가 주변이 혼란스러운 상태다.{nl}주시자가 숨어있느 비밀실험실로 이동하자.				
QUEST_LV_0500_20230828_002741	女神アウシュリネと話す	아우슈리네와 이야기하기				
QUEST_LV_0500_20230828_002742	秘密の実験室で女神アウシュリネと会った。{nl}アウシュリネと話をしてみよう。	비밀실험실에서 아우슈리네 여신을 만났다.{nl}아우슈리네와 이야기를 해보자.				
QUEST_LV_0500_20230828_002743	女神アウシュリネと会話	여신 아우슈리네와 이야기하기				
QUEST_LV_0500_20230828_002744	秘密の実験室でライマが話していた姉妹女神であるアウシュリネと会った。{nl}女神アウシュリネと話をしてみよう。	비밀실험실에서 라이마가 말한 여신 아우슈리네를 만났다.{nl}여신 아우슈리네와 이야기해보자.				
QUEST_LV_0500_20230828_002745	パピヨンを退けてから女神アウシュリネと合流	빠삐용 처치 후 여신 아우슈리네와 합류하기				
QUEST_LV_0500_20230828_002746	女神アウシュリネが秘密の実験室の中の危険要素を取り除いてくれるらしい。{nl}モンスターのパピヨンを10体倒してから合流しよう。	아우슈리네 여신이 비밀실험실 안의 위험요소를 제거해준다고 한다.{nl}빠삐용 몬스터 10마리를 제거하고 합류하자.				
QUEST_LV_0500_20230828_002747	モンスターのパピヨンをあらかた片づけたようだ。{nl}女神アウシュリネが教えてくれた場所へ移動しよう	빠삐용 몬스터를 어느 정도 제거했다.{nl}아우슈리네 여신이 알려준 장소로 이동하자.				
QUEST_LV_0500_20230828_002748	モンスターのパピヨン掃討	빠삐용 몬스터 처치				
QUEST_LV_0500_20230828_002749	女神アウシュリネが何かを発見したことをあなたに教えてくれるようだ。{nl}女神アウシュリネと話をしてみよう。	아우슈리네 여신은 무언가 발견한 것을 당신에게 알려주고 한다.{nl}아우슈리네 여신과 이야기를 하자.				
QUEST_LV_0500_20230828_002750	魔神の水晶破壊	마신의 수정 파괴하기				
QUEST_LV_0500_20230828_002751	女神アウシュリネが渡してくれた祝福で魔神の水晶を見つけ出し、破壊しよう。	아우슈리네 여신이 준 축복으로 마신의 수정을 찾아서 파괴하자.				
QUEST_LV_0500_20230828_002752	女神アウシュリネが渡してくれた祝福で魔神の水晶を見つけ出し、破壊しよう。	아우슈리네 여신이 준 축복으로 마신의 수정을 찾아서 파괴하자				
QUEST_LV_0500_20230828_002753	他の黒い水晶を探す	또 다른 검은 수정 찾기				
QUEST_LV_0500_20230828_002754	女神アウシュリネが与えた祝福の力で黒い水晶を取り除いた。{nl}まだどこかに他の水晶が残っているかもしれない。探してみよう。	아우슈리네 여신이 준 축복의 힘으로 검은 수정을 제거했다.{nl}다른 수정이 있을 수도 있으니 찾아보도록 하자.				
QUEST_LV_0500_20230828_002755	パピヨンの群れが女神の祝福を欺くほどの力を持っているようだ。{nl}気をつけて探索しよう。	빠삐용 무리가 여신의 축복을 속일 정도의 힘을 가지고 있는 모양이다.{nl}조심해서 탐색을 진행하자.				
QUEST_LV_0500_20230828_002756	黒い水晶の破壊	검은 수정 파괴하기				
QUEST_LV_0500_20230828_002757	ポータルが開かれ、そのまま乗り込もうとした矢先、女神アウシュリネが何か話したいことがあるようだ。	포탈이 열려서 곧장 포탈로 가려고 했지만, 아우슈리네 여신이 무언가 할 이야기가 있는 거 같다.				
QUEST_LV_0500_20230828_002758	女神アウシュリネはあなたと話をしたいようだ。{nl}話し合いをしてみよう。	아우슈리네 여신은 당신과 이야기를 나누려고 한다.{nl}이야기를 나눠보자.				
QUEST_LV_0500_20230828_002759	女神アウシュリネと会話する	아우슈리네 여신과 대화하기				
QUEST_LV_0500_20230828_002760	女神アウシュリネの話を聞き終えた。{nl}スローガティスとの戦いへ向かおう。	아우슈리네 여신의 이야기를 모두 들었다.{nl}이제 슬로거티스를 처리하러 가자.				
QUEST_LV_0500_20230828_002761	魔神の拠点へ移動	마신의 처소로 이동하기				
QUEST_LV_0500_20230828_002762	魔神の拠点へ戻る	마신의 처소로 들어가기				
QUEST_LV_0500_20230828_002763	ウピニスに阻まれている間、女神アウシュリネは魔神の拠点へ向かった。{nl}魔神の拠点へ向かおう。	우피니스에게 가로막힌 사이에 아우슈리네 여신은 마신의 처소로 향했다.{nl}마신의 처소로 향하자.				
QUEST_LV_0500_20230828_002764	先に着いていた女神アウシュリネは何か悩んでいるようだ。{nl}女神アウシュリネと話し合ってみよう。	먼저 도착해있던 아우슈리네 여신은 고민에 빠진 듯하다.{nl}아우슈리네 여신과 이야기를 하자.				
QUEST_LV_0500_20230828_002765	女神アウシュリネと会話	여신 아우슈리네와 대화하기				
QUEST_LV_0500_20230828_002766	パイドパイパーマスターと会話	파이드 파이퍼 마스터와 대화하기				
QUEST_LV_0500_20230828_002767	女神アウシュリネはパイドパイパーマスターの元へ行って「破壊の調べ」を修復してくるよう言った。	아우슈리네 여신은 파이드 파이퍼 마스터에게 가서 파괴의 곡조를 고쳐오라고 한다.				
QUEST_LV_0500_20230828_002768	ノヴァハ書庫にいるパイドパイパーマスターと会って話し合おう。	노바하 서고에 있는 파이드 파이퍼 마스터를 만나서 대화하자.				
QUEST_LV_0500_20230828_002769	パイドパイパーマスターは、あなたがここに来ることを知っていたようだ。	파이드 파이퍼 마스터는 당신이 이곳에 올 것을 알고 있었다.				
QUEST_LV_0500_20230828_002770	パイドパイパーマスターと話をしよう。	파이드 파이퍼 마스터와 대화를 하자.				
QUEST_LV_0500_20230828_002771	パイドパイパーマスターに「破壊の調べ」を修復してもらった。{nl}女神アウシュリネと話をしよう。	파이드 파이퍼 마스터로부터 파괴의 곡조를 수리받았다.{nl}아우슈리네 여신과 대화하자.				
QUEST_LV_0500_20230828_002772	スローガティス石像の破壊	슬로거티스의 석상을 파괴하기				
QUEST_LV_0500_20230828_002773	女神アウシュリネはスローガティスの石像2つを破壊しろとあなたに伝えた。{nl}石像を破壊してから女神アウシュリネの元へ戻ろう。	아우슈리네 여신은 슬로거티스의 석상 2개를 파괴하라고 당신에게 말했습니다.{nl}석상을 파괴한 후 아우슈리네 여신에게 돌아가세요.				
QUEST_LV_0500_20230828_002774	スローガティスの石像を倒す	슬로거티스의 석상 처치				
QUEST_LV_0500_20230828_002775	マスマ討伐	마스마 처치				
QUEST_LV_0500_20230828_002776	ダークスタチュー討伐	다크 스태츄 처치				
QUEST_LV_0500_20230828_002777	スローガティスの石像2つを壊した。	슬로거티스의 석상 2개를 제거했다.				
QUEST_LV_0500_20230828_002778	女神アウシュリネのところへ戻って、この事を報せよう。	아우슈리네 여신에게로 돌아가서 이 사실을 알리자.				
QUEST_LV_0500_20230828_002779	スローガティスを倒す	슬로거티스 처치하기				
QUEST_LV_0500_20230828_002780	スローガティスの覚醒は目前だ。{nl}彼を倒そう。	슬로거티스의 각성이 멀지 않았다.{nl}그를 쓰러뜨리자.				
QUEST_LV_0500_20230828_002781	スローガティス討伐	슬로거티스 처치				
QUEST_LV_0500_20230828_002782	次の脅威に備える	다음 위협에 대비하기				
QUEST_LV_0500_20230828_002783	注視者は消え去ったが、まだ混乱は終わっていないようだ。{nl}次の戦いに備えよう。	주시자는 사라졌지만, 아직 혼란은 끝나지 않은 거 같다.{nl}다음 싸움을 준비하자.				
QUEST_LV_0500_20230828_002784	オルシャと王国を追い詰めていた注視者、否「魔神スローガティス」を倒した。{nl}この事をオルシャの領主イネッサ・へモンデールへ伝えよう。	오르샤와 왕국을 괴롭혔던 주시자, 아니 마신 슬로거티스를 처치했다.{nl}이 사실을 오르샤의 영주 이네샤 헤먼데일에게 전하자.				
QUEST_LV_0500_20240201_002785	この世界に存在する不吉で邪悪なものを集めたスローガティスまで消滅した以上、私は────	이제 이 세상에 존재하는 불경하고 사악한 것들을 모으던 슬로거티스까지 사라진 이상 저는...				여신 라이마
QUEST_LV_0500_20240201_002786	啓示者様に、最後に残った啓示の真実をお伝えせねばなりませんね。	계시자에게 마지막 남은, 계시의 진실을 알려드려야겠군요.				여신 라이마
QUEST_LV_0500_20240201_002787	やはり、どなたかの助けが必要なようですね。遥か昔の、木に葉が刻まれた羅針盤があれば……ええ、そうです。テスラを訪ねてください、啓示者様。テスラなら、きっと羅針盤を作ってくれるでしょう。	아무래도, 누군가의 도움이 필요할 것 같군요. 아주 오래전, 나무에 나뭇잎을 새겨 놓은 나침반이 있다면 ... 그렇습니다. 모처에 있는 테슬라를 찾아가주세요, 계시자 님. 테슬라라면 나침반을 만들어 줄 겁니다.				여신 라이마
QUEST_LV_0500_20240201_002788	久しぶりじゃの。……そうじゃ。世界が破滅の一途を辿ることはなんとか阻止できた状態じゃが……不安要素はまだ残っておる……	오랜만일세. 그래, 세상이 파멸 일로로 가는 것만은 겨우 막은 상태이네만, 아직 불안의 요소들은 그대로 남아 있지...				조각가 테슬라
QUEST_LV_0500_20240201_002789	啓示の欠片か。ライマ様の数多くの手配の一つだったはずじゃったろうに……そうなってしまったか。それは心配じゃのう……ともかくそれも啓示であるのじゃから、啓示を探していた時のように探せばよい。	계시의 조각이라. 라이마님의 수많은 안배 중 하나였을 것인데... 그리되었군. 걱정이네. 어쨌든, 그것도 계시니까 계시를 찾듯이 찾아가면 되겠지.				조각가 테슬라
QUEST_LV_0500_20240201_002790	色々あった末、わしは気がついた時すでに永生の道を辿ったが……限られた時間を生きる人間の生というのは、それだけで価値があるものじゃ。安全でないにせよ、その方向で間違いないと言うのなら行かねばなるまい。……健闘を祈っておるぞ。	나는 어쩌다 보니 영생의 길로 들어섰지만, 제한된 시간을 사는 인간의 삶이라는 것은 그것만으로 가치 있는 일이야. 안전하지 않아도, 그 방향이 확실하다면, 꼭 가야겠지. 건투를 비네.				조각가 테슬라
QUEST_LV_0500_20240201_002791	だがその葉……うむ、随分妙な場所を指しておるのう？クラント沿岸か……もしかしたら……	그런데... 그 나뭇잎, 지금은 매우 묘한 곳을 가리키고 있군? 크란토 연안... 어쩌면...				조각가 테슬라
QUEST_LV_0500_20240201_002792	遠くから近づいてくるあなたを見て、面倒事に巻き込まれたくなかったので未然に防ごうとしたのですが……この程度の障害では役不足だったようですね。	멀리서 다가오는 너를 보며, 귀찮은 일에 휘말리고 싶지 않아 막으려 했지만 그 정도 장애물로는 역부족이었던 것 같구나.				여신 유라테
QUEST_LV_0500_20240201_002793	ここまでくると私も興味がわいてきました。ライマの啓示者がどれほどの力を持っているのか……	여기까지 오니 나도 궁금하구나. 라이마의 계시자가 어느 정도의 힘을 가지고 있는지를…				여신 유라테
QUEST_LV_0500_20240201_002794	はたして、あなたがその啓示を取り戻すのに相応しい人間なのか……私の目で直接確かめるとしましょう。	과연, 네가 그 계시를 되찾기에 적합한 인간인지 내 눈으로 직접 보자꾸나.				여신 유라테
QUEST_LV_0500_20240201_002795	すばらしい。私も手に入れたかったのは山々なのですが、周辺をうろつく恐ろしいモンスターのせいで迂闊に近づけなかったのです。ここぞとばかりで申し訳ないのですが……ついでにもう一つ頼みを聞いていただけないでしょうか？	아주 잘했소. 나도 구하고 싶었지만, 주변을 떠도는 무서운 몬스터들 때문에 마음 놓고 접근하지 못하던 참이었지. 기왕 이렇게 된 김에 부탁 하나만 더 들어주지 않겠소?				다미요나스
QUEST_LV_0500_20240201_002796	クレイブゴーレムの核をすべて持ってきてくださってありがとうございます……ですがその……	묘지골렘의 핵을 모두 가져다줘서 고맙소….그런데…..				다미요나스
QUEST_LV_0500_20240201_002797	いらっしゃいましたか。お待ちしておりました。あなたが持っているその羅針盤は色々と相反する力が絡み合っているが故に、不安定な状態で暴走する一歩手前まできておりますね。ここまで導いたのも奇跡に近いほどです。それとも……これもライマ様によってすべて計算されていたのでしょうか？	어서 오십시오. 기다리고 있었습니다. 가지고 계신 나침반은 여러 가지 상반되는 힘이 뒤엉켜 있어 불안정한 상태로 폭주하기 직전이네요. 여기까지 인도한 것도 기적에 가깝다고 생각됩니다. 아니면….이것도 라이마님에 의해 모두 계산된 것이었을까요?				크로노맨서 마스터
QUEST_LV_0500_20240201_002798	羅針盤が次の目的地を指すようにするためには、暴走している力を安定させなければなりません。元はと言えば……力を与えられた女神ユラテの助けがあったらよかったのですが……おそらく、これ以上の介入は望まないでしょう。女神ユラテから力を得た強力な存在がいれば、羅針盤を安定化させるのに必要な気を集められるはずです。	나침반이 다음 목적지를 가리키도록 하기 위해선 폭주하고 있는 힘을 안정시켜야만 합니다. 애초에 힘을 부여하신 유라테 여신께서 도와주시면 좋겠지만….아마 더 이상의 개입을 원치 않으실 겁니다. 유라테 여신으로부터 힘을 얻은 강력한 존재가 있다면……나침반을 안정화 시키는데 필요한 기운을 모을 수 있을 것입니다.				크로노맨서 마스터
QUEST_LV_0500_20240201_002799	私の知る限り、そのような存在は1つしかありません。メレジナ……啓示者様が望まれるのでしたら、メレジナの元へ辿り着けるポータルをお作りいたしましょう。	제가 알기로 그런 존재는 단 하나뿐이 없습니다. 머래지나…….계시자 님께서 원하신다면 머래지나에게 닿을 수 있는 포탈을 생성해 드리겠습니다.				크로노맨서 마스터
QUEST_LV_0500_20240201_002800	怪しき会合	수상한 회동				
QUEST_LV_0500_20240201_002801	真実の聖所へ	진실의 성소로				
QUEST_LV_0500_20240201_002802	真実を教えてほしい	진실을 알려달라고 한다.				
QUEST_LV_0500_20240201_002803	聞く前に心の準備をしてくる	들을 준비를 하고 오겠다고 한다.				
QUEST_LV_0500_20240201_002804	謎の羅針盤	의문의 나침반				
QUEST_LV_0500_20240201_002805	会話を続ける	대화를 계속한다.				
QUEST_LV_0500_20240201_002806	引き返す	돌아간다.				
QUEST_LV_0500_20240201_002807	思わぬ遭遇	뜻밖의 조우				
QUEST_LV_0500_20240201_002808	ユラテの試験	유라테의 시험				
QUEST_LV_0500_20240201_002809	準備できた	준비되었다고 한다.				
QUEST_LV_0500_20240201_002810	会話終了	대화 종료.				
QUEST_LV_0500_20240201_002811	完成した羅針盤	완성된 나침반				
QUEST_LV_0500_20240201_002812	新たな方向	새로운 방향				
QUEST_LV_0500_20240201_002813	思わぬ遭遇(2)	뜻밖의 조우(2)				
QUEST_LV_0500_20240201_002814	損傷した羅針盤	손상된 나침반				
QUEST_LV_0500_20240201_002815	魔力が宿った石	마력 깃든 돌				
QUEST_LV_0500_20240201_002816	クレイブゴーレムの核	묘지골렘의 핵				
QUEST_LV_0500_20240201_002817	不安定な羅針盤	불안정한 나침반				
QUEST_LV_0500_20240201_002818	碑石路へ向かって	비석로를 향해				
QUEST_LV_0500_20240201_002819	魔王と魔神たちの会話の目撃	마왕과 마신들의 대화 목격				
QUEST_LV_0500_20240201_002820	注視者は神樹へと還りましたが、それに劣らない闇の気が集まっているのを感じます。また新たな悲劇を起こさせないためにも、何が起こっているのか直接確かめなければなりません。		주시자는 신수로 돌아갔지만, 그에 못지않은 어둠의 기운이 모여들고 있는 것이 느껴집니다. 또 다른 비극을 막기 위해, 무슨 일이 벌어지려고 하는지 직접 확인해야 합니다.				
QUEST_LV_0500_20240201_002821	魔王と魔神たちの会合に聞き耳を立てる中、新たな啓示の存在を知ることになりました。事実を確認するため、女神ライマを訪ねましょう。	마왕과 마신들의 회동을 엿듣는 중에 새로운 계시의 존재에 대해 알게 되었습니다. 사실 확인을 위해 라이마 여신을 찾아가야 합니다.				
QUEST_LV_0500_20240201_002822	ティルトルビーマスターと会話する	딥디르비 마스터와 대화하기				
QUEST_LV_0500_20240201_002823	ライマは自らの意志を持つようになった啓示の存在を確認させてくれました。これを探すためにもティルトルビーマスターの元へ行って羅針盤を作ってもらわなければなりません。	라이마는 스스로 의지를 가지게 된 계시의 존재를 확인시켜주었습니다. 이를 찾기 위해 딥디르미 마스터에게 나침반을 제작해달라고 해야 합니다.				
QUEST_LV_0500_20240201_002824	クラント沿岸で羅針盤が指し示す方向へ向かう	크란토 연안에서 나침반이 가리키는 방향을 향해 가기				
QUEST_LV_0500_20240201_002825	ティルトルビーマスターが作ってくれた羅針盤はクラント沿岸を指し示しています。何が待ち受けているのか直接行ってみましょう。	딥디르비 마스터가 만들어준 나침반은 크란토 연안을 가리키고 있습니다. 무엇이 기다리고 있을지 직접 가봅시다.				
QUEST_LV_0500_20240201_002826	クラント沿岸で女神ユラテと会話する	크란토 연안에서 유라테 여신과 대화하기				
QUEST_LV_0500_20240201_002827	羅針盤が指し示す方向の先には女神ユラテがいました。何の意図があってかは不明ですが、啓示者へ向けてモンスターを召喚して自身に近づくことを拒もうとしていたようです。	나침반이 가리키는 방향의 끝에는 여신 유라테가 있었습니다. 무슨 일인지 계시자를 향해 몬스터를 소환하여 자신에게 다가오는 것을 막으려 하였습니다.				
QUEST_LV_0500_20240201_002828	クラント沿岸で女神ユラテと会話する	크란토 연안에서 유라테 여신과 대화 하기				
QUEST_LV_0500_20240201_002829	女神ユラテを追い、羅針盤に力を付与してくれるよう頼まないといけません。	유라테 여신을 따라가서 나침반에 힘을 부여해 줄 것을 청해야 합니다.				
QUEST_LV_0500_20240201_002830	女神ユラテは、ようやく羅針盤に力を付与してくれそうです。	마침내, 유라테 여신은 나침반에 힘을 부여해 줄 것 같습니다.				
QUEST_LV_0500_20240201_002831	ガルエット平野で羅針盤が示す方向へ向かう	갈르엣 평야에서 나침반이 가리키는 방향을 향해 가기				
QUEST_LV_0500_20240201_002832	祝福された羅針盤はガルエット平野を示しています	축복받은 나침반은 갈르엣 평야를 가리키고 있습니다.				
QUEST_LV_0500_20240201_002833	魔神バウバスが現れました。現れた理由が何であれ、その意図が良い内容であるはずがありません。	마신 바우바스가 나타났습니다. 나타난 이유가 무엇이든 그 의도가 좋을 리 없습니다.				
QUEST_LV_0500_20240201_002834	パサカ峡谷で力を貸してくれそうな人を探す	파사카 협곡에서 도움을 줄 사람을 찾아보기				
QUEST_LV_0500_20240201_002835	魔神バウバスが召喚したモンスターの爆発によって羅針盤が損傷してしまいました。この状況も女神ライマは予知していたのでしょうか？周辺で力を貸してくれそうな人がいないか探してみましょう。	마신 바우바스가 소환한 몬스터의 폭발로 인해 나침반이 손상되었습니다. 이 상황도 라이마 여신은 예지하고 있던 것일까요? 주변에서 도움을 줄 수 있는 사람이 없는지 찾아봐야 합니다.				
QUEST_LV_0500_20240201_002836	パサカ峡谷で磁性が混ざった粉を10個集める	파사카 협곡에서 자성이 섞인 가루 10개 채집하기				
QUEST_LV_0500_20240201_002837	ダミヨナスは羅針盤を修理するための1つ目の材料として「魔力が宿った石」を集めてきてほしいとお願いしました。	다미요나스는 나침반을 수리하기 위한 첫 번째 재료로 마력 깃든 돌을 채집해 줄 것을 부탁했습니다.				
QUEST_LV_0500_20240201_002838	磁性が混ざった粉を採集する	자성이 섞인 가루 채집하기				
QUEST_LV_0500_20240201_002839	パサカ峡谷でグレイヴゴーレムの核50個獲得	파사카 협곡에서 묘지골렘의 핵 50개 획득하기				
QUEST_LV_0500_20240201_002840	ダミヨナスは羅針盤を修理する間、自身の研究のためにグレイヴゴーレムの核をいくつか手に入れてきてほしいと頼んできました。	다미요나스는 나침반을 수리하는 동안 자신의 연구를 위해 묘지골렘의 핵을 다수 구해줄 것을 요청했습니다.				
QUEST_LV_0500_20240201_002841	グレイヴゴーレムの核を獲得	묘지골렘의 핵 획득하기				
QUEST_LV_0500_20240201_002842	ダミヨナスと会話する	다미요나스와 대화하기				
QUEST_LV_0500_20240201_002843	戦闘で生き残る	전투에서 살아남기				
QUEST_LV_0500_20240201_002844	後は羅針盤を修理するだけでしたが、思わぬ事態が起こってしまいました。	이제 나침반을 수리할 일만 남았을 텐데, 뜻밖의 일이 벌어졌습니다.				
QUEST_LV_0500_20240201_002845	ヴァイガはその場を去り、女神と魔神の力が混ざった羅針盤は再びどこかを示し始めました。	바이가는 떠났고, 여신과 마신의 힘이 뒤섞인 나침반은 다시 어딘가를 가리키기 시작했습니다.				
QUEST_LV_0500_20240201_002846	碑石路で羅針盤が指し示す方向へ向かう	비석로에서 나침반이 가리키는 방향을 향해 가기				
QUEST_LV_0500_20240201_002847	碑石路ではどのようなことが待ち受けているのでしょうか？すべてが女神ライマの予知なのか、突発な状況の連続なのか、今はまだ知る由もありません。	비석로에선 어떤 사건이 기다리고 있을까요? 모든 게 라이마 여신의 예지인지, 돌발 상황의 연속인지 지금으로선 알 수 없습니다.				
QUEST_LV_0500_20240328_002848	彼と話をしよう。	그와 이야기를 하자.	QUEST_LV_0500_20230130_002582	ロゼの死を悼むエドムンダス……{nl}彼と話をしよう	로제의 죽음에 애통해하는 에드문다스...{nl}그와 이야기를 하자.	
QUEST_LV_0500_20240902_002849	いらっしゃったのですね。{nl}……お待ちしておりました。	오셨군요...기다리고 있었습니다.				여신 라이마
QUEST_LV_0500_20240902_002850	例の羅針盤が、再び図書館を指し示しているということですね……分かりました。その存在は折れた枝となってしまったようです。たとえそれが、巨大な樹から育った枝だったとしても……一度折れて地へと落ちてしまった枝は再び取り戻すことも、樹に付け直すこともできないものです。	그 나침반이, 다시 도서관을 향하고 있다는 말씀이시군요….알겠습니다. 그 존재는 꺾인 가지가 된 것 같습니다. 아무리 커다란 나무에서 자란 가지라고 하더라도, 한 번 꺾여서 땅으로 떨어진 가지는 다시 붙이거나 되돌릴 수 없는 법이지요.				여신 라이마
QUEST_LV_0500_20240902_002851	それが神樹と女神の世界を織りなす理……。啓示者様に道を示しましょう。	그것이 신수와 여신의 세상을 이루는 이치…..계시자 님께 길을 안내해 드리겠습니다				여신 라이마
QUEST_LV_0500_20240902_002852	この石板はネリンガが張った一種の結界です。やはり啓示の欠片らしく、石板の形をしていますね。	이 석판은 네링가가 만들고 간 일종의 결계입니다. 계시의 조각답게 역시, 석판 모양을 하고 있군요.				여신 바이보라
QUEST_LV_0500_20240902_002853	微かではありますが……魔神の力も僅かに感じます。ネリンガの身に何かあったに違いありません。	미미하지만….마신의 어두운 힘도 일부 느껴집니다. 네링가에게 무슨 일이 발생한 게 틀림없어요.				여신 바이보라
QUEST_LV_0500_20240902_002854	この石板を壊すこと自体は、そう難しいことではないでしょう。しかしこの先遭遇するであろう石板も、同じように容易く破壊できるかどうかは……私も断言できません。	이 석판을 파괴하는 건 그리 어렵지 않을 것입니다. 하지만 앞으로 만나게 될 석판들도 그렇게 간단하게 파괴할 수 있을지는 저도 장담할 수 없겠습니다.				여신 바이보라
QUEST_LV_0500_20240902_002855	この石板は、以前破壊した石板よりも魔神の力が増しています。これはあくまで推測ですが……ネリンガに近づけば近づくほど、魔神の力が強くなるのではないかと思います。私の空間であるこの図書館で、私を阻むために壁を作るとは……ネリンガは一体何を考えているのでしょうか……	이 석판은 이 전에 파괴한 석판보다 마신의 힘이 더 강해져 있습니다. 추측건대 네링가에게 다가갈수록 마신의 힘이 더 강해지지 않을까 싶습니다. 저의 공간인 이 도서관에서 이렇게 저를 막기 위해 벽을 만들다니, 도대체 무슨 생각일까요, 네링가는…?				여신 바이보라
QUEST_LV_0500_20240902_002856	……惜しいことに、バウバスを道連れにしてバランディス91館と共に消え去ろうとした私の計画は……失敗しました。{nl}ええ、分かっておりました。啓示者様がバイボラ様と共に崩壊装置を準備していたことを。	아쉽게도, 바우바스와 함께 발란디스 91관과 사라지려던 저의 계획이 실패했습니다. 알고 있습니다. 계시자 님께서 바이보라님과 함께 붕괴 장치를 준비하셨다는 사실을 말입니다.				네링가
QUEST_LV_0500_20240902_002857	予想されていた通りです。私は徐々に魔気へと染まっていってる身。幸い、まだ啓示としての自我が残っており、魔気に染まりつつある自我すらもバウバスを騙すことに利用できました。しかしこの身は、いつどこで世界破滅への導線に触れるか分からない存在……その前にまず、{nl}私は────私のやるべき事をやり遂げましょう。	저는 예상하신 바대로 점점 마기에 물들어가는 몸. 다행히 아직 계시로서의 자아가 있어 마기에 물들어가는 자아조차 바우바스를 속이는 데 이용할 수는 있었으나, 언제 어느 때에 이 몸으로 세상의 파멸의 뇌관을 건드릴지 모르는 존재…우선 저는 저의 할 일을 하겠습니다.				네링가
QUEST_LV_0500_20240902_002858	折れた枝	꺾인 가지				
QUEST_LV_0500_20240902_002859	(ここまでのことを伝える)	그동안의 이야기를 전해준다.				
QUEST_LV_0500_20240902_002860	バイボラの聖水	바이보라의 성수				
QUEST_LV_0500_20240902_002861	混乱の石板	혼란스러운 석판				
QUEST_LV_0500_20240902_002862	時間稼ぎ	시간 벌기				
QUEST_LV_0500_20240902_002863	染まっていく石板	물들어가는 석판				
QUEST_LV_0500_20240902_002864	時間稼ぎ (2)	시간 벌기(2)				
QUEST_LV_0500_20240902_002865	巨大な敵	거대한 적				
QUEST_LV_0500_20240902_002866	バランディス3館へ	발란디스 3관으로				
QUEST_LV_0500_20240902_002867	魔族収監所へ向かって	마족수감소를 향하여				
QUEST_LV_0500_20240902_002868	変化するネリンガ	변화하는 네링가				
QUEST_LV_0500_20240902_002869	魔神達の介入	마신들의 개입				
QUEST_LV_0500_20240902_002870	崩壊装置の活性化 (1)	붕괴장치의 활성화(1)				
QUEST_LV_0500_20240902_002871	崩壊装置の活性化 (2)	붕괴장치의 활성화(2)				
QUEST_LV_0500_20240902_002872	崩壊装置の活性化 (3)	붕괴장치의 활성화(3)				
QUEST_LV_0500_20240902_002873	崩壊装置の活性化 (4)	붕괴장치의 활성화(4)				
QUEST_LV_0500_20240902_002874	思考するネリンガ	생각하는 네링가				
QUEST_LV_0500_20240902_002875	悩みに暮れるネリンガ	고민하는 네링가				
QUEST_LV_0500_20240902_002876	完成された自我	완성된 자아				
QUEST_LV_0500_20240902_002877	最後の戦い	최후의 전투				
QUEST_LV_0500_20240902_002878	すべてにおいて疑問が多すぎます。ライマの元へ戻って現在までの状況について話し合いましょう。	모든 상황들이 의문투성이입니다. 라이마에게 돌아가 현재까지의 상황에 대해 이야기해야 합니다.				
QUEST_LV_0500_20240902_002879	女神バイボラと会話する	바이보라 여신과 대화하기				
QUEST_LV_0500_20240902_002880	ライマが導いた場所はバランディス2館の隔離資料館です。ここの主人と話し合う必要があります。	라이마가 인도한 곳은 발란디스 2관의 격리 자료관입니다. 이곳의 주인과 대화해 봐야 합니다.				
QUEST_LV_0500_20240902_002881	バランディス2館の隔離資料館の近くでバイボラの聖水を5つ手に入れる	발란디스 2관의 격리 자료관 근처에서 바이보라의 성수 5개 구하기.				
QUEST_LV_0500_20240902_002882	バイボラは自身の力を回復するため、付近にあるという聖水を手に入れてきてほしいと頼んできました。	바이보라는 자신의 힘을 회복하기 위해 근처에서 성수를 구해 달라고 부탁했습니다.				
QUEST_LV_0500_20240902_002883	次の場所でバイボラと合流して会話する	다음 장소에서 바이보라와 만나 대화하기				
QUEST_LV_0500_20240902_002884	バイボラは自分についてくるよう言いました。移動装置を利用して大分類作業室にいるバイボラに話しかけましょう。	바이보라는 자신을 따라오라고 말했습니다. 이동 장치를 이용하여 대분류 작업실에 있는 바이보라와 대화해야 합니다.				
QUEST_LV_0500_20240902_002885	モンスターを倒しながら時間を稼ぐ	몬스터를 처치하여 시간 벌기				
QUEST_LV_0500_20240902_002886	バイボラは自分が石板を破壊する準備をしている間、周辺のモンスターを片づけてほしいそうです。	바이보라는 자신이 석판을 파괴할 준비를 할 동안 주변의 몬스터들을 처치해 줄 것을 부탁했습니다.				
QUEST_LV_0500_20240902_002887	大分類作業室、資料鑑定室、保留作業室でモンスターを50体倒す（モンスターの種類は問わない）	대분류 작업실, 자료 검정실, 보류 작업실에서 종류에 관계없이 몬스터 50마리 처치하기				
QUEST_LV_0500_20240902_002888	女神バイボラの元へ戻る	여신 바이보라에게 다시 가보기				
QUEST_LV_0500_20240902_002889	バランディス2館 女神の通路でバイボラと会話	발란디스 2관 여신의 통로에서 바이보라와 대화하기				
QUEST_LV_0500_20240902_002890	次の結界石板に向けて移動し、バイボラと話し合いましょう。	다음 결계 석판을 향해 이동하여 바이보라와 대화해야 합니다.				
QUEST_LV_0500_20240902_002891	女神バイボラと会話	여신 바이보라와 대화하기				
QUEST_LV_0500_20240902_002892	女神の通路、魔導書の置き場でモンスターを倒そう。	여신의 통로, 마도서 거치소에서 몬스터를 처치하자.				
QUEST_LV_0500_20240902_002893	女神バイボラと共に石板を壊そう。	여신 바이보라와 함께 석판을 파괴하자.				
QUEST_LV_0500_20240902_002894	バランディス2館のルーンストーン分類室へ移動	발란디스 2관의 룬스톤 분류실로 이동하기				
QUEST_LV_0500_20240902_002895	バイボラは結界が壊れたことで発生した爆発について、この先も引き続き気をつけるべきだと言いました。さらに先へ進まなければなりません。	바이보라는 결계가 파괴되면서 발생한 폭발에 대해 앞으로도 계속해서 주의해 줄 것을 당부했습니다. 더 앞으로 나아가야 합니다.				
QUEST_LV_0500_20240902_002896	バランディス3館でバイボラと会話	발란디스 3관에서 바이보라와 대화하기				
QUEST_LV_0500_20240902_002897	これでバランディス2館の結界をすべて破壊しました。バランディス3館へ移動し、ネリンガを追いましょう。	이제 발란디스 2관의 모든 결계를 파괴했습니다. 발란디스 3관으로 이동하여 네링가를 추격합시다.				
QUEST_LV_0500_20240902_002898	魔族収監所 第5区域のヴァカリオン大会堂へ移動	마족수감소 5구역의 바카리온 대회당으로 이동하기				
QUEST_LV_0500_20240902_002899	魔族収監所へ移動し、何が起きているのか確かめる必要があるようです。	마족수감소로 이동하여 무슨 일이 벌어지고 있는지 확인해야 합니다.				
QUEST_LV_0500_20240902_002900	もう一度バランディス3館へ戻り、バイボラと話し合いましょう。	발란디스 3관으로 다시 돌아가서 바이보라와 대화해야 합니다.				
QUEST_LV_0500_20240902_002901	もう一度バランディス3館へ戻り、バイボラと話し合いましょう。	비발란디스 3관으로 다시 돌아가서 바이보라와 대화해야 합니다.				
QUEST_LV_0500_20240902_002902	幻想図書館にバウバスが現れました。それはつまり、この先も他の魔神が現れる可能性が十分あるということになります。	환상도서관에 바우바스가 나타났습니다. 그렇다는 건 다른 마신들도 나타날 수 있다는 뜻입니다.				
QUEST_LV_0500_20240902_002903	バイボラはまずはじめに活性化させるべき崩壊装置「フリシド」について言及しました。	바이보라는 가장 먼저 활성화해야 할 붕괴 장치로 플리시드를 이야기했습니다.				
QUEST_LV_0500_20240902_002904	召喚されるモンスターから生き残る	소환되는 몬스터들로부터 살아남기				
QUEST_LV_0500_20240902_002905	攻撃を仕掛けてくるモンスターをすべて倒してバイボラを守る。	공격하는 몬스터들을 모두 처치하고 바이보라를 보호하기.				
QUEST_LV_0500_20240902_002906	バイボラと会話	바이보라와 대화하기				
QUEST_LV_0500_20240902_002907	バイボラは2番目に活性化させるべき崩壊装置「バラノス」について言及しました。	바이보라는 두 번째로 활성화해야 할 붕괴장치로 발라노스를 이야기했습니다.				
QUEST_LV_0500_20240902_002908	バイボラは2番目に活性化させるべき崩壊装置「バラノス」について言及しました。	바이보라는 두 번째로 활성화해야 할 붕괴장치로 발라노스를 이야기했습니다				
QUEST_LV_0500_20240902_002909	バイボラは3番目に活性化させるべき崩壊装置「ブロノド」について言及しました。	바이보라는 세 번째로 활성화해야 할 붕괴장치로 블로노드를 이야기했습니다.				
QUEST_LV_0500_20240902_002910	バイボラは最後に活性化させるべき崩壊装置「バランダル」について言及しました。	바이보라는 마지막으로 활성화해야 할 붕괴 장치로 발란다르를 이야기했습니다.				
QUEST_LV_0500_20240902_002911	召喚されるモンスターから生き残ってボスを倒す	소환되는 몬스터들로부터 살아남고 보스를 처치하기.				
QUEST_LV_0500_20240902_002912	バランディス91館でネリンガと会話	발란디스 91관에서 네링가와 대화하기				
QUEST_LV_0500_20240902_002913	バランディス91館へと入り、ネリンガと会わなければなりません。彼女だけがあなたに真実をすべて話してくれるでしょう。	발란디스 91관으로 들어가 네링가를 만나야 합니다. 그녀만이 당신에게 모든 진실을 말해줄 것입니다.				
QUEST_LV_0500_20240902_002914	姿を消したネリンガとバウバスを追いましょう。	사라진 네링가와 바우바스를 추격해야 합니다.				
QUEST_LV_0500_20240902_002915	どうやらネリンガはバウバスを騙そうとして失敗したようです。ネリンガのところへ行って話を聞きましょう。	아무래도 네링가가 바우바스를 속이려던 게 실패한 것 같습니다. 네링가를 찾아 이야기를 들어야 합니다.				
QUEST_LV_0500_20240902_002916	バランディス91館でバイボラと会話	발란디스 91관에서 바이보라와 대화하기				
QUEST_LV_0500_20240902_002917	完全に悪の自我に染まってしまったネリンガは、自分自身を倒すために己の領域に入ってくるよう言いました。最後の戦いに備えましょう。	악의 자아에 완전히 물든 네링가는 자신을 처치하기 위해 자신의 영역으로 들어오라고 하였습니다. 최후의 전투를 준비해야 합니다.				
QUEST_LV_0500_20250212_002918	王国全域に生じた複数の「傷」を癒し、再び平和を取り戻さねばなりません。	왕국 전역에 생긴 상처들을 치유하고 다시 평화를 가져와야 합니다.				여신 라이마
QUEST_LV_0500_20250212_002919	……ネリンガは人の姿をしていましたが、私の啓示として生まれたが故に、自身に課された使命から外れるような判断を行うことができませんでした。	네링가는 인간의 모습을 하고 있지만, 저의 계시로 태어나 자신에게 내려진 사명 외에 다른 판단은 할 수 없었습니다.				여신 라이마
QUEST_LV_0500_20250212_002920	ヴェリウオナの行いによってネリンガの自我は不浄に染まってしまった……己を存在させる原因となった共に消滅する運命に対して、混乱したことでしょう。ですが……	벨리우오나의 행위로 네링가는 부정한 자아를 가지게 되었고, 자신이 존재하게 된 원인과 결국 소멸될 운명에 대한 혼란이 있었을 것입니다. 하지만….				여신 라이마
QUEST_LV_0500_20250212_002921	……たしかに、ネリンガは消滅する運命にありました。しかしそこに至るまで、どのような過程が存在していたかまでは……私の予知をもってしても知ることができませんでした……	네링가는 결국 소멸될 운명이었지만, 이런 식의 과정이 있을 줄은 저의 예지로도 알 수 없었습니다.				여신 라이마
QUEST_LV_0500_20250212_002922	……私も、しばらく己を見つめ直し、反省する時間が必要なようです。啓示者様は姿を消したパヤウタの行方を追っていただけますか。	저에게도 당분간 성찰할 시간이 필요하겠습니다. 계시자님은 사라진 파야우타를 찾아주십시오.				여신 라이마
QUEST_LV_0500_20250212_002923	表立って現れていませんが、今回の件では彼女にも色々な出来事があったようですね……パヤウタが今どこにいるのか正確な位置までは特定できませんが、彼女の気配自体はコノット森から感じます。	드러나진 않았지만, 이번 사건에서 그녀에게도 많은 일이 있었습니다. 현재의 정확한 위치는 알 수 없지만, 코노트 숲에서 그녀의 존재가 느껴집니다. 				여신 라이마
QUEST_LV_0500_20250212_002924	これはあくまで推測だけど……あの蜂たちを統制する「何か」は、啓示者の登場を凄く不快に思っているか──逆に喜んでいるように見えるわ。	제 예상이지만, 저 벌들을 통제하는 “어떤 존재” 는 계시자님의 등장이 매우 불쾌하거나 매우 반가운 것 같군요.				파야우타
QUEST_LV_0500_20250212_002925	あたしを「監視対象」とするなら……君はさながら「抹殺対象」ってところかな。	제가 감시해야 할 대상이었다면….계시자님은 처치해야 할 대상인 것 같습니다.				파야우타
QUEST_LV_0500_20250212_002926	君が戦っている間、あの蜂たちが飛んでくる方向を注意深く見ていたわ。……よし、次はあの痕跡を追ってみよう。	계시자님이 싸우는 동안 저 벌들이 날아오는 방향을 유심히 보고 있었어요. 이제 그 흔적을 추적해보죠.				파야우타
QUEST_LV_0500_20250212_002927	……やっぱり、啓示者である君は影響を受けていないようだね。	…..아무래도 계시자님은 영향을 받지 않으신 것 같군요.				파야우타
QUEST_LV_0500_20250212_002928	あのレダニアって女王蜂が現れた時、一瞬なにかの香りが辺り一面に広まったの。	저 레다니아라는 여왕벌이 등장하면서, 어떤 향기 같은 게 순식간에 퍼졌습니다.				파야우타
QUEST_LV_0500_20250212_002929	あの香りが周囲にいるすべての生命体に影響を与えるみたいでね……私も、頭の中が狂気に支配されていく感覚がした。	그게 주변 모든 생명체에게 영향을 끼쳤고, 제 머릿속은 광기에 지배되어 갔습니다.				파야우타
QUEST_LV_0500_20250212_002930	戦闘に混じってたら……多分、君にも危害を加えてたかもしれない。	아마 전투에 난입했다면 계시자님, 당신을 공격했을지도 몰라요.				파야우타
QUEST_LV_0500_20250212_002931	レダニアはたしか、あたし達に「鍾乳洞へ来い」って言ってたよね？{nl}あそこは本来、女神ダリアの領域……{nl}レダニアがそこを自分の支配下に置いているのだとしたら……この戦い、一筋縄ではいかなさそうね。	레다니아는 우릴 종유 동굴로 오라고 했습니다. 그곳은 본래 달리아 여신의 영역. 레다니아가 그곳을 지배하고 있다면 쉽지 않은 싸움이 될 것 같아요.				파야우타
QUEST_LV_0500_20250212_002932	それじゃあ、鍾乳洞で会いましょ。まだ残っているクポル達がいるなら、何か情報を得られるかもしれないし。	종유 동굴에서 만나요. 아직 남아있는 큐폴들이 있다면 정보를 얻을 수 있을지 모릅니다.				파야우타
QUEST_LV_0500_20250212_002933	この洞窟に入って来てから、微かではあるけど……さっきの戦闘でも嗅いだ香りがする。	이 동굴에 들어오면서부터, 희미하지만 조금 전 전투에서 마주했던 향기가 납니다.				파야우타
QUEST_LV_0500_20250212_002934	あたしは、状況把握が済むまで内部に進まない方が良さそう。	저는 완전히 상황 파악이 끝나기 전까지 내부로 진입하지 않는 것이 좋겠어요.				파야우타
QUEST_LV_0500_20250212_002935	君はひとまず……この辺りに協力してくれそうなクポル達がいないか捜してくれる？お願いね。	계시자님, 일단 주변에 도움을 줄 만한 큐폴들이 없는지 수색을 부탁드립니다.				파야우타
QUEST_LV_0500_20250212_002936	パヤウタには会えましたか？	파야우타를 만나 보셨나요?				여신 라이마
QUEST_LV_0500_20250212_002937	ネリンガが消滅した時、己の悪意を宿した欠片を世界中に散りばめました。	네링가가 소멸할 때, 자신의 악의를 담은 조각을 온 세상에 퍼트렸습니다.				여신 라이마
QUEST_LV_0500_20250212_002938	欠片の影響を受けて凶暴化したモンスターの大半は、王国軍と啓示者達によって鎮まりました。	조각의 영향을 받아 흉폭해진 몬스터들은 왕국군과 계시자들에 의해 대부분 처치되었습니다.				여신 라이마
QUEST_LV_0500_20250212_002939	クリスタルゴーレムのように、後から出現した脅威も無事討ち取られています。	수정 골렘 같이 나중에 드러난 위협도 처치 되었구요.				여신 라이마
QUEST_LV_0500_20250212_002940	レダニアという女王蜂が生まれた原因も、きっと同じでしょう。{nl}ただ……「女神ダリアの不在」によって生まれた「隙」が、此度の事態をより大きくしてしまったものと思われます。	레다니아라는 여왕벌도 태어난 원인은 같을 거예요. 다만…..달리아 여신의 부재가 만들어낸 빈틈이 사태를 더욱 키운 것 같습니다.				여신 라이마
QUEST_LV_0500_20250212_002941	……啓示者様。今からプレイグドクターマスターの元を訪ねて、そのレダニアの香りに影響されないための方法を探しだしてください。そして必ず、レダニアを討ち取ってください。	계시자님, 지금부터 플레이그 닥터 마스터를 찾아가 레다니아의 향기에 영향받지 않을 방법을 찾아주세요. 그리고 레다니아를 반드시 처치해주세요.				여신 라이마
QUEST_LV_0500_20250212_002942	私は他の姉妹たちと共に、女神ダリアの復活について話し合ってきます。	저는 다른 자매들과 함께 달리아 여신의 부활에 대해 논의할 겁니다.				여신 라이마
QUEST_LV_0500_20250212_002943	えっと……私に何か要件がおありで？{nl}あいにく、今は新しい薬草を研究するのに忙しい身なのですが……	지금 새로운 약초를 연구하느라 매우 바쁩니다만….무슨 일이십니까?				플레이그 닥터 마스터
QUEST_LV_0500_20250212_002944	私のような者に女神ライマが助力を請うとは……状況はそれほどまでに深刻なのですね。	라이마 여신께서 저 같은 사람에게 까지 도움을 요청하시다니….상당히 위급한 상황인 것 같군요.				플레이그 닥터 마스터
QUEST_LV_0500_20250212_002945	私はその「レダニア」という存在を直接目にした事はないのですが……{nl}話を聞いた限りですと……そうですね、なんとなくではありますが、見当がつく部分もあります。	제가 그 레다니아라는 존재를 실제로 본적은 없으나….설명하신 부분을 들었을 때 짐작이 가는 부분이 있습니다.				플레이그 닥터 마스터
QUEST_LV_0500_20250212_002946	蜂たちはフェロモンを通して互いに意思疎通できるのです。ですがそれは、蜂同士の間で行われるコミュニケーションなだけであって、服従関係に基づく命令伝達システムというわけではありません。	벌들은 페로몬을 통해 서로 소통합니다. 하지만 그건 벌 집단 간의 의사소통일 뿐, 복종 관계의 명령 하달 체계는 아닙니다..				플레이그 닥터 마스터
QUEST_LV_0500_20250212_002947	おそらくレダニアは、そのフェロモンを自身の目的に合わせて歪められる力を持っているようですね。	하지만 레다니아는 그 페로몬을 자신의 목적에 맞게 뒤틀 수 있는 힘이 있는 것 같습니다.				플레이그 닥터 마스터
QUEST_LV_0500_20250212_002948	それに、本来なら影響を受けるはずがない他の生命体にまで及ぶほどの影響力も持っているようです。	또한, 본래대로라면 영향을 받지 않아야 할 다른 생명체들까지도 영향력을 끼치고 있는 것 같습니다.				플레이그 닥터 마스터
QUEST_LV_0500_20250212_002949	そうですね……啓示者様、もう一度鍾乳洞へ向かっていただけますか？そこでモンスターを倒した後に採取できるサンプルを集めてきてもらいたいのです。	계시자님은 다시 종유 동굴로 가셔서 몬스터들을 처치한 후 나오는 표본을 모아 가져와주십시오.				플레이그 닥터 마스터
QUEST_LV_0500_20250212_002950	私はその間、蜂のフェロモンに耐性を持つ薬草について調べておきます。	저는 말벌의 페로몬에 내성을 가질 수 있는 약초에 대해 연구해보고 있겠습니다.				플레이그 닥터 마스터
QUEST_LV_0500_20250212_002951	ふぅ……{nl}ちょっとずつ自分を落ち着かせながら、ひとまずここまでは辿り着けたわ。	휴우……조금씩 제 자신을 다스리면서 이 곳까지는 도달할 수 있게 되었습니다.				파야우타
QUEST_LV_0500_20250212_002952	クポルのメデナ様から、この香りに抵抗する手段を少し教わったの。	큐폴 메데나 님으로부터 이 향기에 저항하는 방법을 조금은 배웠습니다.				파야우타
QUEST_LV_0500_20250212_002953	そっちはどう？{nl}ひとまず、ここに来るまでに知ったことを聞かせてくれる？	그동안 알게 된 것들을 들려주십시오.				파야우타
QUEST_LV_0500_20250212_002954	『女神ダリアの復活』………{nl}本当に、女神ライマ様ご本人の口から、そう語られたのですか？	달리아 여신의 부활….그 이야기를 라이마 여신님께서 직접 하셨다는 것이지요?				큐폴 메데나
QUEST_LV_0500_20250212_002955	方法が『存在』しているとはいえ、それはあくまで理論上に存在しているだけ……一度も行ったことはないのです。	방법이 있다고 해도 그건 이론상으로 존재할 뿐, 한번도 해본 적 없는 일이에요.				큐폴 메데나
QUEST_LV_0500_20250212_002956	まぁ、それは女神様たち同士で悩むことだから{nl}一旦おいておくとして……あたし達は目の前の脅威を片づけないと。{nl}そうでしょ？	그건 여신님들끼리 고민해야 할 일이고…우리는 눈앞에 닥친 위협을 해결해야죠.				파야우타
QUEST_LV_0500_20250212_002957	啓示者。この辺のモンスターのサンプルなら、あたしが渡してあげられるけど……ここより奥の方には、まだ入れないの。{nl}奥の方は君になんとか頑張ってもらうしかないみたい。	계시자님. 이곳 주변의 몬스터들 표본은 제가 드릴 수 있지만, 아직 더 깊은 곳으로 들어갈 수가 없습니다. 안쪽은 계시자님이 애써 주셔야겠습니다.				파야우타
QUEST_LV_0500_20250212_002958	サンプルは十分に集まった？	표본을 충분히 모으셨나요?				파야우타
QUEST_LV_0500_20250212_002959	はい。あたしが集めておいたサンプルと、君が集めてきたサンプルを合わせたものよ。	제가 모아 놓은 표본이랑 계시자님이 모아온 표본을 합쳤습니다.				파야우타
QUEST_LV_0500_20250212_002960	コレを持って、プレイグドクターマスター様のところへ行ってらっしゃい。{nl}あたしはメデナ様を隣で看ておくわ。	이걸 가지고 플레이그 닥터 마스터님에게 다녀오세요. 전 큐폴 메데나 님을 옆에서 보살펴야겠어요.				파야우타
QUEST_LV_0500_20250212_002961	サンプルはたんまり集めてくださいましたか？{nl}私が調べて十分な量の薬を調合するためには、沢山要りますからね。	표본은 충분히 모아오셨겠죠? 제가 연구하고 충분한 양의 약을 제조하려면 많은 양의 표본이 필요합니다.				플레이그 닥터 마스터
QUEST_LV_0500_20250212_002962	ふむ……うーん……すみませんが、次からはもう少し多めにお願いしますね。あなたとパヤウタ氏、そしてクポル殿の分も入れた3人分の薬となると……{nl}この感じですと、余裕を持って作るには少々ギリギリな量なので。	음….다음부터는 좀 더 많은 양을 가져오도록 하세요. 당신과 파야우타, 그리고 큐폴까지 3 명분의 약을 넉넉하게 만들려면 이정도로는 너무 빠듯합니다.				플레이그 닥터 마스터
QUEST_LV_0500_20250212_002963	あなた達のための薬は調合しておきました。{nl}……調合はしたのですが、良い知らせと悪い知らせがあります。	당신들을 위한 약을 제조했습니다만, 좋은 소식과 나쁜 소식이 있습니다.				플레이그 닥터 마스터
QUEST_LV_0500_20250212_002964	良い知らせというのは、この薬を飲めば{nl}一時的ではありますが、テブリン鍾乳洞1区域を自由に歩き回れるようになること。	좋은 소식이라면 이 약을 통해 테브린 종유동 1구역을 한시적으로 마음껏 돌아다닐 수 있을 것입니다.				플레이그 닥터 마스터
QUEST_LV_0500_20250212_002965	そして悪い知らせというのは……{nl}テブリン鍾乳洞2区域に進めば、この薬では不十分……最悪まったく効果がない可能性がある、ということです。	나쁜 소식은 테브린 종유동 2구역에 진입하면 이 약으로는 충분하지 않거나 효과가 전혀 없을 수 있다는 것입니다.				플레이그 닥터 마스터
QUEST_LV_0500_20250212_002966	この薬を持って行ってあなたの仲間の方にも飲ませ、先ほどと同様に2区域のサンプルも集めてきてください。	이 약을 가지고 돌아가 당신 동료들에게도 먹이고, 마찬가지로 2 구역의 표본들을 모아오도록 하세요.				플레이그 닥터 마스터
QUEST_LV_0500_20250212_002967	私の仮説が正しいのか、間違っているのか……確かめなければ。	저의 가설이 맞는지 틀린지 확인을 해야겠습니다.				플레이그 닥터 마스터
QUEST_LV_0500_20250212_002968	プレイグドクターマスター様から薬は貰った？	플레이그 닥터 마스터님에게 약을 받아오셨습니까?				파야우타
QUEST_LV_0500_20250212_002969	～～～っ！{nl}……胃がひっくり返りそうなくらい、苦い……わね。	윽…..비위가 상할 정도로 쓴 맛이네요.				파야우타
QUEST_LV_0500_20250212_002970	でも……薬を飲んだら、なんだか頭がスッキリしてきた気がする。	하지만 약을 먹고 나니….머리가 맑아지는 것 같습니다.				파야우타
QUEST_LV_0500_20250212_002971	私の分まで用意してくださるなんて……非常にありがたいこと、ですが……	제 것까지 준비해주시다니…너무 감사합니다…..만….				큐폴 메데나
QUEST_LV_0500_20250212_002972	うぅ……私にとっても、あまり飲みやすい味、というわけでは……なさそうですね。	후…..저에게도 그렇게 먹기 좋은 맛은 아닌 것 같아요.				큐폴 메데나
QUEST_LV_0500_20250212_002973	あたしと啓示者は、引き続き先へ進むつもりよ。	저와 계시자님은 계속해서 들어갈 생각입니다.				파야우타
QUEST_LV_0500_20250212_002974	先に行ってるわ、啓示者。2区域の入口で落ち合いましょ。	저는 먼저 들어가 있겠습니다. 2구역 입구에서 만나죠.				파야우타
QUEST_LV_0500_20250212_002975	啓示者様、ありがとうございます。おかげさまで、身体の調子もだいぶ良くなってきましたので……{nl}……私はライマ様を訪ねてみようかと思います。	계시자님 감사합니다. 이제 기운을 차렸으니….저는 라이마 여신님을 찾아가보려고 합니다.				큐폴 메데나
QUEST_LV_0500_20250212_002976	ダリア様の復活について言及されたのです……仕えていたクポルとして、どのような論が交わされているのか、確かめなければ。	달리아 여신님의 부활에 관하여 언급하셨다니….모셨던 큐폴로써 어떤 이야기가 오고 가고 있는지 확인해야겠어요.				큐폴 메데나
QUEST_LV_0500_20250212_002977	2区域に入ってきたわけだけど……1区域とは状況が違うようね。またあの、特有のフェロモンを感じる……頭が痛くなってきたわ。	2구역에 들어오니…..1구역과는 상황이 다른 것 같아요. 다시 그 특유의 페로몬이 느껴지면서 머리가 아파지기 시작합니다.				파야우타
QUEST_LV_0500_20250212_002978	「またサンプルを集めてほしい」って、プレイグドクターマスター様が？{nl}……そう。それなら、さっさと2区域のモンスターからサンプルを集めた方が良さそうね。	플레이그 닥터 마스터님의 말한대로, 2구역의 몬스터 표본을 모아가는게 좋을 것 같습니다.				파야우타
QUEST_LV_0500_20250212_002979	レダニアに近づいてきたからフェロモンが強くなってきているのか、それとも他に理由があるのか……それを把握することも必要よ。	레다니아와 가까워져서 페로몬이 더 강력해진 것인지, 다른 요소가 있는 건지 파악하는 과정이 필요해요.				파야우타
QUEST_LV_0500_20250212_002980	あたしは周辺のモンスターを相手しながらサンプルを集めておくわ。啓示者、君は奥の方のモンスターをお願い。	저는 이 주변 몬스터들을 상대하며 표본을 모으고 있을 테니, 계시자님께서는 안쪽의 몬스터들을 상대해 주세요				파야우타
QUEST_LV_0500_20250212_002981	戻ってきたのね……はい、コレ。{nl}あたしが集めた分も一緒にプレイグドクターマスター様に渡して、新しい薬をまたお願いするわね……	돌아오셨군요…여기 제가 모은 표본과 함께 플레이그 닥터 마스터님에게 전달하고 새로운 약을 부탁드리겠습니다.				파야우타
QUEST_LV_0500_20250212_002982	ところで……君は本当になんともないみたいだね……{nl}あたしは、今も眩暈が激しくて……悪いけど、ちょっと休ませてもらうわね。	그런데 계시자님은 정말 아무렇지도 않은 것 같군요….전 지금 많이 어지러워서….좀 쉬고 있어야 겠어요.				파야우타
QUEST_LV_0500_20250212_002983	無事に戻ってこられたのを見るに、薬はうまく作用したようですね。{nl}よかったです。	무사히 돌아오신 걸 보니 약이 효과가 있었던 것 같아 기쁩니다.				플레이그 닥터 마스터
QUEST_LV_0500_20250212_002984	では早速、2区域のモンスターのサンプルをいただけますか。{nl}すぐにでも確かめたいことがありまして。	2구역의 몬스터 표본을 주십시오. 당장 확인해 봐야 할 것들이 있습니다.				플레이그 닥터 마스터
QUEST_LV_0500_20250212_002985	やはりそうか……	역시 그렇군……				플레이그 닥터 마스터
QUEST_LV_0500_20250212_002986	今から説明することは、あくまで仮説に過ぎませんが……{nl}仮説の中でも、特に可能性の高いものとなります。	지금부터 설명하는 건 어디까지나 가설에 불과합니다만, 아주 가능성이 높은 가설입니다.				플레이그 닥터 마스터
QUEST_LV_0500_20250212_002987	私は1区域と2区域のモンスターで得たサンプルから、件の「レダニア」という存在から漂うフェロモンの痕跡を見つけることができました。	저는 1구역과 2구역의 몬스터 표본에서 그 레다니아라는 존재가 뿜어내는 페로몬의 흔적을 찾을 수 있었습니다.				플레이그 닥터 마스터
QUEST_LV_0500_20250212_002988	問題は、その濃度の違いだったのですが{nl}1区域と2区域は、単純に肉眼で見ても濃度に2~3倍ほど違いがあることが分かります。	문제는 농도 차이인데, 1구역과 2구역의 차이는 단순 육안으로 보기에도 2-3 배의 농도 차이가 있어 보입니다.				플레이그 닥터 마스터
QUEST_LV_0500_20250212_002989	厳密に言ってしまえば、私の作る薬にも致死量というものは存在します。{nl}そしてテブリン鍾乳洞は5区域まである。……これは、あなたが件のレダニアという存在に真っ向から挑むことを考慮して、話をしているのです。	제가 만드는 약에도 엄연히 치사량이라는게 있습니다. 테브린 종유동은 총 5구역까지 있는데, 그 레다니아라는 존재와 직접 싸우실 것 같아 드리는 이야기입니다.				플레이그 닥터 마스터
QUEST_LV_0500_20250212_002990	この計算でいくと……1区域でお渡しした分よりも、最低13倍以上の濃度で薬を調合しなければ正気を保つことは難しいでしょう。しかし13倍以上の濃度というのは……ごく普通の生命体が飲んでしまえば、全身の感覚を失い──最悪、嗅覚や視力を完全に失う恐れがある……それほどの量なのです。	이런 계산이라면 1구역에서 드렸던 것의 최소 13 배 이상 농도로 약을 제조해드려야 제 정신으로 버틸 수 있는데, 그건 평범한 생명체가 마셨다간 온몸의 감각 상실, 심하면 후각과 시력을 완전히 잃어버릴 수 있는 양입니다.				플레이그 닥터 마스터
QUEST_LV_0500_20250212_002991	ですが私の見立てでは、あなたとあなたのお仲間さんに生じているフェロモンの反応は、どこか違うように見えます。	하지만 제가 지켜본 바로, 당신과 당신 동료에 대한 페로몬 반응은 달라 보입니다.				플레이그 닥터 마스터
QUEST_LV_0500_20250212_002992	私が見るに……{nl}あなたは先ほどお渡しした薬だけでも、テブリン鍾乳洞で活動するのに{nl}これといって支障がなかった……違いますか？	제가 볼 때….당신은 굳이 기존에 드린 약만 복용해도 테브린 종유동에서 활동하는데 큰 지장이 없어 보여요. 맞지요?				플레이그 닥터 마스터
QUEST_LV_0500_20250212_002993	私が最も疑問に思っていることが、まさにソレなのです。一体何故なのでしょうね。{nl}単に啓示者様がこのフェロモンに対して特別な耐性を持っているのか……それとも、あのレダニアという存在が意図してあなたにだけ反応しないよう、フェロモンに変化を加えたのか……	저의 최종 의문은 이겁니다. 계시자님이 단순히 그 페로몬에 대한 특별한 내성이 있는 것인가? 아니면 그 레다니아라는 존재가 의도적으로 당신에게만 반응하지 않도록 페로몬에 변형을 가한 것인가?				플레이그 닥터 마스터
QUEST_LV_0500_20250212_002994	……ふぅ。どうやら、私の役割はここまでのようですね。とりあえず、あなたの仲間には{nl}もう洞窟の奥に進まないように伝えてください。	아무래도 저의 역할은 여기까지인 것 같습니다. 당신 동료에게는 더 이상 동굴 안으로 들어가지 말라고 전해주세요.				플레이그 닥터 마스터
QUEST_LV_0500_20250212_002995	……まぁ、うすうす感じてはいたわ。同じフェロモンに晒されて、同じ薬を飲んだっていうのに……啓示者、君はあまりにいつも通りだったから。	어렴풋이 느끼고는 있었습니다. 같은 페로몬에 노출되고 같은 약을 먹었는데도 계시자님, 당신은 너무 자연스러워 보였거든요.				파야우타
QUEST_LV_0500_20250212_002996	これ以上薬はないのよね？それなら、あたしは早くここから出ないと……	더 이상의 약은 없다고 하셨으니, 저는 빨리 이곳을 빠져나가야 될 것 같습니다.				파야우타
QUEST_LV_0500_20250212_002997	君が無事にレダニアを倒すことができれば{nl}そのうち、きっとまた会えるよ。	계시자님이 성공적으로 레다니아를 처치한다면, 우리는 곧 다시 볼 수 있을 겁니다.				파야우타
QUEST_LV_0500_20250212_002998	騙し騙され	속고 속이고				
QUEST_LV_0500_20250212_002999	痕跡探し	흔적 찾기				
QUEST_LV_0500_20250212_003000	攻撃開始	공격 개시				
QUEST_LV_0500_20250212_003001	姉妹の残影	자매의 빈 자리				
QUEST_LV_0500_20250212_003002	身を隠した理由	은둔의 이유				
QUEST_LV_0500_20250212_003003	内部の状況	내부 상황				
QUEST_LV_0500_20250212_003004	倒れたクポル	쓰러진 큐폴				
QUEST_LV_0500_20250212_003005	ライマに今まで起きたことを説明する	라이마에게 지금까지의 일을 설명한다				
QUEST_LV_0500_20250212_003006	フェロモン	페로몬				
QUEST_LV_0500_20250212_003007	女神ライマが自分を送ってきたこと、レダニアについての状況を説明する	라이마 여신이 보내서 왔으며, 레다니아에 대한 상황을  설명한다				
QUEST_LV_0500_20250212_003008	再会	다시 재회				
QUEST_LV_0500_20250212_003009	今までのことを話す	지금까지의 일을 말한다				
QUEST_LV_0500_20250212_003010	テブリン鍾乳洞1区域でサンプルを集める	테브린 종유동 1구역 표본 모으기				
QUEST_LV_0500_20250212_003011	テブリン鍾乳洞1区域のサンプルを渡す	테브린 종유동 1구역 표본 전달				
QUEST_LV_0500_20250212_003012	フェロモン耐性ポーション	페로몬 내성 물약				
QUEST_LV_0500_20250212_003013	テブリン鍾乳洞1区域に戻る	테브린 종유동 1구역으로 돌아가기				
QUEST_LV_0500_20250212_003014	パヤウタとクポルのメデナに薬を渡す	파야우타와 큐폴 메데나에게 약을 건넨다..				
QUEST_LV_0500_20250212_003015	テブリン鍾乳洞2区域へと進む	테브린 종유동 2구역으로 전진하기				
QUEST_LV_0500_20250212_003016	テブリン鍾乳洞2区域の状況	테브린 종유동 2구역의 상황				
QUEST_LV_0500_20250212_003017	テブリン鍾乳洞2区域でサンプルを集める	테브린 종유동 2구역 표본 모으기				
QUEST_LV_0500_20250212_003018	テブリン鍾乳洞2区域のサンプルを渡す	테브린 종유동 2구역 표본 전달				
QUEST_LV_0500_20250212_003019	テブリン鍾乳洞2区域のモンスターのサンプルを渡す	테브린 종유동 2구역의 몬스터 표본을 건넨다				
QUEST_LV_0500_20250212_003020	リスクを受け入れる覚悟	위험 감수				
QUEST_LV_0500_20250212_003021	テブリン鍾乳洞3区域へ	테브린 종유동 3구역으로				
QUEST_LV_0500_20250212_003022	巣に向かって	둥지를 향해				
QUEST_LV_0500_20250212_003023	すぐにでもパヤウタと話すことがあるはずです。	당장 파야우타와 할 이야기가 있을 것입니다.				
QUEST_LV_0500_20250212_003024	コノット f_bracken_42_1 EP17_1_BRACKEN_42_MQ4_PAJAUTA_NPC 80	코노트 f_bracken_42_1 EP17_1_BRACKEN_42_MQ4_PAJAUTA_NPC 80				
QUEST_LV_0500_20250212_003025	パヤウタと会話して次の行動について話し合いましょう。	파야우타와 대화하여 다음 행동에 대해 의논해야 합니다.				
QUEST_LV_0500_20250212_003026	パヤウタと会話	파야우타와 대화하기.				
QUEST_LV_0500_20250212_003027	目標地点の蜂と蜂の巣を破壊	목표 지점의 벌과 벌집 파괴				
QUEST_LV_0500_20250212_003028	パヤウタは目の前の状況が罠であると疑っているようです。	파야우타는 눈앞의 상황이 함정일 것이라 의심하고 있습니다.				
QUEST_LV_0500_20250212_003029	ライマの元へ戻って今後の方針について話し合いましょう。	라이마에게 돌아가서 이후의 방향에 대해 논의해야합니다.				
QUEST_LV_0500_20250212_003030	ライマはコノット森で身を隠しているパヤウタを捜し出して話し合ってみるよう言いました。	라이마는 코노트 숲에 은둔하고 있는 파야우타를 찾아 대화해보라고 하였습니다.				
QUEST_LV_0500_20250212_003031	テブリン鍾乳洞1区域の入口でパヤウタと合流しましょう。	테브린 종유동 1구역 입구에서 파야우타와 만나야 합니다.				
QUEST_LV_0500_20250212_003032	クポルのメデナと会話	큐폴 메데나와 대화하기				
QUEST_LV_0500_20250212_003033	洞窟でこの事態に協力してくれそうなクポルを捜しましょう。	동굴에서 이 사태에 도움을 줄 수 있는 큐폴을 찾아야 합니다.				
QUEST_LV_0500_20250212_003034	ライマと会話	라이마와 대화하기				
QUEST_LV_0500_20250212_003035	ライマのところへ戻り、今までの状況について話しましょう。	라이마에게 돌아가 지금까지의 상황에 대해 이야기해야 합니다.				
QUEST_LV_0500_20250212_003036	プレイグドクターマスターと会話	플레이그 닥터 마스터와 대화하기				
QUEST_LV_0500_20250212_003037	プレイグドクターマスターを訪ね、レダニアの出現について話しましょう。	플레이그 닥터 마스터를 찾아가 레다니아의 출현에 대해 이야기해야 합니다.				
QUEST_LV_0500_20250212_003038	パヤウタが今も鍾乳洞の入口であなたを待っています。	파야우타가 여전히 종유 동굴 입구에서 당신을 기다리고 있을 것입니다.				
QUEST_LV_0500_20250212_003039	テブリン鍾乳洞1区域のモンスターを100体倒した後、パヤウタのところへ戻る。	테브린 종유동 1구역의 몬스터 100 마리 처치 후, 파야우타에게 돌아가기.				
QUEST_LV_0500_20250212_003040	プレイグドクターマスターが必要としているサンプルを集めるために周辺のモンスターを倒しましょう。	플레이그 닥터 마스터에게 필요한 표본 수집을 위해 주변의 몬스터들을 처치해야합니다.				
QUEST_LV_0500_20250212_003041	プレイグドクターマスターに集めたテブリン鍾乳洞1区域のモンスターのサンプルを渡しましょう。	플레이그 닥터 마스터에게 수집한 테브린 종유동 1구역 몬스터 표본을 전달해야합니다.				
QUEST_LV_0500_20250212_003042	プレイグドクターマスターに説明しましょう。	플레이그 닥터 마스터에게 설명을 들어야 합니다.				
QUEST_LV_0500_20250212_003043	パヤウタのところへ戻りましょう。	파야우타에게 돌아가야 합니다.				
QUEST_LV_0500_20250212_003044	クポルのメデナと会話	큐폴 메데나와와 대화하기				
QUEST_LV_0500_20250212_003045	クポルのメデナと会話しましょう。	큐폴 메데나와 대화해야 합니다.				
QUEST_LV_0500_20250212_003046	テブリン鍾乳洞2区域でパヤウタと話し合いましょう。	테브린 종유동 2구역에서 파야우타와 대화해야 합니다.				
QUEST_LV_0500_20250212_003047	テブリン鍾乳洞2区域のモンスターを150体倒した後、パヤウタのところへ戻る。	테브린 종유동 2구역의 몬스터 150 마리 처치 후, 파야우타에게 돌아가기				
QUEST_LV_0500_20250212_003048	プレイグドクターマスターが必要としているサンプルを集めるために周辺のモンスターを倒しましょう。	플레이그 닥터 마스터에게 필요한 표본 수집을 위해 주변의 몬스터들을 처치해야 합니다.				
QUEST_LV_0500_20250212_003049	プレイグドクターマスターに集めたテブリン鍾乳洞2区域のモンスターのサンプルを渡しましょう。	플레이그 닥터 마스터에게 수집한 2구역 몬스터 표본을 전달해야 합니다.				
QUEST_LV_0500_20250212_003050	どうやら、ここからの戦いは1人で挑まないといけないようです。	아무래도 이후의 전투는 혼자 감당해야할 것 같습니다.				
QUEST_LV_0500_20250212_003051	テブリン鍾乳洞3区域へと移動する	테브린 종유동 3구역으로 이동하기				
QUEST_LV_0500_20250212_003052	啓示者として王国を救うため、さらに奥へと進むしかありません。	계시자로써 왕국을 구하기 위해, 더 깊은 곳으로 들어갈 수밖에 없습니다.				
QUEST_LV_0500_20250212_003053	テブリン鍾乳洞5区域でレダニアを捜しましょう。	테브린 종유동 5구역에서 레다니아를 찾아야 합니다				
QUEST_LV_0500_20250212_003054	レダニアは露骨にあなたを誘い込もうとしています。しかし、あなた以外にこの脅威に立ち向かえる人はいないのです。	레다니아는 노골적으로 당신을 유인하고 있지만, 당신이 아니면 이 위협과 맞설 수 있는 사람이 없습니다.				
QUEST_LV_0500_20250214_003055	あたしと啓示者は、引き続き奥へ進むつもりよ。	저와 계시자님은 계속해서 안쪽으로 들어갈 생각입니다.	QUEST_LV_0500_20250212_002973	あたしと啓示者は、引き続き先へ進むつもりよ。	저와 계시자님은 계속해서 들어갈 생각입니다.	파야우타
QUEST_LV_0500_20250826_003056	私の呼びかけに応えてくださったのですね、啓示者様。	계시자, 부름에 응해주었군요.				여신 라이마
QUEST_LV_0500_20250826_003057	啓示者様をここへ導いた理由は、他でもありません……{nl}カーティン森で起きている異常現象の件です。	계시자를 이곳으로 인도한 이유는 카틴 숲에서 벌어지고 있는 이상 현상 때문입니다.				여신 라이마
QUEST_LV_0500_20250826_003058	カーティン森は、かつて生命が芽吹く新緑の森でしたが{nl}今は木々が葉を失い、大地は汚染された場所に変り果ててしまいました。	카틴 숲은 한때 생명이 숨쉬던 신록의 숲이었으나, 지금은 나무는 잎을 잃고, 대지는 오염되고 있습니다.				여신 라이마
QUEST_LV_0500_20250826_003059	これは自然の摂理で起きたものではなく、誰かの意思によってもたらされた現象です……{nl}森の循環をが害している原因を把握し、生命のしがらみを取り戻すためにも、啓示者様の力が必要です。	이것은 자연의 섭리가 아닌 누군가의 의지가 담긴 현상, 숲의 순환을 해치고 있는 원인을 파악하고 생명의 굴레를 되돌리기 위해서 계시자의 힘이 필요합니다.				여신 라이마
QUEST_LV_0500_20250826_003060	ありがとうございます。ではまずエルディゴのエキスを集めてきていただけますか。	감사합니다, 그럼 먼저 엘디고의 정수 수집을 부탁 드리겠습니다.				의사 카롤
QUEST_LV_0500_20250826_003061	本当に凄いですね……えっと、次に必要な材料はベルストルのエキスです。	정말 대단하군요. 이번에 필요한 재료는 벨스툴의 정수입니다.				의사 카롤
QUEST_LV_0500_20250826_003062	材料もほとんど揃ってきましたね……今回お願いする材料は、ブルートラフリーのエキスです。	재료가 거의 다 모여 가네요. 이번에 부탁드릴 재료는… 푸른 트리펠리의 정수입니다.				의사 카롤
QUEST_LV_0500_20250826_003063	これで材料は全部揃いましたね！後はこれを一つに集めて……	이제 재료가 모두 모였군요! 그럼 이것을 한데 모아서...				의사 카롤
QUEST_LV_0500_20250826_003064	え、そんな……！	어어, 이럴수가…! 				의사 카롤
QUEST_LV_0500_20250826_003065	そ、それが……材料が互いに拒否反応を起こしていて混ざらないんです……！	그, 그게… 재료들이 거부 반응을 일으켜 섞이지 않아요...!				의사 카롤
QUEST_LV_0500_20250826_003066	どうやら材料たちを混ぜ合わせるためには、カルティナ薬草が必要みたいですね。	아무래도 재료들을 혼합하기 위해서 카르티나 약초가 필요할 것 같아요.				의사 카롤
QUEST_LV_0500_20250826_003067	本当にありがとうございます！それじゃあ、カルティナ薬草を入れて……{nl}よし！解毒剤、完成です！	정말 감사합니다! 그럼 카르티나 약초를 넣어서... 좋아! 이게 완성된 해독제입니다.				의사 카롤
QUEST_LV_0500_20250826_003068	さぁ、解毒剤を持って繭に捕らえられた住民たちがいる場所へ向かいましょう！	어서 해독제를 들고 고치에 갇힌 주민들이 있는 곳으로 가보도록 하죠!				의사 카롤
QUEST_LV_0500_20250826_003069	繭に閉じ込められた住民達は、生きているだけでも奇跡なほど体の状態がよくありません。{nl}早く解毒剤を使って繭に捕らわれている住民達を治療しないと……！	고치에 갇힌 주민들은 살아 있는 것만으로도 기적일 정도로 몸상태가 좋지 않아요. 빨리 해독제를 사용해서 고치에 갇힌 주민들을 치료해야 겠어요!				의사 카롤
QUEST_LV_0500_20250826_003070	毒の気配は消えていますね。{nl}でも……	독 기운이 사라지고 있군요. 그런데….				의사 카롤
QUEST_LV_0500_20250826_003071	住民達が目を覚ましません……毒の気配はもう消えたはずなのに、どうしてまだ意識が戻らないのでしょう……	마을 주민들이 눈을 뜨지 않습니다… 독 기운은 사라졌을텐데 어째서 의식이 돌아오지 않는 거죠… 				의사 카롤
QUEST_LV_0500_20250826_003072	そう、ですよね……！ここで諦めるわけにはいきませんよね……！{nl}私は、命を救う医者なのですから……！	맞습니다. 여기서 포기할 순 없죠. 전 생명을 살리는 의사이니깐요…!				의사 카롤
QUEST_LV_0500_20250826_003073	絶対にあるはずなんです。薬を調合する時に考慮できてなかった部分が……{nl}もしかしたら周辺に、繭に閉じ込められた住民達を治療する手がかりがあるかもしれません。{nl}すみませんが、この辺りをちょっと調べてきていただけますか？	분명 약을 만들 때 고려하지 못한 부분이 있을 거예요. 혹시 주변에 고치에 갇힌 주민들을 치료할 단서가 있을지도 모르니 주변을 살펴봐 주시겠어요?				의사 카롤
QUEST_LV_0500_20250826_003074	村の地縛霊	마을의 지박령				
QUEST_LV_0500_20250826_003075	長い間見守ってきた村が壊れていき……笑って騒いでいた住民達は、あの不吉な繭に魂を捕われて消えていっているというのに……わしはただ見ていることしかできないとは……やるせん……	오랫동안 지키던 마을이 부셔져 가고 웃고 떠들던 주민들은 저 불길한 고치에 영혼이 묶여 사라져 가고 있는데 할 수 있는게 바라만 보는 것이라니... 정말 안타까운 일이로고...				마을의 지박령
QUEST_LV_0500_20250826_003076	おお！お主まさか、わしが見えるのか？	오오, 설마 자네 내가 보이는 겐가?				마을의 지박령
QUEST_LV_0500_20250826_003077	わしが見える者がおったとは……！長く生きとると、色々なことがあるもんじゃのう。	끌끌끌, 산자 중 나를 볼 수 있는 자를 만나다니, 정말 오래 존재하고 볼 일이구만.				마을의 지박령
QUEST_LV_0500_20250826_003078	お主さえ良ければなんだが……この老いた魂の頼みを聞いてはもらえぬか？	혹시 자네, 괜찮다면 이 오래된 영혼의 부탁을 들어 줄 수 있겠나?				마을의 지박령
QUEST_LV_0500_20250826_003079	感謝するぞ。住民たちの魂を癒やすには、レッドアパリションの魂が必要なのだが…わしのこの姿では、どうにもならんで困っておったのじゃ。	정말 고맙네, 주민들의 영혼을 치료하기 위해서는 붉은 어패리션의 영혼이 필요한데 이 형체로는 무리여서 곤란하던 참이었거든.				마을의 지박령
QUEST_LV_0500_20250826_003080	それじゃあレッドアパリションの魂の件、頼んだぞ。	그럼 붉은 어패리션의 영혼을 모으는 것을 부탁하겠네.				마을의 지박령
QUEST_LV_0500_20250826_003081	おお！本当にレッドアパリションの魂を持ってきてくれたのか！では、住民たちの魂を癒やすとしよう。少し待っていてくれ。	자네 정말 붉은 어패리션의 영혼을 가져 왔구만! 그럼 주민들의 영혼을 치료할테니 잠시만 기다려 주시게.				마을의 지박령
QUEST_LV_0500_20250826_003082	ほっほっほ。皆、正気に戻ってくれたようで何よりじゃ。こうして村を救えたのは、すべてお主のおかげじゃよ。本当に感謝するぞ。	흘흘. 다들 정신을 차려서 다행이구먼. 이렇게 마을을 도울 수 있었던 건 모두 자네 덕분이야, 정말 고맙네.				마을의 지박령
QUEST_LV_0500_20250826_003083	エグレ	에글레				
QUEST_LV_0500_20250826_003084	あなたは……？……ああ、啓示者様……そうですか……お会いできて光栄です。{nl}私はカーティン森一帯を調査している探検家のエグレという者です。	당신은…? 아, 계시자님. 만나 뵙게 되어… 기쁩니다. 저는 카틴 숲 일대를 조사하고 있는 탐험가 에글레입니다.				에글레
QUEST_LV_0500_20250826_003085	カーティン森が……私に囁くんです。{nl}耳をすませてみてください――聞こえますか？{nl}私は……その囁きを追ってきただけです。	카틴 숲은… 제게 속삭입니다. 귀를 기울이면… 들리십니까? 저는… 그 속삭임을 따라갔을 뿐입니다.				에글레
QUEST_LV_0500_20250826_003086	そこは……暗くもあり、そして美しい場所なのです。他の皆さんは……哀しいことに、あの温もりを理解してはくれませんでした。	그곳은… 어둡고도 아름답습니다. 다른 이들은… 그 따뜻함을 이해하지 못했죠. 안타까운 일입니다.				에글레
QUEST_LV_0500_20250826_003087	これまでの調査記録が必要でしたら……一部お譲りします。ですが真実というものは……時に、あまりにも重いものなのです。	지금까지의 조사 기록이 필요하시다면… 일부를 드리겠습니다. 하지만 진실은… 때로는 너무 끈적하답니다.				에글레
QUEST_LV_0500_20250826_003088	どうぞ……森の真意をその身で感じてください。{nl}……それでは、あなたの歩みが絡み合った糸を解いてくれることを願っています。	부디… 숲의 진심을 직접 느껴보세요. …그럼, 당신의 발걸음이 실타래를 풀어주길.				에글레
QUEST_LV_0500_20250826_003089	啓示者様、調査記録はご覧になりましたか？{nl}はは……誤った内容も一部あると思います。{nl}森は嘘を好みますから……	계시자님, 조사기록은 읽어 보셨나요? 하하… 일부는 틀렸을 겁니다. 숲은 거짓말을 좋아하거든요.				에글레
QUEST_LV_0500_20250826_003090	森には姉妹の通った痕跡に影響を受けたモンスターたちがいます。{nl}私が残した足跡にも……過ちと真実が混じり合っているのです。{nl}それが、姉妹の意志――いいえ……私の意志でもあるのです。	숲에는 자매의 자취에 영향을 받은 몬스터들이 존재합니다. 제가 남긴 자취에도… 실수와 진실이 뒤섞여 있죠. 그게 자매의 의지입니다. 아니… 제 의지이기도 하죠.				에글레
QUEST_LV_0500_20250826_003091	ささやきに耳を傾ければ……偽りさえも甘く感じられるものなんですよ。\n啓示者様は……どちらのほうがお好みですか？	속삭임에 귀 기울이면… 거짓마저도 달콤하답니다. 계시자님은… 어느 쪽이 더 좋으신가요?				에글레
QUEST_LV_0500_20250826_003092	真実だけを望むのなら……私にとって、少し辛いものになりそうですね。\nそのまま歩き続けてください。糸が、道を示してくれるでしょう。	진실만 원한다면… 저는 조금 아프겠군요. 계속 걸어가세요. 실이 길을 가르쳐줄 겁니다.				에글레
QUEST_LV_0500_20250826_003093	……そして戻ってくる時は、私のことを忘れないでくださいね。	…그리고 돌아올 땐, 저를 잊지 마세요.				에글레
QUEST_LV_0500_20250826_003094	森を元に戻そうとする啓示者様の意志は、確かなもののようですね。\nそういうことでしたら、私もお力添えいたしましょう。	숲을 되돌리려는 계시자님의 의지는 확고한 것 같네요. 그러면 도와드리겠습니다.				에글레
QUEST_LV_0500_20250826_003095	ああ……この鈴は……姉妹が最も嫌っている物で……\n「調律の鈴」と呼ばれています。	아… 이 종은… 자매가 가장 싫어하는 물건입니다. 조율의 종이라고 하죠.				에글레
QUEST_LV_0500_20250826_003096	鳴らすつもりですか？ 私の耳にも……響いてしまいますね。\n気をつけてください。あまり長く聞いていると……心が引き裂かれてしまいます。\n引き裂かれた心で囁きを聞くのは……美しくありません。	울리실 건가요? 제 귀에도… 울리겠네요. 조심하세요. 너무 오래 들으면… 마음이 찢어져요. 마음이 찢어진 채로 속삭임을 듣는 건… 아름답지 않답니다.				에글레
QUEST_LV_0500_20250826_003097	姉妹は音を盗むんです。鈴の音さえも……きっと盗もうとするでしょう。\nもし、鳴らしている途中で止めてしまったら……姉妹に笑われてしまうでしょう。\n啓示者様は勇敢ですから……きっと最後まで鳴らし続けてくださいますよね？\n鳴らしている間は……私の名前を呼ばないように。	자매는 소리를 훔칩니다. 종소리도… 훔치려고 하겠죠. 혹시 울리다 말고 멈춘다면… 자매가 웃을 겁니다. 계시자님은 용감하시니까… 분명 끝까지 울리실 거죠? 울리는 동안… 제 이름은 부르지 마세요.				에글레
QUEST_LV_0500_20250826_003098	鈴の音が……波紋のように広がって……\n……っあたまが痛い……でも……幸せな気分です……\n……さあ、次の地域へ急ぎましょう。	종소리가… 파문처럼 번집니다. 아아… 머리가 아파요. 하지만… 행복해요. 다음 지역으로 어서 가보세요.				에글레
QUEST_LV_0500_20250826_003099	啓示者様は……大丈夫ですか？\nこの音が……姉妹を突き刺しています。\nでも同時に……私のことも、突き刺しているようです。	계시자님은… 괜찮으신가요? 이 소리가… 자매를 찌르고 있어요. 하지만 동시에… 저를 찌르기도 하네요.				에글레
QUEST_LV_0500_20250826_003100	血……流れていますか？\n……あはは、冗談です。	피… 흐르고 있나요? 하하, 농담이에요.				에글레
QUEST_LV_0500_20250826_003101	鳴らすのを止めないでください。\n波紋が止まってしまえば……すべてが元に戻ってしまいます。\n……最後の地点へ向かいましょう。	울음을 멈추지 마세요. 파문이 멈추면… 모든 게 돌아옵니다. 마지막 지점으로 가보죠.				에글레
QUEST_LV_0500_20250826_003102	私は……もう戻りたくありません。\n今、ぼんやりしていた頭の中が晴れていくような気がするんです。\nまさか、あの蜘蛛姉妹の精神支配が……ここまで強力だったなんて。	저는… 다시 돌아가고 싶지 않아요. 이제 뿌옅던 머릿 속이 개이는 것 같은 느낌이 들어요. 거미 자매의 정신 지배가 이렇게나 강력했었다니…				에글레
QUEST_LV_0500_20250826_003103	あ、友人たち――――まゆ……繭！\nやっと……やっと思い出しました……！	아, 친구들… 고치! 드디어 기억이 났어요. 				에글레
QUEST_LV_0500_20250826_003104	私の友人達を、助けていただけませんか……啓示者様！	제 친구들을 구해주실 수 있나요! 계시자님!				에글레
QUEST_LV_0500_20250826_003105	私がもう少し……もう少しだけ早く目を覚ましていれば……っ	제가 조금만 더 일찍 정신을 차렸더라면...				에글레
QUEST_LV_0500_20250826_003106	それでも……私の友人たちが魂を奪われる前に助け出せて、本当によかったです……	그래도 제 친구들이 영혼을 수집당하기 전에 구할 수 있어서 다행입니다...				에글레
QUEST_LV_0500_20250826_003107	既に肉体は失われてしまっていましたが、\n魂だけは穏やかなまま送り出すことができました。\n友人達の魂だけでも救えたこと、本当に感謝しています。	이미 육체는 없어졌지만 영혼은 순순했던 상태로 보낼 수가 있었어요. 친구들의 영혼이마나 구할 수 있어서 정말 감사드립니다.				에글레
QUEST_LV_0500_20250826_003108	残る問題は、この大きな繭ですね……\nおそらく、この繭こそが精神汚染を引き起こしている本体のようです。\nただ壊すだけでは、ダメな気がしますし……	이제 문제는 남은 이 큰 고치인데.. 아마도 이 큰 고치가 정신 오염을 일으키는 본체로 보이네요. 그냥 파괴는 안될 것 같은데…				에글레
QUEST_LV_0500_20250826_003109	これまでの私の調査によると……\n姉妹は「火」を恐れています。\n火は、糸を焼き尽くしてしまうからです。	지금까지 제가 조사하던 걸 알려 드리자면 자매는 불을 무서워합니다. 불은 실을 태우니까요.				에글레
QUEST_LV_0500_20250826_003110	このレータス小川には、穏やかだけれど消えないというガビヤの火種があるそうです。\nその火種が広がるのを防ぐために、蜘蛛姉妹はここに訪れたすべての者たちの精神を汚染していたのです。	 이 곳 레타스 개울가에는 잔잔하지만 꺼지지 않는 가비야의 불씨가 있다고 하는데요. 그게 퍼지는 걸 막기 위해서 거미 자매는 이곳에 온 모든 이들의 정신을 오염시켰던 거였어요.				에글레
QUEST_LV_0500_20250826_003111	魔族は聖なる火種に近づけないので、他の者たちが近づけないように陣を張っていました。\n早く火種を手に入れて、大きな繭を焼き払ってしまいましょう！	 마족은 성스러운 불씨에 다가갈 수 없으니 다른 이들의 접근을 막기 위해 진을 치고 있더라고요. 얼른 불씨를 획득해서 대형 고치를 태워버리죠!				에글레
QUEST_LV_0500_20250826_003112	そう、それです！ガビヤの火種！\n消えることのない火種……！	맞아요! 그거예요. 가비야의 불씨! 꺼지지 않는 불꽃!				에글레
QUEST_LV_0500_20250826_003113	ささやきが……消えていきます。\n精神支配に苦しんでいた魂たちが、ようやく安らぎを見つけられたような気がします……	속삭임이… 사라지고 있어요. 정신 지배에 고통스러워 하던 영혼들이 평안을 찾아가는 듯한 느낌이 드네요.				에글레
QUEST_LV_0500_20250826_003114	啓示者様……ようやく……ささやきが止みました。\n本当に……静かで、穏やかです。こんなに静けさを感じられるなんて……\n私はどれほど……操られたままのカカシだったのか……分かった気がします。	계시자님… 이제야… 속삭임이 멈췄어요. 정말… 편안하네요. 이렇게 조용하다니… 제가 얼마나… 허수아비였는지… 알게 됐어요.				에글레
QUEST_LV_0500_20250826_003115	道は開かれました。\n最後の糸巻きを……断ち切ってください。\n姉妹は……もう片割れしか残っていません。\n次は、サクニス平原です。	 길은 열렸어요. 마지막 실타래를… 끊어주세요. 자매는… 이제 혼자 남았습니다. 바로 사크니스 벌판이예요				에글레
QUEST_LV_0500_20250826_003116	啓示者様、お久しぶりです。\nあなたが来られるのをお待ちしておりました。\n王宮の指示で定期巡察を行っていたのですが、\n偵察隊が最後の報告もないまま、消息を絶ったのです。	계시자님, 오랜 만입니다. 당신이 도착하길 기다리고 있었습니다. 왕궁의 지시로 정기 순찰을 하고 있었는데 정찰대가 마지막 보고도 없이 사라졌습니다.				장교 다뉴스
QUEST_LV_0500_20250826_003117	これは、単なる失踪ではありません。彼らが最後に残したのは、\n――“蜘蛛のような姿”と、“糸で編まれた魔法陣”を見たという報告でした。おそらく、森に封じられた古代魔法の残滓が関わっているのでしょう。\nこれから向かうのは、戦場ではなく――儀式の殿堂です。くれぐれも、ご注意を。	이건 단순한 실종이 아닙니다. 그들은 거미의 형상, 그리고 ‘실로 엮인 마법진’을 목격했다고 마지막에 남겼죠. 바로 숲에 봉인된 고대 마법의 잔재일 가능성이 큽니다. 전장 대신 의식의 전당에 들어가는 셈입니다. 조심하세요.				장교 다뉴스
QUEST_LV_0500_20250826_003118	偵察隊が常に定期巡察をしていた地域なのですが、戻ってこなくなってから、すでに数時間が経過しています。\n……お願いです。彼らを探していただけませんか？	정찰대가 항상 정기 순찰을 하던 지역인데, 돌아오지 않은 지 몇 시간이 지났습니다. 혹시 그들을 찾아주실 수 있습니까?				장교 다뉴스
QUEST_LV_0500_20250826_003119	ぐ……っあなたは……？	크윽, 당신은...?				병사 로이
QUEST_LV_0500_20250826_003120	他の仲間たちは、蜘蛛のような怪物にさらわれて、さらに奥へと引きずり込まれてしまいました。私は一番後ろにいたおかげで、巻きついていた糸が一瞬ゆるんで……その隙にどうにか逃げ出すことができたんです。でも……仲間たちは、なす術もなく連れていかれてしまいました。\n私が案内します……どうか、助けていただけませんか？	다른 동료들은 거미처럼 생긴 괴물에게 더 깊은 곳으로 끌려갔습니다. 제가 가장 뒤에 있어서 그랬는지, 저를 휘감던 실이 잠시 느슨해진 틈을 타 급히 도망쳤지만, 다른 동료들은 속수무책으로 끌려갔습니다. 혹시 제가 안내할 테니 구해주실 수 있습니까?				병사 로이
QUEST_LV_0500_20250826_003121	仲間たちは繭に変えられ、意識を失っているようです。\n頭のまわりに糸が幾重にも巻きついていましたし……糸の魔力によって精神が封じられているものと思われます。\n……ダニュス様に報告しなければなりませんね。	동료들이 고치로 변해 의식을 차리지 못하는군요. 머리 주위에 실이 칭칭 감겨 있는 걸 보니 실의 마력이 그들의 정신을 봉인했기 때문인 것 같습니다. 다뉴스님에게 보고해야곘습니다.				병사 로이
QUEST_LV_0500_20250826_003122	今、最後に残った隊員たちから、\n非常に貴重な情報を受け取りました。\n森の奥深くで、巨大な繭が発見されたのです。\n精霊、兵士、魔力……すべてが、その周辺に絡みついています。	방금 마지막 남은 대원들에게서 받은 소중한 정보입니다. 숲 깊은 곳, 거대한 고치가 발견됐습니다. 정령, 병사, 마력… 모두 그 주변에 얽혀 있죠. 				장교 다뉴스
QUEST_LV_0500_20250826_003123	あれ自体が、姉妹の防御結界であり、力の供給源でもあります。\n蜘蛛の怪物が作り出した巨大な繭こそが、この地域で起きているすべての元凶のようです。\nどうか、消してください。	그 자체가 자매의 방어막이며, 힘의 공급원입니다. 거미 괴물이 만든 거대 고치가 지역 모든 일의 원흉으로 보입니다. 없애 주세요.				장교 다뉴스
QUEST_LV_0500_20250826_003124	さすがです……！\nこれで兵士たちも意識を取り戻したはずです。\n本当にありがとうございます、啓示者様	역시! 이제 병사들도 정신을 차렸을 겁니다. 정말 감사합니다. 계시자님!				장교 다뉴스
QUEST_LV_0500_20250826_003125	住民の救出	주민 구출				
QUEST_LV_0500_20250826_003126	異常現象	이상 현상				
QUEST_LV_0500_20250826_003127	材料確保(1)	재료 확보 (1)				
QUEST_LV_0500_20250826_003128	材料確保(2)	재료 확보 (2)				
QUEST_LV_0500_20250826_003129	材料確保(3)	재료 확보  (3)				
QUEST_LV_0500_20250826_003130	何があったんですか？	무슨 일인가요?				
QUEST_LV_0500_20250826_003131	繭になった村の住民	고치가 된 마을주민들				
QUEST_LV_0500_20250826_003132	治療する	치료한다				
QUEST_LV_0500_20250826_003133	住民達はまだ目を覚まさない…カロルに訊いてみよう。	주민들이 여전히 눈을 뜨지 않는다... 카롤에게 물어보자				
QUEST_LV_0500_20250826_003134	方法は必ずあるはずだ	분명 방법이 있을 것이다				
QUEST_LV_0500_20250826_003135	調べてみる	살펴 본다				
QUEST_LV_0500_20250826_003136	村の守護者	마을의 수호자				
QUEST_LV_0500_20250826_003137	魂……？	영혼?				
QUEST_LV_0500_20250826_003138	魂の治療	영혼 치료				
QUEST_LV_0500_20250826_003139	効果があったのか、住民達が目覚め始めた。	효과가 있었는지 주민들이 일어난다				
QUEST_LV_0500_20250826_003140	出現	출현				
QUEST_LV_0500_20250826_003141	精神に異常がみられる探検家との出会い	정신이 이상한 탐험가와의 만남				
QUEST_LV_0500_20250826_003142	隠された記録	숨겨진 기록				
QUEST_LV_0500_20250826_003143	調律の鈴(1)	조율의 종 (1)				
QUEST_LV_0500_20250826_003144	調律の鈴(2)	조율의 종 (2)				
QUEST_LV_0500_20250826_003145	調律の鈴(3)	조율의 종 (3)				
QUEST_LV_0500_20250826_003146	繭になった人々	고치가 된 사람들				
QUEST_LV_0500_20250826_003147	巨大な繭	거대한 고치				
QUEST_LV_0500_20250826_003148	ガビヤの火種	가비야의 불씨				
QUEST_LV_0500_20250826_003149	巨大な繭を燃やす	거대 고치 불태우기				
QUEST_LV_0500_20250826_003150	姉妹の本拠地	자매의 본거지				
QUEST_LV_0500_20250826_003151	消えた偵察隊	사라진 정찰대				
QUEST_LV_0500_20250826_003152	兵士の救助	병사 구조				
QUEST_LV_0500_20250826_003153	兵士を見つけた。助けよう！	병사를 발견했다. 구해준다.				
QUEST_LV_0500_20250826_003154	残った同朋	남은 동료				
QUEST_LV_0500_20250826_003155	元凶	원흉				
QUEST_LV_0500_20250826_003156	女神ライマが、あなたに話があるようです。	라이마 여신이 할 이야기가 있다고 합니다.				
QUEST_LV_0500_20250826_003157	カロリスの泉へ向かう	카롤리스 샘터에 가기				
QUEST_LV_0500_20250826_003158	カーティン森で起きている異常現象を確かめる。	카틴 숲에서 벌어지는 이상 현상을 확인하기.				
QUEST_LV_0500_20250826_003159	エルディゴのエキスを50個集める	엘디고의 정수 50개 수집하기				
QUEST_LV_0500_20250826_003160	医者カロルから治療薬の材料を見つけてほしいと頼まれました。	의사 카롤으로부터 치료제의 재료를 찾아달라는 요청을 받았습니다.				
QUEST_LV_0500_20250826_003161	ベルストルのエキスを集める	벨스툴의 정수 수집하기				
QUEST_LV_0500_20250826_003162	医者カロルから治療薬の材料を見つけてほしいと頼まれました。	의사 카롤으로부터 치료제의 재료를 찾아달라는 요청을 받았습니다				
QUEST_LV_0500_20250826_003163	ブルービテラスのエキスを集める	푸른 비테라스의 정수 수집하기				
QUEST_LV_0500_20250826_003164	カルティナ薬草を採集する	카르티나 약초 채집하기				
QUEST_LV_0500_20250826_003165	カロルが調合した治療薬を使う	카롤이 제작한 치료약 사용하기				
QUEST_LV_0500_20250826_003166	ついに治療薬が完成しました。カロルから完成した治療薬を受け取り、繭になってしまった住民たちに使わなければなりません。	드디어 치료약이 완성되었습니다. 카롤에게서 만들어진 치료약을 받아 고치가 된 마을 주민에게 사용해야합니다.				
QUEST_LV_0500_20250826_003167	辺りを調べる	주변을 살펴보기				
QUEST_LV_0500_20250826_003168	治療薬を使っても住民達は目を覚ましません。周辺に手がかりがないか探してみましょう。	치료약을 사용했지만 주민들이 깨어나지 못하고 있습니다. 주변에서 단서를 찾아 봐야합니다.				
QUEST_LV_0500_20250826_003169	村の地縛霊の頼みを聞いてあげる	마을 지박령의 부탁 들어주기				
QUEST_LV_0500_20250826_003170	周辺で手がかりを探していたところ、さまよっている魂を発見しました。その魂は何かお願いしたいことがあるようです。	주변에서 단서를 찾던 중 떠돌던 영혼을 발견했습니다. 영혼이 무언가 부탁할게 있다고 합니다.				
QUEST_LV_0500_20250826_003171	問題の元凶とのエンカウント	문제의 원인과 조우하기				
QUEST_LV_0500_20250826_003172	自身の行いを邪魔されたことで、あなたに怒りを向けている状態です。問題の元凶と対峙してください。	자신의 일을 방해 당해서 당신에게 화난 상태입니다. 문제의 원인과 조우하십시오.				
QUEST_LV_0500_20250826_003173	探検家との遭遇	탐험가와 조우하기				
QUEST_LV_0500_20250826_003174	レータス小川で謎の探検家と会ってみましょう。	레타스 개울가에서 의문의 탐험가와 만나보십시오.				
QUEST_LV_0500_20250826_003175	囁きの原因を追う	속삭임의 원인 추적하기				
QUEST_LV_0500_20250826_003176	探検家のエグレは精神状態が不安定なようです。何を望んでいるかは不明ですが、とりあえず森で狩りを行っておきましょう。	이야기를 들어보니 탐험가 에글레의 정신 상태가 좋지 않은 것 같습니다. 그가 정확히 원하는게 뭔지 알 수는 없지만, 숲에서 사냥을 진행해봅시다.				
QUEST_LV_0500_20250826_003177	エグレと会話	에글레와 대화하기				
QUEST_LV_0500_20250826_003178	目標地域でエグレから受け取った調律の鈴を使いましょう。	목표 지역에서 에글레에게 받은 조율의 종을 사용하십시오.				
QUEST_LV_0500_20250826_003179	目標地点へ向かって調律の鈴を使用	목표 지점에 가서 조율의 종 사용하기				
QUEST_LV_0500_20250826_003180	繭となったエグレの友人の救助	고치가 된 에글레의 친구들 구하기				
QUEST_LV_0500_20250826_003181	目標地点へ向かい、エグレの友人達を救助しましょう。	목표 지점에 가서 에글레의 친구들을 구해주십시오.				
QUEST_LV_0500_20250826_003182	巨大な繭についてエグレと話し合う必要があるみたいです。	거대 고치에 대해서 에글레와 이야기 해봐야 할 것 같습니다.				
QUEST_LV_0500_20250826_003183	ガビヤの火種探し	가비야의 불씨 찾기				
QUEST_LV_0500_20250826_003184	レータス小川のどこかにガビヤの火種があるようです。	레타스 개울가 어딘가에 가비야의 불씨가 있다고 합니다.				
QUEST_LV_0500_20250826_003185	見つけ出したガビヤの火種で繭を燃やしましょう。	발견한 가비야의 불씨로 고치를 불태워야 합니다.				
QUEST_LV_0500_20250826_003186	姉妹の本拠地探し	자매의 본거지 찾기				
QUEST_LV_0500_20250826_003187	エグレ曰く、サクニス平原に姉妹の本拠地があるそうです。	에글레의 말에 따르면 사크니스 벌판에 자매의 본거지가 있다고 합니다.				
QUEST_LV_0500_20250826_003188	将校ダニュスと会話	장교 다뉴스와 대화하기				
QUEST_LV_0500_20250826_003189	将校ダニュスが、サクニス平原で失踪した兵士について話したいことがあるようです…	사크니스 벌판에서 실종된 병사에 대해 장교 다뉴스가 이야기 할 게 있습니다..				
QUEST_LV_0500_20250826_003190	将校ダニュスが、サクニス平原で失踪した兵士について話したいことがあるようです。	사크니스 벌판에서 실종된 병사에 대해 장교 다뉴스가 이야기 할 게 있습니다				
QUEST_LV_0500_20250826_003191	戻ってこない兵士を捜す	돌아오지 않는 병사 찾기				
QUEST_LV_0500_20250826_003192	偵察隊の見回り地域を調査し、戻ってこない兵士を捜しましょう。	정찰대의 순찰 지역을 조사해 돌아오지 않는 병사를 찾아주세요.				
QUEST_LV_0500_20250826_003193	連れて行かれた仲間を捜す	끌려간 동료들 찾기				
QUEST_LV_0500_20250826_003194	ロイの他の仲間たちが無事か状態を確認する必要があります。	로이의 다른 동료들의 상태를 확인해봐야겠습니다.				
QUEST_LV_0500_20250826_003195	サクニス平原の奥深くにある場所で巨大な繭を発見しました。状況的に見て、すべての元凶とに見えるため取り除く必要があります。	사크니스 벌판 깊숙한 곳에서 거대한 고치가 발견했습니다. 정황상 모든 일의 원흉으로 보이며, 제거 할 필요가 있습니다.				
QUEST_LV_0500_20250826_003196	繭を取り除く	고치 제거				
QUEST_LV_0500_20250826_003197	ライマラとの遭遇	라이마라 조우				
QUEST_LV_0500_20250826_003198	気をつけてください。自身の計画を台無しにされたライマラが、激しく怒りを向けているようです。	자신의 계획이 일그러진 라이마라가 분노하고 있습니다. 조심하십시오.				
QUEST_LV_0500_20250826_003199	ラガナとの遭遇	라가나 조우				
QUEST_LV_0500_20250826_003200	戦いで疲弊したあなたの前にラガナが現れました。	전투로 인해 지친 당신에게 라가나가 나타납니다.				
QUEST_LV_0500_20260204_003201	啓示者様……住民たちの苦痛が、私にも伝わってきます……	계시자, 주민들의 고통이 느껴지네요.				여신 라이마
QUEST_LV_0500_20260204_003202	過去、カレイマスの監獄を建設した住民たちが集まっているスベンティマス流刑地から、絶えず聞こえるのです……彼らの苦痛の声が。	과거 칼레이마스 감옥을 건설했던 주민들이 모여 있는 스벤티마스 유형지에서 고통의 호소가 계속 들리고 있습니다.				여신 라이마
QUEST_LV_0500_20260204_003203	あそこはたしかに不毛な地ではありましたが、{nl}命を繋いでいくには事足りる場所だったはず……だというのに、{nl}今はむしろ、その地が住民を危険な状況へと追い込んでいるようです。	비록 척박한 땅이긴 하나 생명을 이어가기엔 부족함이 없는 곳인데 오히려 지금은 그 땅이 주민들을 위협하고 있는 것 같군요.				여신 라이마
QUEST_LV_0500_20260204_003204	この現象は、間違いなく何者かの意志が関与しています……{nl}啓示者様……住民を救い出し、世界を安定させるためにも{nl}あなたの力が必要です。	이것은 분명 누군가의 의지가 담긴 현상, 주민들을 구하고 세계를 안정시키기 위해서 계시자의 힘이 필요합니다.				여신 라이마
QUEST_LV_0500_20260204_003205	カレイムス	칼레임스				
QUEST_LV_0500_20260204_003206	おお、啓示者様！こうしてもう一度お会いできて光栄です……！{nl}ということは、私達の祈りがライマ様に届いたのですね……！{nl}本当に……本当によかった……もはやここまでかと絶望していたところだったのです……！	오오 계시자님! 다시 만나 반갑습니다. 저희들의 기도가 라이마님께 닿은 모양이군요! 이대로 끝나는 건가 싶어서 낙담하고 있었는데 정말 다행입니다!				칼레임스
QUEST_LV_0500_20260204_003207	少し前から突然モンスターが溢れ出して……そのうえ地震や異常現象まで発生し始めるものですから{nl}世界の終わりが近づいてきたのかと不安でなりませんでした……！{nl}さっそくで申し訳ないのですが、確かめていただけないでしょうか？	얼마 전부터 갑자기 몬스터들이 들끓고 지진과 이상 현상이 발생해 세상의 종말이 오는 게 아닌가 걱정했습니다. 조금 살펴봐 주실 수 있을까요?				칼레임스
QUEST_LV_0500_20260204_003208	おかげさまで、村も一息つけそうです。{nl}ですが、手放しで喜ぶわけにもいかないようでして……	덕분에 마을은 한시름 놓았습니다. 하지만, 마냥 기뻐할 수만은 없군요.				칼레임스
QUEST_LV_0500_20260204_003209	食料を調達しに行ったアルギスが帰ってこないのです。{nl}帰ってくるであろう時間をとっくに過ぎているというのに……{nl}村の周辺もこんな状況ですし……アイツの向かった場所も無事かどうか……	식량을 구하러 간 아르기스가 돌아올 시간이 지났는데도 소식이 없습니다. 마을 근처가 이 지경이었는데, 그 녀석이가 간 곳은 무사할지...				칼레임스
QUEST_LV_0500_20260204_003210	はぁ……はぁ……け、啓示者様がいなければ{nl}自分は今日、モンスターの夕飯にされているところでした……{nl}村の食糧が底を尽きそうになっていたので、覚悟を決めて出てきたのですが……{nl}やっぱり自分には無理だったようですね……	후아... 계시자님이 아니었다면 전 오늘 몬스터의 저녁 식사가 될 뻔했습니다. 마을의 식량이 떨어져 가길래 큰맘 먹고 나왔는데... 역시 무리였나 봐요.				아르기스
QUEST_LV_0500_20260204_003211	司祭のカレイムスさんが心配してました。はやく帰りましょう。	칼레임스 사제가 걱정하고 있습니다. 얼른 돌아가죠.				
QUEST_LV_0500_20260204_003212	そ、そうだ……司祭様が待ってくださってますよね……！{nl}うぅ……なんの成果も得られませんでしたが……{nl}はやく帰った方がよさそうですね……	아! 맞다, 사제님이 기다리시겠네요! 비록 성과는 없지만 얼른 가봐야겠습니다.				아르기스
QUEST_LV_0500_20260204_003213	……そうだ、啓示者様。{nl}あの…………	...그런데 계시자님, 혹시 				아르기스
QUEST_LV_0500_20260204_003214	白くて小さな獣	하얗고 조그만 짐승				아르기스
QUEST_LV_0500_20260204_003215	を見かけませんでしたか？	 못 보셨나요?				아르기스
QUEST_LV_0500_20260204_003216	白い獣……？	하얀 짐승?				
QUEST_LV_0500_20260204_003217	はい。さっきモンスターに追われていた時にチラッと見かけたのですが……{nl}あの凶暴なモンスターたちの間を悠然と歩いていた白っぽい動物がいたんです。	네, 아까 몬스터들에게 쫓기면서 얼핏 봤는데... 그 흉폭한 몬스터들 사이를 유유히 걸어 다니는 희끄무레한 동물이 있었거든요.				아르기스
QUEST_LV_0500_20260204_003218	見間違いかもしれないとも思ったのですが……{nl}とにかく、啓示者様も気をつけてくださいね……！	잘못 본 건가 싶긴 한데... 아무튼 계시자님도 조심하세요!				아르기스
QUEST_LV_0500_20260204_003219	ンナァ～～。	냥!				고양이
QUEST_LV_0500_20260204_003220	エル	엘				
QUEST_LV_0500_20260204_003221	見事だ！	훌륭하다냥!				엘
QUEST_LV_0500_20260204_003222	猫が喋った…？	고양이가 말을...?				
QUEST_LV_0500_20260204_003223	にゃんだ、その目は？{nl}喋る猫がそんにゃに珍しいか？	눈을 왜 그렇게 뜨냥? 말하는 고양이가 신기하냥?				엘
QUEST_LV_0500_20260204_003224	…少なくとも自分の中では、よくあることじゃない。	...적어도 내 상식선에선, 흔한 일은 아니지.				
QUEST_LV_0500_20260204_003225	吾輩の名は	내 이름은 				엘
QUEST_LV_0500_20260204_003226	。{nl}見ての通り、非常に特別で愛らしい存在だ！{nl}────ニャン♪	. 보다시피 아주 특별하고 귀여운 존재다냥!				엘
QUEST_LV_0500_20260204_003227	そっか。よろしく、エル。それで、何が目的で近づいたの？	그래. 반가워 엘. 그래서 나한테 접근한 이유가 뭐야?				
QUEST_LV_0500_20260204_003228	おぉ、単刀直入に聞いてくるとは……気に入ったぞ！	오호, 단도직입적이라 마음에 든다냥! 				엘
QUEST_LV_0500_20260204_003229	この近くで、何かに呼ばれているような気がして来たのだが……{nl}ちょうど吾輩のニャンセンサーが強く反応してるのだ！{nl}どうだ、吾輩と一緒に行ってみにゃいか？	이 근처로 왠지 모를 부름이 느껴져서 왔는데... 마침 내 냥센서가 강하게 반응하고 있다냥! 어때, 나와 함께 가보지 않겠냥?				엘
QUEST_LV_0500_20260204_003230	準備できたら吾輩についてきたまえ！	준비가 되었다면 나를 따라오라냥!				엘
QUEST_LV_0500_20260204_003231	無事で何よりにゃ。	무사해서 다행이다냥.				엘
QUEST_LV_0500_20260204_003232	うむ。どうやらもう少し上へ向かわんといけにゃいらしい！{nl}今回こそは間違いにゃい！もう一度ついてきたまえ！	음. 아무래도 좀 더 위로 가야 할 것 같다냥! 이번에는 확실하니 다시 따라오라냥!				엘
QUEST_LV_0500_20260204_003233	(信じていいのかな…)	(믿어도 되는 걸까?)				
QUEST_LV_0500_20260204_003234	ンナァ～……礼を言うぞ。{nl}これは封印の陣という代物にゃ。{nl}まぁ……あやうく吾輩が封印されるところだったが……	휴우~ 고맙다냥. 이건 봉인진인데 하마터면 내가 봉인될 뻔 했다냥.				엘
QUEST_LV_0500_20260204_003235	こうやって見境なく作動するのを見るに、どうやら壊れてしまったようだにゃ。	이렇게 구분없이 동작하는 것을 보면 아무래도 고장나 버린 것 같다냥.				엘
QUEST_LV_0500_20260204_003236	ちなみに、封印の陣はこれ一つだけじゃにゃいぞ。{nl}この辺りの魔力の流れが全部メチャクチャなのをみるに、間違いなく他の場所にある封印の陣も{nl}深刻な状態ににゃっているはずだ。	참고로 봉인진은 여기 하나만 있는 게 아니다냥. 이 주변 마력의 흐름이 전부 엉망진창인걸 보면, 분명 다른 곳에 있는 봉인진들도 상태가 심각할 거다냥.				엘
QUEST_LV_0500_20260204_003237	吾輩もそこまでは正確に分からにゃい。{nl}だが、この周辺で起きている異常現象は全部コレのせいで間違いにゃい！	그건 나도 정확하게 모른다냥. 그렇지만 이 주변에서 일어나는 이상 현상들은 전부 이것 때문이 분명하다냥!				엘
QUEST_LV_0500_20260204_003238	(異常現象と関係あるなら調べた方が良さそう……)	(이상 현상이랑 관련 있으면 조사해보는게 좋겠어…) 				
QUEST_LV_0500_20260204_003239	次はどこに向かえばいい？	그러면 어디로 가면 되지?				
QUEST_LV_0500_20260204_003240	やはり話しのわかる奴だにゃ、お前は！{nl}カデュメルの絶壁へゆくぞ。{nl}吾輩のニャンセンサーがそこに強く反応している！	역시 말이 통한다냥! 카듀멜 절벽에서 내 냥센서가 강하게 느껴지고 있다냥! 				엘
QUEST_LV_0500_20260204_003241	におうぞ……非常に危険で大きな事件のにおいが……！{nl}吾輩が先に行って偵察しておく。{nl}お前も後からすぐに来るように！	냄새가 난다냥... 아주 위험하고 거대한 사건의 냄새가! 내가 먼저 가서 정찰하고 있을 테니, 얼른 따라오라냥!				엘
QUEST_LV_0500_20260204_003242	け、啓示者様……！ちょうどいい時にお越しくださいました……！{nl}ああ……きっと女神が僕に救いの手を差し伸べてくださったんだ……	오오, 계시자님! 마침 잘 오셨습니다. 여신께서 저를 도우시는군요!				마을 사제 아른타스
QUEST_LV_0500_20260204_003243	コホン……ぼく──私は、代々ここの守りを担っていた司祭として、{nl}急ぎ、古代の封印の陣の様子を見に来たところだったのです。	대대로 이곳을 지켜온 사제로서, 고대 봉인진의 상태를 점검하러 급히 오던 길입니다.				마을 사제 아른타스
QUEST_LV_0500_20260204_003244	封印の陣とは？	봉인진이라니요?				
QUEST_LV_0500_20260204_003245	はい。本来なら結界に遮られて目に見えないのが正常なのですが……{nl}近頃、村の近くであった不吉な兆候のせいか、隠されていた封印の陣が地上に現れてしまったのです。	네. 본래라면 결계에 가려져 보이지 않아야 정상입니다만... 최근 마을 근처의 불길한 징조 때문인지, 숨겨져 있던 봉인진들이 지상으로 드러나 버렸습니다.				마을 사제 아른타스
QUEST_LV_0500_20260204_003246	一体なにが封印されているんですか？	도대체 무엇이 봉인되어 있는 겁니까?				
QUEST_LV_0500_20260204_003247	古代のドラゴン「ズメイ」。{nl}今は伝説でしか語られていない非常に恐ろしい災厄です。	즈메이라고 불리는 고대 드래곤입니다. 지금은 전설로만 치부되는, 아주 무시무시한 재앙이지요.				마을 사제 아른타스
QUEST_LV_0500_20260204_003248	ドラゴン……まさかそんな存在が眠っていたとは。{nl}ここに来る途中、壊れた封印の陣を見かけました。{nl}ひょっとして、それと何か関係があるのでしょうか？	드래곤이라니... 생각지 못한 존재가 잠들어 있었군요. 안 그래도 오는 길에 훼손된 봉인진을 봤습니다. 혹시 그것과 관련이 있습니까?				
QUEST_LV_0500_20260204_003249	……すでにご覧になっていたのですね。……はい、まさしく。{nl}私もあの痕跡のせいで、どうしても不安が拭えず……{nl}だからこうして急いでいたところだったんです。	...역시 보셨군요. 맞습니다. 저도 그 흔적들 때문에 불안감을 떨칠 수가 없어 이렇게 서두르는 중입니다.				마을 사제 아른타스
QUEST_LV_0500_20260204_003250	それで、近くの丘に一つ目の封印の陣があって……{nl}状態を確かめに行かないといけないのですが……啓示者様！{nl}お願いします！一緒に行ってくれませんか？この通りです……！	계시자님, 부탁드립니다. 저와 함께 근처 언덕에 있는 첫 번째 봉인진의 상태를 확인해 주실 수 있겠습니까?				마을 사제 아른타스
QUEST_LV_0500_20260204_003251	そんな……！封印の陣が壊れて……	이럴 수가... 봉인진이 망가져 있군요. 				마을 사제 아른타스
QUEST_LV_0500_20260204_003252	それだけじゃない……啓示者様、これ、ただ壊されているだけじゃなく、{nl}封印の陣の核である紋様だけを狙って精巧に壊されています……！	게다가 단순히 망가진 게 아닙니다. 봉인진의 핵심이 되는 문양만 골라서 정교하게 파괴되어 있습니다. 				마을 사제 아른타스
QUEST_LV_0500_20260204_003253	どう見てもこれはモンスターによる仕業じゃありません……{nl}何者かが明確な意思をもって封印を無力化したってことになります……！	아무리 봐도 이건 몬스터의 짓이 아닙니다. 누군가... 아주 명확한 의도를 가지고 봉인을 무력화시켰다는 뜻입니다.				마을 사제 아른타스
QUEST_LV_0500_20260204_003254	啓示者様、事態は思ってたよりもだいぶ深刻です。{nl}急がなければ──────	계시자님, 사태가 생각보다 훨씬 심각합니다. 서둘러야...				마을 사제 아른타스
QUEST_LV_0500_20260204_003255	そんにゃに深刻なら、吾輩が手を貸してやろうか？	그렇게 심각하다면 내가 도와줄까냥?				엘
QUEST_LV_0500_20260204_003256	えっ、は？えっと……いま、猫がしゃべ……っ？	아니, 지금 고양이가 말을...?				마을 사제 아른타스
QUEST_LV_0500_20260204_003257	ンナァ～～♪吾輩は「エル」。{nl}今こやつを手伝っている非常に特別な存在である。	내 이름은 ‘엘’. 지금 이 녀석을 도와주고 있는 아주 특별한 존재다냥.				엘
QUEST_LV_0500_20260204_003258	お前がここの管理人という奴であろう？見れば分かる。{nl}さっさと次の封印の陣の状態を見に行った方がいいのではにゃいか？	딱 보니 네가 여기 관리자인 모양인데, 얼른 다음 봉인진의 상태나 확인해보는게 좋지 않겠다냥?				엘
QUEST_LV_0500_20260204_003259	ちょうど吾輩のニャンセンサーも封印の陣の位置を追っているしな。{nl}手を貸してやろう！	마침 내 냥센서가 봉인진의 위치를 쫓고 있으니, 도와주겠다냥!				엘
QUEST_LV_0500_20260204_003260	喋る猫だなんて……驚きました。{nl}でも、そうですね……その通りです。その言葉のおかげで目が覚めました。{nl}私としたことが……つい本分を忘れて心が折れそうになりました。	말하는 고양이라니... 놀랍군요. 하지만... 맞습니다. 그 말씀 덕분에 정신이 번쩍 듭니다. 제가 잠시 본분을 잊고 좌절하고 있었습니다. 				마을 사제 아른타스
QUEST_LV_0500_20260204_003261	それにしても……たしかに今まさに猫の手も借りたいほど切迫した状況ではありましたが{nl}まさか猫の方から現れてくださるとは。エル様……とおっしゃいましたか？{nl}厚かましいとは存じますが、そのお力をお借りしたいのです。{nl}どうか、私に力を貸していただけませんか？	지금은 정말이지 고양이 손이라도 빌려야 할 만큼 절박한 상황이었는데, 이렇게 제 발로 나타나 주시다니요. 엘 님...이라고 하셨나요? 염치 불구하고 그 능력을 빌리고 싶습니다. 부디 저를 도와주시겠습니까?				마을 사제 아른타스
QUEST_LV_0500_20260204_003262	私はもう少し欠けている封印の陣に残っている痕跡を調べてみようと思います。{nl}啓示者様はエル様と一緒に他の封印の陣の状態を視ていただけますか？	저는 손상된 봉인진에 남은 흔적들을 좀 더 조사해봐야겠습니다. 계시자님은 엘님과 함께 다른 봉인진의 상태를 확인해주시겠습니까?				마을 사제 아른타스
QUEST_LV_0500_20260204_003263	ふむ。やはり吾輩の予感は当たっていたようだにゃ。{nl}予想はしていたが、こっちの状態もかなりメチャクチャだ。{nl}何者かがかなり精巧に封印を一つずつ壊しているとみて間違いにゃいだろう。	흠, 역시 내 예감은 틀리지 않았다냥. 예상했던대로 상태가 영 엉망이다냥. 누군가 아주 치밀하게 봉인들을 하나씩 무너뜨리고 있는 게 분명하다냥.				엘
QUEST_LV_0500_20260204_003264	戻られましたか、啓示者様！{nl}その……エル様から聞いたのですが、二つ目の封印の陣も無様に壊されているというのは{nl}本当なのですか……？	계시자님, 돌아오셨군요! 엘 님께 이야기는 들었습니다만... 설마하니 두 번째 봉인진까지 처참하게 파괴되었다는 게 사실입니까?				마을 사제 아른타스
QUEST_LV_0500_20260204_003265	あああそんなぁ……{nl}誰かが意図的に結界を壊そうとしているのが、本当だったなんて……{nl}だとしたら、奴らの次の目標は間違いなく3つ目の封印です……！	아아, 이럴 수가... 누군가 의도적으로 결계를 무너뜨리고 있다는 게 사실이었군요. 그렇다면 놈들의 다음 목표는 분명 세 번째 봉인일 겁니다!				마을 사제 아른타스
QUEST_LV_0500_20260204_003266	結局……これすらもあっけなく壊れてしまうなんて……{nl}外部からの攻撃は防げたというのに、{nl}一体何が間違っていたんでしょうか……？	결국... 이것마저 허망하게 망가지다니.. 외부의 공격도 막아냈는데 도대체 무엇이 잘못된 걸까요? 				마을 사제 아른타스
QUEST_LV_0500_20260204_003267	シャキッとせい！しんみりしてる暇なんてにゃいぞ！{nl}はやく最後の封印の陣も確認しに行かんと！	청승 떨고 있을 시간 없다냥! 정신 차려라냥! 어서 당장 마지막 봉인진 역시 확인해봐야 한다냥!				엘
QUEST_LV_0500_20260204_003268	あ……！そそ、その通りです……{nl}私としたことが、ぼんやりしてしまいました……！	아... 아아! 맞습니다... 제가 잠시 정신을 놓았습니다.				마을 사제 아른타스
QUEST_LV_0500_20260204_003269	今やズメイの本体を抑え込んでいる封印の陣はこれだけです。{nl}これまで壊されてしまったら、本当に終わりです！{nl}啓示者様！エル様の言う通り、すぐに向かいましょう！	이제 즈메이의 본체를 억누르고 있는 봉인진은 하나 뿐입니다. 이것마저 깨진다면 정말 끝입니다! 계시자 님, 엘 님의 말씀대로 당장 움직이시죠!				마을 사제 아른타스
QUEST_LV_0500_20260204_003270	……まさかとは思ってましたが、やっぱりここの状態もまずいことになってますね。{nl}見てお分かりかと思いますが、封印の陣の光が消えかけています……！	...혹시나 했는데, 역시 이곳의 상태도 심상치 않군요. 보시다시피 봉인진의 빛이 꺼져가고 있습니다.				마을 사제 아른타스
QUEST_LV_0500_20260204_003271	怪我はにゃいか？	어디 다친 데는 없다냥?				엘
QUEST_LV_0500_20260204_003272	そ、そんなぁ……！最後の封印の陣が……！{nl}こんなに、あっけなく……っ！！	이, 이게 무슨…! 마지막 봉인진을... 이렇게 허망하게...!!				마을 사제 아른타스
QUEST_LV_0500_20260204_003273	く……っ、この凶悪なオーラは……！	크윽, 이 흉악한 기운...!				마을 사제 아른타스
QUEST_LV_0500_20260204_003274	たった今封印が解かれたばかりだというのに、もうズメイの魔力が山の麓を越えて、村の方まで広がっています！	 분명 방금 봉인이 풀렸을텐데도 벌써 즈메이의 마력이 산기슭을 넘어 마을 쪽으로 퍼지고 있습니다! 				마을 사제 아른타스
QUEST_LV_0500_20260204_003275	このままだと住民のみんなが危ない……！	이대로라면 주민들이 위험합니다!				마을 사제 아른타스
QUEST_LV_0500_20260204_003276	啓示者様、私と一緒に急いで村へ戻っていただけますか？{nl}みんなを避難させるのを手伝っていただきたいのです！	계시자님, 저와 함께 서둘러 마을로 돌아가 사람들을 대피시켜야 할 것 같습니다. 도와주시겠습니까?				마을 사제 아른타스
QUEST_LV_0500_20260204_003277	え！？こんな危険な場所にお一人で残るおつもりで……！？	네?! 이 위험한 곳에 홀로 남으시겠다고요?				마을 사제 아른타스
QUEST_LV_0500_20260204_003278	司祭様の言う通りズメイが封印から目覚めたばかりの状態なら……{nl}ズメイはまだ力を完全に取り戻してはいないはずです。	아른타스 님 말씀대로 즈메이가 막 봉인에서 풀려난 상태라면, 놈은 아직 온전한 힘을 찾지 못했을 겁니다.				
QUEST_LV_0500_20260204_003279	────倒すなら、チャンスは今しかない。{nl}自分がズメイを抑えている間に、司祭様は住民たちの方をお願いします。	지금이 놈을 쓰러뜨릴 유일한 기회입니다. 제가 즈메이를 붙잡아 두는 동안, 사제님은 주민들을 부탁합니다.				
QUEST_LV_0500_20260204_003280	……っ啓示者様……あなたは、本当に……	아... 계시자님... 당신은 진정...				마을 사제 아른타스
QUEST_LV_0500_20260204_003281	……っわかりました。愚かなのは私の方でしたね……{nl}目の前の恐怖に苛まれて、最も大事な機会を逃すところでした……っ。	...알겠습니다. 제가 어리석었습니다. 눈앞의 공포에 질려 가장 중요한 기회를 놓칠 뻔했군요.				마을 사제 아른타스
QUEST_LV_0500_20260204_003282	村のことは、私が命を懸けてお守りします。{nl}厚かましいお願いだとは分かっておりますが……この場所を、{nl}この地の運命を、あなたに託します！{nl}……どうかご無事で！	마을은 제 목숨을 걸고 지키겠습니다. 염치없지만... 이곳을, 이 땅의 운명을 부디 부탁드립니다! 무사하십시오!				마을 사제 아른타스
QUEST_LV_0500_20260204_003283	ほぉー？やるではにゃいか。	흐음~ 제법인데?				엘
QUEST_LV_0500_20260204_003284	まぁ、アルンタスは住民たちの方へ行ったことだし{nl}結局は吾輩たちだけで解決せんといかんな。	뭐, 아른타스는 마을 사람들을 챙기러 갔으니, 결국 우리끼리 해결해야 한다냥.				엘
QUEST_LV_0500_20260204_003285	啓示者。あそこで噴出している真っ赤な魔力の柱が見えるか？	계시자, 저기 뿜어져 나오는 시뻘건 마력의 기둥이 보이냥?				엘
QUEST_LV_0500_20260204_003286	あそこが、とぐろを巻いているズメイの巣だ！奴が力を完全に取り戻す前に、吾輩たちが先に行って鼻っ柱をへし折ってやろうぞ！	저기가 바로 즈메이가 똬리를 틀고 있는 둥지다냥! 놈이 힘을 완전히 회복하기 전에, 우리가 먼저 가서 콧대를 납작하게 눌러주자냥!				엘
QUEST_LV_0500_20260204_003287	ふむ……おかしい。吾輩の記憶では、ここは行き止まりの絶壁だったはず。{nl}どうやらズメイが暴れまわって、持ち前のムチャクチャな力で地形ごと踏み潰してしまったようだにゃ。	흠… 이상하다냥. 내 기억엔 분명 여긴 꽉 막힌 절벽이었다냥. 아무래도 즈메이가 몸부림치면서 그 무식한 힘으로 지형을 통째로 뭉개버린 것 같다냥.				엘
QUEST_LV_0500_20260204_003288	うぅ……毛が逆立つ！入り口からすでに{nl}とんでもなく凶悪で、熱い魔力が伝わってくる……！	으으, 털이 쭈뼛 선다냥! 입구에서부터 아주 흉악하고 뜨거운 마력이 느껴진다냥.				엘
QUEST_LV_0500_20260204_003289	奴が吾輩たちを待ち構えているのは間違いにゃい。{nl}腹をくくれ、啓示者！	녀석이 우릴 기다리고 있는 게 분명하다냥. 마음 단단히 먹어라냥, 계시자!				엘
QUEST_LV_0500_20260204_003290	にゃ……にゃにゃ……！？まさかそんな……！{nl}本当にあの災厄を倒したのか？信じられにゃい……！{nl}見事だ、啓示者！	냐아?! 세, 세상에나! 정말로 이 재앙을 쓰러뜨린 거냥? 믿을 수가 없다냥...! 진짜 대단하다냥!				엘
QUEST_LV_0500_20260204_003291	……運がよかっただけ	...운이 좋았을 뿐이야.				
QUEST_LV_0500_20260204_003292	運も実力の内だ！{nl}生き残った者が強いのだ！	운도 실력이다냥! 살아남은 자가 강한 거다냥!				엘
QUEST_LV_0500_20260204_003293	それはともかく、今は自分の心配をした方がいい。{nl}ほれ、お前の格好を見てみろ。{nl}毛────じゃなくて、服もボロボロで血まみれだ……	아무튼, 지금 네 꼴을 좀 보라냥. 털... 아니, 옷이 걸레짝이 되고 피투성이다냥.				엘
QUEST_LV_0500_20260204_003294	早く村へ行くといい！アルンタスが首を長くして待ってるはずだ。{nl}早く行って治療を受けにゃいと、そのうち倒れてしまうぞ！	 얼른 마을로 뛰어가라냥! 아른타스가 목 빠지게 기다릴 거다냥. 빨리 가서 치료부터 받아야지, 그러다 쓰러진다냥!				엘
QUEST_LV_0500_20260204_003295	君は一緒に行かないの？	너는? 같이 안 가?				
QUEST_LV_0500_20260204_003296	ンナァ～。吾輩は後処理をしにゃいといかんからな。{nl}ズメイが残した不穏な魔力が周辺を汚染しにゃいよう、ちょいと片付けをせねば。{nl}ちゃんと後から向かうから、心配しにゃいで先に行くといい！	난 뒤처리 담당이다냥. 즈메이가 남긴 불길한 마력이 주변을 오염시키지 않게 정리 좀 하고 금방 뒤따라가겠다냥. 걱정 말고 먼저 가라냥!				엘
QUEST_LV_0500_20260204_003297	村の騒動(1)	마을의 소란 (1)				
QUEST_LV_0500_20260204_003298	村の騒動(2)	마을의 소란 (2)				
QUEST_LV_0500_20260204_003299	救出と出会い(1)	구출과 만남 (1)				
QUEST_LV_0500_20260204_003300	救出と出会い(2)	구출과 만남 (2)				
QUEST_LV_0500_20260204_003301	接近(1)	접근 (1)				
QUEST_LV_0500_20260204_003302	待ち構えている猫に手を伸ばす	기다리고 있던 고양이에게 손을 내민다				
QUEST_LV_0500_20260204_003303	接近(2)	접근 (2)				
QUEST_LV_0500_20260204_003304	(ついていく)	(따라간다)				
QUEST_LV_0500_20260204_003305	壊れた封印装置(1)	고장난 봉인 장치 (1)				
QUEST_LV_0500_20260204_003306	壊れた封印装置(2)	고장난 봉인 장치 (2)				
QUEST_LV_0500_20260204_003307	この封印装置は一体なんなの？	이 봉인 장치의 정체가 뭔데?				
QUEST_LV_0500_20260204_003308	一つ目の封印	첫 번째 봉인				
QUEST_LV_0500_20260204_003309	二つ目の封印	두 번째 봉인				
QUEST_LV_0500_20260204_003310	三つ目の封印	세 번째 봉인				
QUEST_LV_0500_20260204_003311	四つ目の封印(1)	네 번째 봉인 (1)				
QUEST_LV_0500_20260204_003312	四つ目の封印(2)	네 번째 봉인 (2)				
QUEST_LV_0500_20260204_003313	四つ目の封印(3)	네 번째 봉인 (3)				
QUEST_LV_0500_20260204_003314	解かれてしまった封印(1)	풀려버린 봉인 (1)				
QUEST_LV_0500_20260204_003315	いえ、司祭様は村へ戻ってください。自分はここに残ります。	아니요. 사제님은 마을로 가십시오. 저는 이곳에 남겠습니다				
QUEST_LV_0500_20260204_003316	解かれてしまった封印(2)	풀려버린 봉인 (2)				
QUEST_LV_0500_20260204_003317	悪い猫	나쁜 고양이				
QUEST_LV_0500_20260204_003318	ライマの聖域で異常現象について聞く	라이마의 성소에서 이상현상 전해 듣기				
QUEST_LV_0500_20260204_003319	女神ライマの神託を授かりました。スベンティマス流刑地から聞こえてくる住民たちの苦悶と、その地を脅かす不穏な意志を調査するため、現地へと向かわねばなりません。	라이마 여신의 신탁을 받았습니다. 스벤티마스 유형지에서 들려오는 주민들의 고통과 그 땅을 위협하는 불길한 의지를 조사하기 위해 현지로 이동해야 합니다.				
QUEST_LV_0500_20260204_003320	司祭カレイムスの要請で周辺を調査	사제 칼레임스 요청으로 주변 조사				
QUEST_LV_0500_20260204_003321	現場に到着し、司祭カレイムスに合流しました。彼はモンスターの襲撃と地震によって世界の終焉が訪れたかのように、恐怖に震えています。まずは周辺のモンスターを掃討し、村の安全を確保しなければなりません。	장에 도착해 사제 칼레임스를 만났습니다. 그는 몬스터의 습격과 지진으로 인해 세상의 종말이 온 것 같다며 공포에 떨고 있습니다. 주변의 몬스터를 처치하여 마을의 안전을 확보해야 합니다.				
QUEST_LV_0500_20260204_003322	失踪した住民の捜索	실종된 주민 탐색				
QUEST_LV_0500_20260204_003323	司祭カレイムスが帰ってこない村の住民を心配しています。万が一の状況に備え、一度様子を見に行ったほうがよさそうです。	사제 칼레임스가 돌아오지 않고 있는 마을 주민을 걱정하고 있습니다. 만약의 상황을 대비해 한 번 찾아보는게 좋겠습니다.				
QUEST_LV_0500_20260204_003324	正体不明の猫を追う	정체 모를 고양이 따라가기				
QUEST_LV_0500_20260204_003325	アルギスに教えられた場所で一匹の怪しげな猫を見つけました。モンスターが蔓延る危険な場所であるにもかかわらず、逃げ出すどころか、この猫はまるであなたをどこかへ案内しようとするかのように、先を歩き始めました。	아르기스가 말한 곳에서 수상한 고양이를 발견했습니다. 몬스터가 들끓는 위험한 곳임에도 도망치지 않는 이 고양이는, 마치 당신을 어딘가로 안내하려는 듯 앞장서기 시작합니다.				
QUEST_LV_0500_20260204_003326	怪しげな猫があなたを待っています。	수상한 고양이가 당신을 기다리고 있습니다.				
QUEST_LV_0500_20260204_003327	エルについていく	엘 따라가기				
QUEST_LV_0500_20260204_003328	エルの勘を信じて移動してみましたが、どうやら目的地はここではないようです。	엘의 감을 믿고 이동했지만, 목표 지점은 이곳이 아닌 모양입니다.				
QUEST_LV_0500_20260204_003329	封印の痕跡を調査	봉인 흔적 조사				
QUEST_LV_0500_20260204_003330	封印の痕跡を調査していたところ、エルが突然作動した装置に閉じ込められてしまいました！敵味方の区別なく作動していることから、故障しているのは間違いありません。押し寄せるモンスターを掃討し、エルを助け出しましょう。	봉인의 흔적을 조사하던 중, 엘이 갑작스럽게 작동한 장치에 갇히고 말았습니다! 피아식별 없이 작동하는 것으로 보아 고장 난 것이 분명합니다. 몰려오는 몬스터를 처치하고 엘을 구출하세요.				
QUEST_LV_0500_20260204_003331	エルと会話する	엘과 대화하기				
QUEST_LV_0500_20260204_003332	助け出されたエルは文句を言いながらも、重要な情報を教えてくれます。こうした封印装置は一つや二つではなく、これらの装置の誤作動こそが、一連の異常現象の原因かもしれないというのです。	구출된 엘은 투덜거리면서도 중요한 정보를 건넵니다. 이런 봉인 장치가 한두 개가 아니며, 이 장치들의 오작동이 이상 현상의 원인일 수 있다는 것입니다				
QUEST_LV_0500_20260204_003333	村の司祭アルンタスと会話する	마을사제 아른타스와 대화하기				
QUEST_LV_0500_20260204_003334	村の司祭アルンタスの要請を受け、古代の封印の陣の状態を確認します。現場に到着してみると、封印の陣には魔物の攻撃ではなく、何者かによって内部から故意に破壊した痕跡だけが残されていました。	마을사제 아른타스의 요청으로 고대 봉인진의 상태를 확인합니다. 현장에 도착해보니 봉인진은 마물의 공격이 아니라, 누군가 내부에서부터 고의로 파괴한 흔적만이 남아있었습니다.				
QUEST_LV_0500_20260204_003335	封印の陣の確認	봉인진 확인				
QUEST_LV_0500_20260204_003336	エルの鋭い勘のおかげで、魔物たちが押し寄せていた二つ目の封印の陣を発見します。	엘의 날카로운 감 덕분에 마물들이 몰려들고 있던 두 번째 봉인진을 발견합니다.				
QUEST_LV_0500_20260204_003337	啓示者とエルが帰還すると、アルンタスが焦燥した様子で結果を尋ねてきました。	계시자와 엘이 복귀하자, 아른타스가 초조하게 결과를 묻습니다.				
QUEST_LV_0500_20260204_003338	まだ終わったわけではありません。アルンタスと話をしてみる必要があります。	아직 끝난게 아닙니다. 아른타스와 대화를 해봐야합니다.				
QUEST_LV_0500_20260204_003339	これで残った封印の陣は一つ。ズメイを抑え込んでいる最後の封印の陣は死守しなければなりません。	이제 남은 봉인진은 단 하나. 즈메이를 억누르고 있는 마지막 봉인진을 사수해야 합니다.				
QUEST_LV_0500_20260204_003340	モンスターたちを無事に退けました。ですが、まだ安心はできません。	몬스터들을 무사히 막아냈습니다. 하지만 아직 안심 할 수 없습니다.				
QUEST_LV_0500_20260204_003341	村の司祭アルンタスと会話する	마을사제 아른타스와 대하하기				
QUEST_LV_0500_20260204_003342	村の司祭アルンタスが住民たちを避難させている間、啓示者とエルの二人だけでズメイを食い止めることにしました。	마을 사제 아른타스가 마을 사람들을 대피시키는 동안, 계시자와 엘은 단둘이서 즈메이를 막아보고자 합니다.				
QUEST_LV_0500_20260204_003343	ズメイとの戦い	즈메이와 전투				
QUEST_LV_0500_20260204_003344	長きにわたって封印されていた恐ろしい竜がついに目覚めました。このまま放置すれば、力を回復し、甚大な災厄となって世界の脅威となってしまうでしょう。	오랫동안 봉인되어 있던 무시무시한 용이 깨어났습니다. 이대로 놔두었다가는 힘을 회복하고 엄청난 재앙이 되어 세상을 위협할 겁니다.				
QUEST_LV_0500_20260204_003345	エルとバウバスの密談	엘과 바우바스의 밀담				
QUEST_LV_0500_20260204_003346	残ったエルは本性を現し、息絶えたズメイをあざ笑います。	홀로 남은 엘은 본색을 드러내며 죽은 즈메이를 비웃습니다.				
